filename,label,chroma_stft_mean,rms_mean,spectral_centroid_mean,spectral_bandwidth_mean,rolloff_mean,zero_crossing_rate_mean,tempo,energy,danceability,mfcc1_mean,mfcc2_mean,mfcc3_mean,mfcc4_mean,mfcc5_mean,mfcc6_mean,mfcc7_mean,mfcc8_mean,mfcc9_mean,mfcc10_mean,mfcc11_mean,mfcc12_mean,mfcc13_mean,mfcc14_mean,mfcc15_mean,mfcc16_mean,mfcc17_mean,mfcc18_mean,mfcc19_mean,mfcc20_mean
blues.00000.wav,blues,0.354901424590337,0.1072347139765763,2079.5377076201385,2324.1453741534447,4018.0463188468325,0.0814879456457623,117.63370252405913,0.6113947783322328,0.7176526651684741,-148.37231986924212,118.60974692156262,-11.397189260710771,30.725886814698104,-10.739840733973393,9.825246502460901,-9.686862587722917,6.961506638996728,-4.057258002214178,5.275927773436367,-8.236911104005873,10.396946306764661,-3.677328901459607,5.202584614063771,-6.274244558640371,2.366851826424452,-1.6672322308704017,-0.4529807322669086,0.12709405503701587,0.19808393024358506
blues.00001.wav,blues,0.33124918750620175,0.09796586775541206,2320.4556369017873,2047.570499547172,3729.801174865435,0.09733817368154785,95.23325080023181,0.5667090876003805,0.5591411843068804,-153.9845581466953,120.59058370760737,-7.784600260013769,30.51410484356991,-5.346944847164721,14.096688913232134,-12.435565971102282,7.840467374815875,-6.381916312879363,11.171366678656748,-2.9691451312946158,0.7108795339117986,-2.027748091815615,3.8447531587510504,-4.030766000917876,5.835028866522604,1.0929985674878528,5.7938403573485955,-3.5176525696679155,1.0723628724463563
blues.00002.wav,blues,0.3499379029421069,0.12951090254244718,1854.165152430942,2016.581384200513,3712.78275909789,0.06705690063878994,111.50020657915358,0.6584992022856659,0.7145252685928092,-146.98940130632394,121.0849080751429,-11.935359263815373,31.084186816525243,-0.3858903006020924,14.892521882670145,-3.306069032557981,2.1407646877307673,-2.5342924868743286,8.261141204714514,-4.897022051397602,6.275282329606507,-8.962706743802679,4.340984336487464,-0.9286622854647608,8.433682134224547,-3.554810654820942,0.5745191913204373,-2.5052711307536097,4.746206353106222
blues.00003.wav,blues,0.34986253328979056,0.09940479592465923,2052.653486622671,2067.4739588826474,4439.025746686511,0.07446920359183973,102.37870282721785,0.5186313477494274,0.610744388195461,-149.11163916880628,120.78316581653966,-9.984659630072617,29.29623859987456,-9.246112226151244,13.738064031703923,-9.028143549580308,7.593168192335144,-5.483857134998027,9.212152570443616,1.6585577036315904,6.523733438495517,-2.227348827831707,4.776662252701499,-7.756313645897125,3.9204583736523495,-1.8193093701769207,10.389726337455858,-1.5770828943433677,2.9046420270008375
blues.00004.wav,blues,0.3389586469088427,0.08662643924760936,2178.564562903004,2185.347945883619,4376.861181465067,0.07135918817807892,116.22235448748879,0.4378519149766176,0.7651766840180964,-143.42863312257006,117.02839102460794,-11.698893188808317,30.298954095262925,-6.510426962348598,10.348009706801601,-7.794311075581918,6.813088858821685,-3.579222708094455,5.24172729729859,0.6498032150526178,3.650240122991289,-3.9661845486170266,7.44055165210901,-5.692592949301866,4.682379803812388,1.921428262847284,-1.8224497036836826,-0.44609842440308733,2.7796483827452705
blues.00005.wav,blues,0.36345468615331933,0.08526098578243836,1685.9086773831448,2143.9494818110416,4203.944635631615,0.08875739275518815,107.7715856759758,0.4955980222737208,0.7157561311429594,-149.12078258010396,117.8569457459209,-4.4026764665657305,31.42149876273536,-8.573910491607947,16.96966082590149,-10.924045010681965,12.361253811227357,-1.5242132629777876,5.537953044944869,-1.1098716122670345,7.238342780809495,-0.5338195200165301,10.690378947961843,-2.7361643480086117,1.738791506927531,-4.66854328887657,0.5525691451036852,-1.2313051282423126,3.023455924449932
blues.00006.wav,blues,0.3483007239799006,0.12654366498072048,1952.6003783755814,2311.636133888317,4007.370108366715,0.1258025374988443,110.00533878212005,0.48142739548669744,0.6589753955298945,-148.55258275427045,119.32961164402245,-7.857998517723724,31.419712873720634,-5.218486737970618,12.459618845794786,-12.544541674057594,8.660455143798936,-2.430803617029583,8.642281232390612,-7.737216336135964,6.519542777553546,-1.8440478608134896,2.348427691396601,-1.5388246821634164,4.174626155337999,-5.428910893491869,4.07336208104485,0.6823535791047033,5.2491537295258315
blues.00007.wav,blues,0.3716140615610471,0.08244661264085817,1762.4349920169755,2142.706348097559,4279.825082819273,0.09272571529459073,135.82185192523778,0.5956712408554534,0.8661102267286716,-147.1379947095204,121.95417375391739,-10.945807733921036,32.276907661479804,-7.318475643612715,14.289544179779973,-9.456090643487311,10.245622418158968,1.943975700020526,2.3982044222247563,-1.9412194288764595,1.161852386431045,-4.4157955973683,8.266851790902098,-1.8071599427136116,0.7667656662120814,-4.145911127779905,5.038793246804028,-3.1910998951514102,2.6493757687459247
blues.00008.wav,blues,0.3413671551971144,0.09696799304788366,2378.788817865065,2164.105424017242,3391.2000946698377,0.08779681472154142,99.70570828185289,0.6181946667836979,0.6342703691353133,-150.3442093244007,121.51496183694137,-7.4027344174896355,26.39911077883267,-6.003503707522845,13.575164066517132,-9.959987697721136,15.296362720843291,-3.7850548671171333,4.217348136994865,-1.2464141588356719,12.3664685910379,0.09739578165344032,0.4418901021379593,-3.452702218598754,7.800733447559868,-4.123008396856342,4.3314582844386855,1.3239021602880103,-0.780791414734249
blues.00009.wav,blues,0.33821423931814604,0.04517465319861855,1745.122471733142,2004.537732749231,3663.2758863123026,0.10948616955897453,93.55886897631494,0.5147964410642414,0.6573827875254855,-145.67618013280165,115.69241354646168,-6.510508743535121,30.03069918305876,-7.944525953143852,16.386310422789812,-7.40282091327959,8.199349368523617,-4.790593745029943,6.84405920941472,-3.659447964246256,7.98639202356314,1.7580504484360562,1.2865535035194529,4.3991001239688,-1.8562633985675054,-2.4553552851067497,4.764951619453729,-0.1570243967949021,0.13190144053821862
blues.00010.wav,blues,0.33375633248928177,0.10013998130682335,1832.1270486111578,2202.9283774637843,4224.9554200877665,0.07460635607109019,112.19679900346601,0.5745839616701288,0.7613811022049456,-148.11111347422917,117.51301496723379,-11.680543120590908,32.24188081536978,-3.1688892036996057,14.937295218107556,-7.648017850073654,13.832994687365275,-6.77471416650749,9.641292143510114,-4.606577957301682,5.346956390318339,0.2963305559615703,7.47624904696409,0.44052890800191546,7.916436421462987,-1.9369884751017228,5.045858913884892,-1.9308002697803681,2.9724990574653263
blues.00011.wav,blues,0.3360957083689695,0.11193991929985436,2069.0314050873826,1902.720277017975,4832.335546489911,0.06990973927750448,95.28649109769815,0.6426488698800055,0.6969074763145148,-148.12764054884354,121.88503652779283,-10.036740318540744,27.308236885542506,-4.772586325418821,12.968514865463664,-5.074640799746747,9.558827855493584,-7.476491590377535,7.03584247504102,-2.761205637173127,4.308826341588076,-5.4666611866992945,5.731061634475737,-1.2651002866738317,2.4791704738866107,-3.413114916854968,3.6961498120729086,-5.344253024491972,-2.2223913231296653
blues.00012.wav,blues,0.31844667336242694,0.10573105696576306,2012.1815131196008,2315.5641190509195,4400.180868120707,0.0826009220505486,104.84787033677848,0.46979765082897534,0.6922538569632998,-150.86597591676042,120.96815568101427,-12.481692830656968,31.558039542723517,-0.4017832609922669,14.673719554629427,-6.794864833703175,12.070431975133339,-6.203661415657509,8.67227744543125,-3.9622227976546154,6.293028295646495,-5.3190293515663996,5.073530522776828,-0.5060051262636507,8.353430823385125,0.8778124782556205,9.459547372534669,-3.3020426886641485,4.6169619101620345
blues.00013.wav,blues,0.3455002601721506,0.15379605866435345,1788.3403429289697,1898.8500684074602,3890.212574094592,0.053141564135352905,100.79395982655392,0.4892693870757042,0.6854970386733875,-148.97473207266853,125.62851251764766,-7.148728485441849,28.26928903301279,-7.695244014045073,16.47575751451952,-11.960699621061927,15.494376297563061,-1.4616796378361387,6.592473043685885,-9.139403587272632,10.061617122496239,-3.3436195357578535,8.713448935920386,-6.783282976383101,2.2018749311386814,-1.9842689008454506,3.140941781294226,-2.3501964144377308,3.8685497970424962
blues.00014.wav,blues,0.3079713871185222,0.10715241029957413,1974.0591263423798,2142.5989901305747,4349.065207331111,0.06813036862243196,92.72708663411503,0.6522141457518807,0.6643422754769108,-152.24545960966967,124.65345592656757,-9.652976097121424,33.53789155219148,-4.797444555769673,21.18224377464596,-2.7339774726703867,9.25310755456278,-2.085287147136934,9.936127848755444,0.10589467259704577,3.1052296182596866,-0.9418456200046821,8.175273460548762,-7.276218459269343,0.45022446200267474,-8.117696533280302,2.1917794966663267,1.1526267673878872,6.5070711562880845
blues.00015.wav,blues,0.3422228434125933,0.14257231091142583,1673.9797083570218,1743.3911609160723,4080.5583053861833,0.09076098173408961,104.73844201524726,0.38460463199680994,0.6883131555815377,-153.91340850151457,122.00901764649012,-8.900205261709456,27.180360641017934,-6.541600752010081,11.822359434333144,-8.188037291819516,12.865426961503715,-7.957178139006631,9.512139546553533,-5.590772855117322,3.6213815032129677,-3.3210910798636735,1.8942730327418777,-3.660947916041546,0.40636632223345437,3.8941753987491676,3.105790655915186,-3.0991765239777567,2.6419397322026663
blues.00016.wav,blues,0.33663015850927513,0.10558060800933554,2072.833340008685,2186.351387808515,3914.3245983363154,0.0763627263903298,102.79958642278685,0.36584630682115327,0.609738895975523,-145.89937719766644,124.93490314050385,-10.747108118669136,31.7296708891673,-4.066249536369392,24.236642425365712,-4.64127526569627,9.6162472255577,-7.8666213218012775,3.1806610392272825,-3.389609092398331,3.73094776414709,-7.266761128793022,3.0602813472724204,-5.244644010843185,9.061424905217695,0.6449192708483515,2.976082076050148,3.439832416670077,2.232104922942855
blues.00017.wav,blues,0.3141614739601521,0.14046248154539315,2057.782008736932,1863.295692221238,4033.381462670737,0.07186572619922865,93.93760215228531,0.6240942038025313,0.7477368400945763,-154.19570272145742,121.68890771007172,-11.951927707365481,28.53862384870591,-6.777181772716608,12.408027690960552,-7.854435116165519,7.507149650766887,-4.1886295226604835,7.849285671652589,-4.716844140599229,3.2773090138752066,-4.730313991704998,7.266173677477268,-0.49724843712685773,1.0673342656043467,-1.7020030837123223,5.2541613701153675,-6.008215843364115,3.6300805771398053
blues.00018.wav,blues,0.32012128723162464,0.12141197337186319,1797.3481686914965,1725.1212218803867,3530.360146740893,0.08572127419992073,107.07778001377186,0.47765466999164735,0.7334712979905131,-154.98456018680687,119.80176060405805,-13.63304859928737,28.044491676593523,-4.857803986050758,12.418759904148143,-9.153666632689475,13.018878427643322,-6.730675608569446,10.507076336195425,-7.389120563972854,7.589412533745849,1.324705861973701,-2.414933500381868,-4.39068576641143,5.7312163815416195,-2.609136158128978,4.113437620113927,-2.811955560147462,2.2597693624187
blues.00019.wav,blues,0.3353296829382376,0.13335564123319615,2000.8841686602427,2110.7684791735364,3955.8430618571365,0.0776859066389126,101.53953449744303,0.5815561713902638,0.6597240303243982,-149.13067542931077,126.22620239593631,-7.3866258897049235,29.021929403496475,-1.3963582335081655,13.775773880935345,-14.114373605533562,6.975741067247788,-10.612375763077567,6.945459547876074,-3.944744862431345,11.029311936825849,-2.0192178787075123,4.342698413573407,0.4882167435504674,-2.633405927023656,-1.2931563256743022,5.312595581660901,-5.435758737339524,5.431262129620787
blues.00020.wav,blues,0.3501548922248324,0.10169424172198398,2076.5563732212568,2458.7247144047915,4163.653189270473,0.08872330879450505,101.32511280367805,0.4820124504428167,0.7214859638410049,-152.5682514777266,120.21469871165817,-11.43297234029535,31.436939477239175,-3.9990136841391553,18.112619832773696,-9.53004919656424,9.190375194119886,-7.936291147346922,6.6671202197716655,-2.8680985208654435,8.270965849936056,-5.766495972532876,7.608817760316981,2.066913576414853,5.240304709671102,3.630387437674198,0.6786324026892809,-4.733964109934251,-3.336160746712836
blues.00021.wav,blues,0.3848813293446755,0.12308731312708115,1938.883065817909,2100.3943527375677,3706.0788334455683,0.1216862796942524,106.03376945580182,0.5587515835683915,0.7339149666541914,-148.55697230478987,120.67165207283739,-12.371423366335936,31.414405071407987,0.6460734894251008,19.036260138464932,-3.2204401200818094,8.466352970706446,-7.968814460775743,7.622639239701056,-3.832825263133916,9.282574555412847,-8.077393889144458,9.588650958381841,-2.4740236957369683,2.71935679015774,-5.036313125780502,-1.9645700155973085,1.4695117518857437,2.2199539015652117
blues.00022.wav,blues,0.30130117300776843,0.08409842455872768,1882.8430601419743,2350.4238745520906,4009.1430270227384,0.062452855703228415,103.03405548731244,0.5281821144201864,0.551533375930343,-150.16288459955345,119.30719640937397,-7.911380905559745,35.54686828483604,-1.6203049113567278,14.193333928335509,-11.319577726225011,17.72007940974958,-4.822344697956535,8.041787875738839,-4.07237526133001,6.594254282303565,-3.4330812357718274,3.2790139793592914,-3.6405768237211764,3.901740189352005,-3.630274313401295,0.8614626519685071,-0.6807093169243095,1.2350683477374342
blues.00023.wav,blues,0.38511978965748067,0.05698060383213976,2168.301370384492,2274.2953346495733,3374.313418657148,0.07985968608879478,102.02847307203366,0.43739906442257437,0.6437159396405825,-153.3317275363975,125.25681133027086,-7.192964820557616,33.814665284982475,-2.8349838078702945,11.612844686348312,-9.57356079883932,11.468123683683753,-8.666383426675836,10.138995290517164,-4.720976194474405,4.875537577351207,-0.8671200953895255,6.33278993445812,-3.08289849745724,7.477989410092745,-5.2431899827996915,4.847806820832791,0.7793037739051512,1.071360682058029
blues.00024.wav,blues,0.34978399066726357,0.08497772847229394,2134.80540384138,2016.717615440262,3917.046942818336,0.10073513838755335,99.36525047565793,0.43732309629091526,0.594788230607522,-148.18197014596308,116.15871194251115,-4.735617454046906,23.754211776348832,0.08936910487011485,15.633052401607856,-8.290139335611178,8.365242739573151,-3.8025916569437874,7.887095892725455,-0.6900943539504354,6.342682945986119,-2.549094715614367,3.9091633633584326,-2.1708368711632025,4.923405306676178,-7.1305051779698765,-1.044556266317139,1.229792282068145,2.5125963143838255
blues.00025.wav,blues,0.33448049990941964,0.11036867866130787,2019.5163410723342,1952.8432575443148,3827.5933461091904,0.08793767882646523,97.17301777907974,0.5826602204571578,0.579269636459657,-146.91253308802308,121.41779244723912,-9.231910797058372,32.948072951836544,-0.003576666612270074,18.043110195054393,-13.522622693994936,6.161269099792896,-6.874455733087037,8.078273150632501,-2.4470229385926308,3.822768560539603,-2.439699706568765,2.7338512029400324,-3.834553408975845,-0.2199832905446666,-4.769699738332713,-1.055053816849001,-3.927619758931998,5.160925389823518
blues.00026.wav,blues,0.31151803333504174,0.1626476412967478,2048.6635801761777,2083.270502265077,3799.5747769365753,0.09550464819113488,100.39489739009781,0.559760785171629,0.8044850921263065,-150.28817969917395,123.44781997885703,-12.109529275377662,29.895034528509115,0.3124019069065298,13.119098826636698,-2.5626543260092136,12.123255806366426,-6.687400327682803,9.897223217166562,-1.0823366511198103,7.865429886651589,-7.7106741596713695,2.818588472525394,-2.7425559066545144,3.776699712699861,-0.13798370734796617,3.5331030027997614,-5.006033076130304,3.1405935530178897
blues.00027.wav,blues,0.3583175723585147,0.1211958089586208,2166.156145110924,2200.1059878188025,4260.713027729953,0.0839475143281203,91.71231253187207,0.5843694575306069,0.6543055563526758,-149.18526348841388,116.16975427253907,-13.243169621224787,33.15945855999871,-5.118665461569965,17.044502092117874,-7.915044871608616,10.089268418487235,-2.185148582072007,6.451865815347878,-3.71163766917705,4.613174133884873,-4.303488682296947,4.072483629594082,-1.3335986850988615,2.5637541350095683,1.7672683767205624,0.31617809334148816,-1.5606149324840772,0.6808068251774753
blues.00028.wav,blues,0.383409336530612,0.1139310955302315,2156.368907893727,1782.599132853345,4193.467593054241,0.09834446193435156,105.6582719142034,0.6352384300052282,0.670354097173244,-145.77195767944326,126.89669437085774,-11.088515681318977,28.663492435797686,-0.639846568646897,19.73871643719214,-9.568580081459805,8.73943954871243,-5.845353826581522,3.966648466897169,-6.755955839452595,2.987577699743796,-5.303392695312385,4.895945337839656,-1.2973558023904377,8.651501478442231,-4.995062122216373,5.952967195429752,-1.641966532676527,1.8516088710427012
blues.00029.wav,blues,0.36024458476499815,0.08754555956875403,2026.4819492368101,2079.96139747835,4272.357942402852,0.08933752965861727,124.64240111928716,0.49898080125989475,0.7408591564472359,-151.8694215792743,118.33356864251924,-11.912161381919553,33.56704959332266,-0.7384872560304352,13.287761118751572,-10.497066719312686,11.414246669159212,-6.6566691328429135,9.898795453266532,-3.391230937446101,1.4527676550083042,1.6425156039901854,10.387633019286564,-3.8383660714531587,2.8368953201920473,-1.142403827825285,4.003370369961075,0.9756328180184912,8.03061361629905
blues.00030.wav,blues,0.33469158317517855,0.09403405510923092,1674.1361543970945,1918.4325928104545,4088.405559494171,0.11191836795276683,100.85910960771062,0.5679030361311119,0.6774005162252773,-146.43482017965576,127.58079727762086,-11.592606318760962,28.531681672445334,-1.8675173687927842,17.045674468878936,-2.4598780227918997,11.751784555977892,-6.077876272361179,9.771964492076927,-0.6738892582512768,8.461446543592093,-1.478177906678107,8.200024068767462,1.5078867713370183,8.14647697311258,-0.05387033723107204,2.498645759049437,-0.5598589407000315,5.61952689952507
blues.00031.wav,blues,0.31549192987038294,0.11737346617745803,1871.3322375345278,2055.174068128267,4547.458151912555,0.08786648602029856,105.37149238524918,0.4412115087216065,0.7324557747460454,-148.06354745657677,126.48976416991638,-10.923334704859002,30.65745098299182,-4.2518489488677345,19.732359839290424,-8.285886597160856,10.837064577311018,-3.1763104708503827,8.559827369469074,-5.339300843651585,6.582269978694923,0.22089524957931594,1.9204541017668193,-1.601090977559372,1.8996375551824802,1.5851398867745274,-1.569560714351324,-2.676765541814765,3.131635625193563
blues.00032.wav,blues,0.38696572087703024,0.10868499477854024,1838.9600946613602,2388.608272499306,3593.1951348543143,0.05201791065069878,108.52011560042666,0.5098356620517912,0.6558887926450643,-147.87493065810193,120.7314021413136,-11.692235892210185,26.159086803987318,-2.382628015159566,16.950603533875984,-8.297527591338149,15.539910988142998,-8.210254298978459,3.423424487225784,-6.075724209643733,5.8632419509335065,-2.2699816520319245,4.27629182643101,-0.9438338104571096,0.2453817274286676,2.331293812219778,2.7535464648222936,2.351887494764383,3.0281760391331125
blues.00033.wav,blues,0.35370259657461356,0.12139534560464407,2039.541712003463,2165.690096776158,4565.203385546351,0.08794781754552206,110.6720300607081,0.5428211444570219,0.7870259735001289,-152.0291769061778,125.40282129873245,-10.12047385193303,25.707674693645856,-4.615686755267632,12.956845027575358,-5.478069353033828,8.042128062092827,-6.338550299644339,2.331377807163407,-5.35691895774723,-1.2716379798868704,-7.75170847045717,7.281243968432892,0.3574004759524967,5.276372685354894,-4.900928429387639,2.8568659315740605,-1.0108076172717053,-1.4750940675776283
blues.00034.wav,blues,0.38510194905301454,0.12754724581151344,1905.8071652340673,2054.8394510190155,4172.933982781643,0.05437397697363565,103.02258093983522,0.49544126016017614,0.6362536780296363,-150.84330087865786,125.39305958054857,-8.077471416198971,28.28646303065161,-3.2822516559315242,19.198066309758005,-5.226098951261694,10.178891109760523,-6.940810333116722,10.09466994084077,-2.8195438437347513,8.685579660083196,-1.0944845949540913,8.148658145958006,-3.605705634681704,7.952182196902977,-1.407201185922801,9.225782617875797,-3.0675634542687034,7.207891409495748
blues.00035.wav,blues,0.34593732350387946,0.09697163992771103,1853.2228331891356,1992.3374845250223,4248.458081240671,0.0928425323205325,100.41039996849136,0.5480516326191214,0.7836525178124357,-144.81737048969788,121.3089710090221,-9.885989565495398,30.360093980154783,-3.15944608180875,11.931622304404783,-8.772129612270035,4.994247778367232,-3.8023306321841623,9.941587819108223,-5.449559386898122,10.721960289870099,-6.677296989007024,0.6068753593705392,-1.3266445443200838,7.141294907836464,3.0517830743736063,1.62334721139318,2.2360425002938866,1.8844745914978784
blues.00036.wav,blues,0.33482118100177544,0.12767319874973346,2080.464575682684,1766.249411742835,4616.789122404063,0.10570137031221177,99.99549838792376,0.5816642826749928,0.699684628268851,-149.21797870252828,118.34908453846374,-12.014870103814154,29.923337787025662,-1.481812942221906,16.630800463783295,-9.111842996258318,12.315096131945033,-13.545627861890226,11.446297101116311,-9.2191413363343,4.912677175790604,-6.359009683878432,1.115955572837283,1.4824803621355582,2.596896396064326,-0.9604883548078527,2.859238263362448,0.4311224816693644,2.230465673180766
blues.00037.wav,blues,0.30151023327434295,0.1299253363889428,1851.2486833677376,1769.815258241245,3950.1596936619308,0.10751139685951466,111.80177393690795,0.5221078292473713,0.7017937670474833,-150.96490515365215,126.23024395068252,-8.85419364330534,31.290124941573207,-1.9091496379044735,15.71636747707954,-8.77712643746211,9.410950452745066,-5.214803778242191,7.8883332904704755,-1.8171113690890603,6.155837657421898,-0.8020797683532623,4.757850259674253,-1.7640944290517282,-1.9946020535963225,0.7489830241074444,4.039465427693978,1.9940303295789565,-6.688766134581067
blues.00038.wav,blues,0.4026512411434219,0.10720820743689652,2171.6365633475034,1862.8169331174045,4314.4708667719,0.06919876655239517,100.00984831443355,0.703122508309343,0.6655028111409584,-149.34770138046082,122.61020319206627,-8.512954336082187,30.45125671543073,-3.905116992601324,22.210246755714827,-8.172856391100757,10.603297140144903,-1.8480368119771642,11.31657779887395,-0.4389090833188596,7.916190666087553,-6.429014738191451,9.900294596903288,-5.439036179056064,4.9079063957171,-4.2628275500580735,2.8075849602210226,-0.013712769089558763,2.964071646350819
blues.00039.wav,blues,0.3526576226270586,0.14227422538117296,2040.706860302796,2006.0518056476833,4437.430508900925,0.10284205733386961,95.17913747890407,0.5977920055879887,0.6919804026614352,-150.89269051007997,124.12712043993486,-10.45016676109758,30.376729360414625,-5.5192154728516085,15.046737142744403,-11.288825260685606,5.6798473522171165,-0.21648481032508293,5.459115955045016,-6.974177048368921,-0.4601703408111444,-4.916885243068506,1.030730619777505,2.9260454804091074,7.029451268027902,-4.064451035533171,9.757307416032926,1.9452964609747827,1.0255058494741327
blues.00040.wav,blues,0.26501782855379286,0.15581885145181484,1672.085506647281,1753.8282255477595,4457.899651203374,0.1215962860950891,116.07418254808414,0.5951127296041888,0.7650159016385798,-147.4397533236591,122.2767857693603,-9.156425728091872,30.31260331185563,-5.187779383698567,12.738106233399972,-8.842025230600322,4.921129557413844,-5.29501888038425,5.034226678547247,-7.310767951647312,6.539682453460435,1.176006859033798,7.7549498180069385,-6.711501810869531,1.0311155902889872,0.8223135639646477,0.05253781938507096,-1.6738994499910738,3.6501562970736554
blues.00041.wav,blues,0.310949666354091,0.1121075101229192,1683.1949010163592,1941.7538240887816,4211.9236769498875,0.06110509399702497,108.52379790368319,0.5484289760858655,0.7345887398596693,-149.32825759780602,124.09242128992153,-9.624326492056278,28.71178337662424,-4.633107490903148,16.629894087109165,-7.853419789022887,10.121775073611648,-7.105975063420266,6.011297247347155,-8.20781581539908,11.248730229560818,-6.731589706173855,2.921284406612278,-4.155221796707592,6.684773130833324,-2.8848490348760834,6.743226218021201,-3.020471872731606,2.836982486671406
blues.00042.wav,blues,0.3149395884022073,0.15290298255546778,1712.4803161940974,2105.767727840865,4321.821908326235,0.09120698646177249,103.51769872897833,0.5396143440213259,0.6903819438326242,-150.44100600488545,122.89163735038473,-3.368430995225946,28.3275246449765,-9.109408938737234,14.735153854946235,-0.26087198703704395,7.588976296090808,-0.08264958366779762,13.033102442229321,-5.660764725123984,7.7069492375558255,1.8851898693856146,3.862616777037539,-2.6107410803070854,2.254957258154069,-5.044270192078601,1.0521673648019787,-4.67182080028677,2.102250404777678
blues.00043.wav,blues,0.31690080306824076,0.11467571823581496,1638.8208707592746,2109.5584417986024,4391.735136563124,0.055093965361428174,107.99245255878057,0.6482135193978634,0.6444896461608669,-144.98228283948688,121.25705702809813,-12.115035567275227,29.83269276702688,-3.3250192624348327,15.228016174237235,-6.383732022660892,7.237979220761901,-4.491917527891766,3.758856509285059,-4.333678184046101,3.288277075605631,-5.2065898277692995,8.708279525631312,1.2739303617828073,5.827414362721531,-5.276938294017737,2.050774650915594,2.63929309993755,2.4251507409197144
blues.00044.wav,blues,0.40957988619945085,0.11786635678788744,1988.4098232980064,1994.3590364435497,4146.739316673798,0.08271295245429185,110.66486941350873,0.6265361853435668,0.6756937872752602,-153.99369886067333,114.49138388069011,-8.476026019262369,26.68990018147838,-11.458671778857449,16.165735813592892,-0.5210014477016287,9.98178726538032,-2.484527676645074,8.245488075642696,-4.296668959573428,8.757229448963306,-3.870823632565954,5.802176942215709,-1.0349065814119591,1.9957286390708537,0.9761270486095683,2.4751207299137743,-3.267235478478534,3.6095295307112107
blues.00045.wav,blues,0.31304596054626893,0.11056362314738256,1948.1762006711592,2245.461201849684,4266.144381507984,0.08462459561882285,111.54213039360229,0.6612166039213851,0.7461735042936016,-149.96894214046986,116.06449130294952,-13.195340989226118,29.084325886935996,-6.828536606477849,14.439086091043663,-7.830050225308678,11.589078263070192,-5.211496334177274,9.459504931478605,-3.8065767555696395,0.0736003009383861,-5.818006181456263,4.567737332835153,-5.629084228523323,5.799786189988613,2.592252497031092,6.65628555509195,-1.640328612790624,6.472178410549856
blues.00046.wav,blues,0.3444600237160634,0.10325828057763921,1827.319467291812,1995.555456432137,3964.13811351057,0.08755624333563232,106.28459184839892,0.5502436816122732,0.7204141279188134,-146.42806117564098,122.84866240632397,-14.45469390534971,22.338236595294134,-2.197040266282179,10.899363904753738,-8.67429620567805,6.489660921821922,-10.405941312740058,9.624388184614364,-1.7225345190920596,4.2704687978198415,-10.77312687643473,3.361266655242552,-0.8245879837923604,-0.43673470632238676,-1.449920240662533,2.9540704524810133,0.737874498803265,2.35874110524246
blues.00047.wav,blues,0.31080793177355337,0.13393143003328983,1918.294085394606,2045.0851828882123,3773.356214324381,0.07835076623212735,97.9215782877848,0.5361643152061262,0.7527913425863102,-154.11570342879406,115.15931580636978,-5.586489017519174,29.372028968544402,-7.00721821597975,18.11971406218823,-9.816846619210592,15.478029140640809,-2.966222385982193,6.536265775562892,2.4719246397965104,4.1828552309899845,-0.773713883972079,5.897877741219476,1.9052238681963942,8.684533590180557,-1.9039875528027002,0.7397463889614495,0.3799164288173493,-0.03314610925631811
blues.00048.wav,blues,0.4004016174257987,0.11273070662165476,1876.9356897375783,2083.2424550556834,3628.505798664606,0.07042578942234023,114.6033112635554,0.4974484576822884,0.6774168681042357,-148.39004174241813,123.55711246398899,-7.8431400680048,32.988143057417446,-7.2703852657083825,10.73456799977447,-3.49599904413354,9.031960483473593,-5.752499049365142,11.984582425547174,-2.3313099717980204,7.367663316244823,3.495007034703252,3.069445308859571,0.7835203842437117,4.1710393746912535,-1.1942231634102292,7.5854052792375946,0.5235072688688711,3.614888237148899
blues.00049.wav,blues,0.3721752201192941,0.10270094540914229,1782.1580665321987,1861.934345076214,3411.7751937183994,0.11584310694910484,96.17433307422654,0.5322997101131383,0.6468130840339035,-149.0777799065727,122.4472116376179,-7.418579534920764,28.250767684293184,-5.501365141359234,15.8477398514649,-8.74607337855064,14.822036728059977,-3.527075145085246,10.204633358149453,-2.011356193997762,9.520421572455975,-2.456935323888879,1.1095041561324601,-0.8009361447420753,2.0459293186245127,-3.5858500452492708,4.759092056265279,2.714849214300907,2.063814730208185
blues.00050.wav,blues,0.34926499037796893,0.14404429889270476,1998.1506358977138,2518.302960552471,4297.928375971041,0.05858855861266274,111.02673296883626,0.5804926707906223,0.7808378863372731,-147.98045594619012,119.58463204804868,-13.672894708868096,29.372930228141925,-7.551561362627901,13.258429650585832,-6.234264786738171,15.00971351305422,-3.8159854105310567,4.412350813894447,-2.666191995339578,9.589894459936954,-4.829348712958147,4.597948499981247,-1.9559354158124087,1.6453050607532802,-0.05515869846842292,2.637155554176655,0.25859733172108323,-0.6624765334063003
blues.00051.wav,blues,0.3268762509902977,0.12444762715655543,1875.4333695816465,2360.8534932220127,3960.1273350348893,0.0883702708862783,112.46072665498473,0.4365307413653575,0.6336872843571538,-154.57696894371028,123.78775231028155,-11.655574437677341,37.674597857004755,-6.6927427959721655,15.55365390959111,-3.3736701422963726,16.018278664477368,1.184510729909194,11.625098691779428,-0.927812422565613,7.7775808476035495,-0.6649167715000868,3.3464428510144,-4.454596650266922,3.989876627767144,-2.510553867574785,1.6403158520181744,1.089162342370146,4.865915625711532
blues.00052.wav,blues,0.34265220658875545,0.13955060162110525,1721.662177173299,2015.1412973296508,3849.112187789018,0.05700195074390411,104.3385545132584,0.5402601993293373,0.7669420665868256,-148.10756494633566,116.92743952701238,-4.437722300997435,33.663101086576056,-3.2537068895941528,14.320547703450504,-10.878317710170439,8.883379671786841,-1.733754140887442,13.653758917803827,0.6297305848165671,4.533451734641178,-6.358852299867033,5.4226587407336115,-7.305318096688555,4.969503142554345,-2.442807758896006,1.6018904943952732,-5.784109201800386,3.5408003197091498
blues.00053.wav,blues,0.3240189748101427,0.08660166328579424,1375.5475573436702,2045.0473170908854,4720.288058834411,0.10991888821821805,101.34322994730982,0.5018230351710576,0.703475825106163,-152.99515631756486,120.9053756994584,-7.701759164845929,33.68079967165292,-5.300462229439859,14.388978749469102,-10.633947760269683,7.51935893788042,-5.67943667570458,9.102096520448534,-1.2592461213002517,3.5904631479589657,1.4780657068785654,4.1866291968722935,-2.0641018830453084,1.7583649625565299,-9.272720780818824,5.65213618908315,1.2105316912772999,1.1560173286453599
blues.00054.wav,blues,0.3420097215167462,0.12031878435408198,1637.4908286226914,1954.770518077667,4377.992637867639,0.06618565865246126,107.34846345733304,0.44147345563012763,0.7258782370866752,-150.10692444689246,115.15460455228347,-6.505781936628486,27.796225269605852,-7.430757311043143,15.60170759169283,-4.554087951713854,6.952534543064809,-4.814960450456085,9.286449500991719,-1.9206831782105676,6.529324665831676,-4.1010835172499664,2.517229338053841,-1.7415683508608757,0.7835829640431795,-10.764051450483823,4.309679412473003,1.7118045232585857,-5.088797306625516
blues.00055.wav,blues,0.3097080788587019,0.12238308522010395,2361.4990939423396,2053.7428673815734,3845.198970569803,0.08225655338342741,115.99901135318548,0.4983228656700372,0.6950366922419329,-151.4482305665461,117.14001417522387,-9.631989052015614,34.87403537540868,-4.030762180651912,14.242939493621137,-8.875433806746631,5.310427573910029,-2.3506706685585232,7.766488408961594,-4.541439740771877,15.579322703534583,-2.103741274902941,2.744626849714447,-3.27907278861663,7.445337127590264,-1.6601887683867065,-1.3148339349520999,1.7576868037256106,-0.004432256616981878
blues.00056.wav,blues,0.3961989332865264,0.13160096131429297,1860.5356208682497,2280.5829451123204,4123.749428684591,0.0977916051268333,108.8778625383558,0.48229146760073016,0.6761144929029611,-146.9101175472565,118.99567400368038,-11.21094538972599,27.134632261951943,-3.729202803219617,21.187574757729436,-11.202598742762818,10.072658370018274,-0.7633383337537119,7.7610758262628545,-2.6428846112507984,2.812819415559361,-1.7150787083770542,4.438567204986354,0.9571899870395888,7.562158154694254,5.768690926055841,4.738899519640727,-0.02261105025350063,2.583152904732008
blues.00057.wav,blues,0.3294050112156794,0.11676967686923383,1890.9197179721941,2080.3229757285308,4561.159137462786,0.0699018615208054,114.11902848903236,0.6553692053871892,0.7220429304843173,-156.36556469702577,118.1765340387167,-6.109016360316672,29.931395813103354,-7.9979066968847325,13.485675236315348,-5.478139920486341,11.640200704604137,-5.716796297509083,6.8995267645559375,-5.175274447131466,3.2327694465044923,1.8461270684083253,4.033038592365981,1.6514755624764894,8.563948155767354,0.994932694443881,1.7051390618458548,0.21119027100982835,1.9274131808272514
blues.00058.wav,blues,0.3128889441780962,0.11648718563443206,1714.1920417680394,2263.7822899230814,3937.3839459455626,0.0880173948380926,107.26630297236913,0.5292876021036739,0.731583326220148,-151.42471096986756,122.61389189237173,-14.037939040740245,30.379138738639234,0.8167869971748543,11.999006026183276,-10.033234911574555,11.541723548976744,-4.461254654181206,9.051890297820677,-2.5324386095570093,7.90416440568531,0.32909952586866975,6.229455970785538,-2.7237729638556276,6.017721103608194,3.6996458046856464,2.602098760852279,-3.9235879140119243,5.321242007860919
blues.00059.wav,blues,0.3363885650813921,0.06654660907971928,2119.4843354300842,1953.640926528294,4068.313351193544,0.08997970495853522,106.52399743823253,0.6067561453711232,0.6776906718648797,-148.46068260547176,119.22135996724825,-7.783568557337491,31.846102452039162,-7.806316106133786,18.257946348525095,-9.607890335342145,12.424173394843436,-3.8981380597959783,13.514551030385368,-4.670397947115556,4.952049611645408,-3.058258817663198,4.090460651497174,0.3998257058261503,-0.848931825309764,-5.161047257439062,-0.20340876473757952,1.8509227759207274,7.131840117745776
blues.00060.wav,blues,0.33686652344387585,0.10662356553619978,1964.0104326226362,2259.1380944694743,3775.4264030332993,0.08857553474102178,112.80158103825944,0.5900875335951876,0.7324850097234101,-146.99686172229858,111.89030312100229,-7.966374041407278,28.03777295061773,-10.491898690569371,16.53360779857494,-3.8790243645111264,9.587654456116924,-2.1413763583911836,12.836834773965936,-0.055256639247858175,10.919893588114178,-0.7736175267843235,5.226300916704778,-6.805897435691506,3.2618125356101544,-4.529739785948575,9.51282815249344,-1.5276574372970098,2.3696144203534573
blues.00061.wav,blues,0.35654456128121403,0.11087204892744908,2289.0102080861507,1937.9231148877986,4168.112609333035,0.07386294121452928,94.43981991023435,0.5010584727275772,0.6522974848109581,-151.2879066735518,117.92273706037844,-14.218952391015502,29.750683282113915,-9.514161122093007,17.280167891068807,-7.75268074119649,5.627345501605208,-5.92762723114959,5.74353078322825,-3.042476468742459,10.021351338069433,-8.625517408937235,5.345078237442252,-2.480398386699921,6.014020229351397,-1.3604101152869326,0.7440920047835426,-1.9571618069998544,-0.3880775704104673
blues.00062.wav,blues,0.372280214157958,0.11042623297343884,2330.2381371506017,2039.0810535133683,3852.0576315813382,0.062294284110807605,90.57488258995244,0.4232691245595609,0.6530121422628958,-148.4738249303102,115.2564278939036,-7.3148850577716535,28.550816844949683,-4.559620964043352,19.836661884766272,-5.309482052403404,9.194408056282503,-7.673576676245862,1.5445537960120852,-6.15745995772726,5.366609283516917,-5.961538581453552,4.606229098723086,-1.7694443511236955,3.3254320545757645,-3.9500077424703792,3.505964015900183,0.325821948708227,-1.271197232328538
blues.00063.wav,blues,0.3823279713923881,0.10802823735431477,1953.7699245889696,2177.4785961861803,4181.625645942226,0.09929704950869868,107.2969933216146,0.501005010028765,0.7204389012163598,-153.43117862196198,120.32567911732957,-10.099689971933383,29.37564942818238,-5.385612534316792,9.354452863507083,-9.646174723222884,10.278534703423345,-4.520430824007799,4.916974577222126,-0.20287647740589776,3.4014754553564974,-0.09162839841978965,6.281583085615054,-3.938681929531409,9.325932677828536,-5.58091049526944,5.757462520830004,2.0017469541289348,-0.01186062722993464
blues.00064.wav,blues,0.3817739590019299,0.10499906970802095,2007.7387258559713,2096.8579309788197,4052.991940485308,0.09716212409739673,111.34790976441771,0.4101174421409456,0.7827716737604741,-154.98747596410703,123.09763861302497,-6.61988458951725,26.727100709354406,-6.232442863863755,11.682885994542193,-8.644763090866206,9.075897147442776,-2.6610184031919806,11.930926238358825,0.1870514323698682,4.313495920265094,-3.627665621233583,-0.050314576662850996,-4.417610199488566,6.894554899292373,2.8467484706446946,-0.7030466156397663,-2.7773927774586826,1.920782729123219
blues.00065.wav,blues,0.3484048347645882,0.09380792960156709,2034.812208892818,1964.7089175272351,4094.9417051926025,0.0931942637200555,105.05137815848751,0.5150891287578746,0.6884621778980367,-150.265088877616,118.88996691035362,-10.776388188001308,34.79594151151415,-3.317241656176284,14.113559045912519,-5.909136786467793,8.99854153073197,-1.480626087240076,9.108926576594282,-4.321906432012686,7.343150777430833,-7.712628456205498,1.6196975932705842,-5.581775019197166,4.42882928429112,3.1975449984552755,9.693900438577897,0.9141533043222716,3.502533424833371
blues.00066.wav,blues,0.28596826797541786,0.09914652400531956,1792.4432496183522,1938.2474323147992,4041.1496634953237,0.0779186413345431,89.1656015169937,0.6098328204894028,0.5807338544017361,-149.28225940766654,126.22224800924992,-12.75815377475927,22.40913743176101,-5.858012665640333,18.302878904995712,-2.124957637338218,6.311351216642749,-3.509902330290435,6.6040686296598405,-4.317845062912407,13.933030041051104,-7.50891098518546,5.761218984483721,-0.5969204847037004,7.257358974818041,-1.7060505395873138,3.924151618512307,-2.174945702265373,2.807380823735322
blues.00067.wav,blues,0.32970423173507774,0.12243143779712101,1876.0779327912733,2117.8780709023936,4089.758015210258,0.10189075376158252,104.58885021129211,0.40815740254344957,0.755304263328045,-152.71719690258786,118.03870098405353,-11.786983882130476,34.12331427951245,-11.407022641936086,24.41324560097998,-4.831829572801844,10.669716742387479,-5.164682001848859,8.85666222457297,-2.436632714861985,7.935646757850171,-1.3331866019896546,5.268742043765746,-2.592015260921978,3.546180149039465,-2.5847248410580432,6.401310290601193,0.7806701668425857,-6.82116590399284
blues.00068.wav,blues,0.35967702329589285,0.1138947238943755,1946.2582487108205,1980.0666784440004,4493.439451995105,0.09921289693184288,98.81697865741113,0.5825641829699628,0.6219808332382274,-154.1388544943668,118.1198483262301,-7.412819582851723,32.85937513612826,-3.4607437397081213,17.17528736054399,-6.451465138655125,8.075555214331143,-3.704232365978178,10.401228575683046,-1.737126010559277,9.56674011442393,-0.8750884583968088,6.054344622624749,1.2104507149492822,3.9204362222528197,-4.645623953683153,2.510799108168708,-3.2347079344193475,-0.025534824923144406
blues.00069.wav,blues,0.3356644398785345,0.09415160158000077,1888.407694072192,1709.1493599483185,4174.652797580528,0.08501808213043337,98.46329095145447,0.6027396534745925,0.7161158479492821,-154.82267959310693,117.71182566430136,-12.307427049361895,27.180290696673406,-2.5115754742047547,14.418521583681589,-8.793544523931832,3.9884129067797396,-3.0937459093723207,4.282224815439582,-3.8202021092010154,6.832130813874575,1.0819757875159528,1.0735388026426635,-11.058536467462476,4.551548634261085,3.401533544532561,6.716839058818312,-0.3710217541761227,0.5250914431038578
blues.00070.wav,blues,0.36421367789911935,0.09052907600591062,2045.271553871244,2140.984628649993,4471.073467624608,0.12639490058366618,108.13932773743014,0.5092829099434002,0.7042437634057633,-155.30722771466736,117.91586060673282,-11.227847314339312,28.427734806196224,-4.5429353838988344,12.532740202853399,-4.636907998026586,10.000621194754592,-5.027900963415843,7.016315850461247,-3.5344279484230627,8.475294794002904,-5.6013906471327015,3.02565053277423,-2.911178086329994,-0.037612770419644725,-4.457773579164494,1.5713373793660228,1.6231675421381828,2.787683987005775
blues.00071.wav,blues,0.34580769734102634,0.12701795924335946,1922.5256423201206,2120.2836729872,4063.872386473626,0.08898043524099443,100.33793073910735,0.3548946273378857,0.6695532821623373,-145.7317555917002,122.77864620672477,-7.103807546226488,33.70839216541865,-4.734027227115687,15.591947122216787,-9.852955686303051,9.051781431918851,-3.1526865506865756,11.611653311506448,-4.418338827042999,4.649432205445765,-2.998416123430208,6.803620246787345,-6.331564448400625,-2.8885428594117144,-3.6516105484747508,-0.6621372777424757,-2.5244205929419326,1.5566590435475853
blues.00072.wav,blues,0.3264025477293096,0.1390493506894149,2015.348952920464,2104.085384729949,4317.772500415191,0.06791750323328846,113.31289429936214,0.5439388570771633,0.7584473844846686,-153.21557169912046,115.3387237019518,-7.546331025924914,31.12922857829255,-7.706154663072532,12.391010756175916,-4.623695646755692,6.431764321398017,-0.07198114023210955,5.298137796056394,-2.0848242231748513,5.014144572753046,-1.1904377067529708,3.3676579936574225,-2.4883787182168824,4.122757526187163,-5.006562367344419,5.222473036260378,-2.539640699414756,1.3142002539799442
blues.00073.wav,blues,0.31016951876174464,0.05875332682409379,1911.7944474799663,2484.270775890325,4374.611500764308,0.08471109430398409,102.89687336633386,0.5517972714249637,0.7132192308825125,-153.54243844592654,123.34296508400662,-7.853856053676267,32.154557177123806,-3.684572783570818,15.05884997308197,-5.98141629209954,11.775442401224135,-6.062122132823071,6.279194681309297,-3.69443111421404,10.647060454485562,-6.717321226961703,0.5974242027426797,-1.5057174762904497,4.152663105568054,-1.4799750068887754,3.731859593725501,-1.6696067639044152,6.469590315806246
blues.00074.wav,blues,0.29197288064570454,0.09343005950439508,1929.3490479701904,1754.2260139922498,4038.450958448775,0.10992205248592028,105.16709190636769,0.5684560724574947,0.6313683563902498,-151.84908422411843,118.87441085902819,-10.953145290268703,33.84493138501131,-3.3269268178246265,11.665626129188905,-7.260485664703985,11.494665245490356,-1.5795528844362003,12.74162205970512,-7.045282575483606,3.5674274663689856,-6.772733576743849,4.297940422679056,-0.6009248766609965,6.962003549767306,-2.2278530709275683,2.040457430235468,-0.544726023253779,-0.5054287048900692
blues.00075.wav,blues,0.40268616165084326,0.07784677945763882,1986.948115779145,2414.249119461335,4102.379945595999,0.08214941447497759,102.14043661751658,0.5355686654590074,0.7516690610495136,-156.63558573398853,124.60030110388898,-14.271871457350436,29.200043012296756,-6.287733260895985,16.765659809312158,-12.794373055651242,11.386517998245829,1.072928869860558,3.9104779862215686,-3.430881497168813,4.014053466610173,-1.7223383814208928,5.0574433322472565,-3.924460727132929,5.463616854613222,3.413044329360229,2.427288624818104,1.1592738264445455,-1.879818873613491
blues.00076.wav,blues,0.31130690869545974,0.11944812555760755,2246.8232057071928,2114.0104027814186,3990.4296893168957,0.08498937108135032,94.99673812824226,0.5983612261084293,0.7003544210970788,-151.35627099849924,118.5898735567215,-9.202365311043854,28.689840791878215,-5.198397843877467,21.299165367499548,-8.74107710223799,8.924979543936333,-6.942625416905478,10.23257591449981,-4.543672519654309,4.051880885035722,0.963912096819036,9.258809013540912,-3.8012706972161157,-1.5996198540818485,1.0225410695107664,0.9461105227199882,1.371876797488306,-3.910311453135506
blues.00077.wav,blues,0.3667779201489793,0.08577656141438438,2096.152823813305,2052.569152210558,3766.1212032111744,0.0788944553060983,110.4905476556536,0.5584715562492187,0.7435602027323251,-144.07067824645355,115.30727516486685,-5.1483622750941285,30.31306781256964,-7.696352144969385,11.00905912278303,-8.5673611723311,12.764950335773378,-5.3826473611326024,12.533464790742043,-8.353527070154676,5.963733156461836,-6.757180333239357,6.090895647874904,0.6606621702919009,2.73771461895684,-9.812641569881404,3.5968444403894835,0.3102156552005284,3.212884264885093
blues.00078.wav,blues,0.37707346575466466,0.08857892640701902,2086.04322109009,2264.6513522460355,3477.494345597719,0.08979477738878466,100.96656135193862,0.5434781861518684,0.6960084292466867,-151.46168569234067,117.97287576251516,-9.897542747535926,26.738262183411592,-8.257475386655557,17.03811984886951,-11.44638210547597,11.998937502727635,-3.6122261214381464,2.8225798136282094,-6.032693957006965,9.582328209142117,-5.943496593419045,3.6067872130718373,-0.6138173202443107,6.350171527847786,-2.754616658133487,1.2074694159250754,3.2671095850955227,7.216698991392737
blues.00079.wav,blues,0.36936574152345386,0.11170636285130048,1788.3468556718146,1900.5200068198183,4282.8799368430155,0.09127597331333026,116.21278874357144,0.6020360074028912,0.6606439427004019,-146.84415714683124,117.00581811805677,-11.151913815857055,30.750600618755083,0.9870024693518928,24.329755668016084,-6.179830822591452,9.450410143838836,-3.3964830545583493,10.662966277621507,-4.962002876671575,11.385634067736966,-2.309787722425794,6.493229267274183,-0.0022272438366157665,5.264759831843367,0.5168215014088364,1.1482404403592303,-2.6749052618380915,-1.3004626989150845
blues.00080.wav,blues,0.3531850369186068,0.12557873007024228,2041.5545732303772,2351.4086380025565,4098.041393409833,0.09503112483388769,96.26639299088549,0.5190320238020479,0.6957758615941095,-147.45269366777057,119.11809915700745,-10.214797755574201,25.44637875995757,-6.071087602419828,17.67114949055936,-6.274384951680301,11.50199716414363,-4.850678938457119,8.02118947588453,-5.980963418420341,8.096485260607604,-1.7370811668318304,6.476056543978398,-3.5781045280027413,-2.460028759613733,1.2914581352610872,1.5634876319747875,-3.588327292129362,4.080436735741981
blues.00081.wav,blues,0.32823962080242614,0.13119872768093244,2073.4011899153393,2173.0424781760858,3621.915501079813,0.10317915978079602,107.09000424987084,0.5204578288603038,0.7087569393041283,-155.32870569869496,121.225958434442,-13.088114524546214,25.941989142469396,-9.567077558653674,18.338065124969777,-9.887790181078365,14.601183129749497,-6.607404389156893,2.8779261272211603,-7.349573319845978,9.707434860020816,-3.4676945338100027,3.3551381105281974,-1.5199453224416368,5.505348208502635,1.3521964477073825,7.345497689678779,-2.0793059373672573,-1.9781430582461148
blues.00082.wav,blues,0.32759604516630175,0.11520561013165773,1757.2482147578778,1877.7128353188923,4220.32575854246,0.08427021472644323,105.2623759632927,0.48932037322399446,0.6832138741520593,-152.77269943280493,122.67059523337436,-6.894251995828743,24.461436413285718,-7.78853258057723,10.510412234729763,-9.950071803220695,9.749686090628918,-9.348935659095591,5.234420560624061,-7.011872116244495,6.6218019881968315,-2.791966988891249,2.83478733998824,-1.4695373835818062,2.359959746238204,-2.81496533097816,8.020356270895611,3.021383155371044,-1.8987437107827931
blues.00083.wav,blues,0.3648919725363753,0.12622793108983185,1720.3473422494762,2197.379975875875,4638.276171444393,0.0681618279063338,97.65997743188589,0.6314129173474803,0.6797996809108545,-148.34557117428142,121.0217676492015,-8.827912237215568,26.02058361506675,-1.8580468801356549,18.508769977283322,-8.688172232204083,9.869569150558412,-9.593322507667168,9.542764268053505,-2.2838276748575677,5.813426949002067,0.3730600796115082,3.9977683070601784,-0.3061822223191992,0.9410069839236535,-2.0706564526227145,2.4769372262914926,-0.3240762338771752,0.8914192134999244
blues.00084.wav,blues,0.33605582212984997,0.12652094342883013,1862.6471525523566,1760.8161218670377,4712.354366471897,0.10572181118035731,94.66189843915505,0.6051766244196156,0.6298333806192643,-149.2095383540068,120.88267238704049,-10.703223400948966,27.64870300324081,-7.071623156948778,12.251424253556273,-10.495466624691334,9.798465129851934,-7.147279967332255,10.04615619713786,0.4617384660077821,4.2598402758898715,-2.2817864983938687,6.499055330908801,-0.5839931872421769,4.227865803748262,0.22804725507916723,4.446746858041972,-4.7129872669818935,4.607468193167819
blues.00085.wav,blues,0.3666187251180023,0.09473427791642837,1957.5875670895205,2172.9992187059925,4026.7401631472235,0.10109467071649018,123.91097995695489,0.48712111738920144,0.695613944680892,-149.08854421318537,122.16468751537843,-10.692599121534307,34.3597819899631,-9.015817399169746,17.078755869094834,-9.81758246227668,15.15813371862189,0.9775460595043555,5.7000302366499564,-5.6486714077257405,8.578763660939405,-4.161391949368544,4.863766346203286,-1.9238347383727694,-1.7590194685929692,-2.041513238282712,0.9308166778074787,-2.479368467199316,6.330896010406443
blues.00086.wav,blues,0.30230479317162234,0.12626410373495955,1894.2074139336382,1999.6431696707498,4376.630163618099,0.09010076941853336,109.56490397775625,0.627454772842629,0.6943029707574199,-151.83671020352324,116.74454842032661,-12.476231589936866,38.84728327592617,-1.2659612577896397,10.946776901375936,-11.96737387023071,11.445598185155475,-3.358205607866099,9.646651505952093,-4.7648673806610935,5.623637219991299,-2.016361427521928,5.257679018879991,-8.657901118242606,3.3106011082744184,-4.554219302780941,3.525634256725536,7.95577700781023,3.1024449964229133
blues.00087.wav,blues,0.3305941094148281,0.12843603003954504,2046.5375774418426,2125.6170082813314,4312.397707625485,0.11584815347244312,95.95289251739267,0.5878905661449164,0.6135042904411455,-148.33346206097326,117.24394046554171,-11.252100440815253,29.114730257286283,-2.072549841965873,17.75536333182724,-11.737152129339155,10.164802332999546,-7.1287395642475175,4.224485267973996,-4.651051151273111,5.074551634632541,4.280149459036567,6.298879476082089,-6.132852502262712,2.305677987487173,1.0641498862881953,9.265328318609775,-5.7579499367138745,-3.639773155417135
blues.00088.wav,blues,0.3961289552611535,0.11779228354741808,1776.3414536247267,2146.2332355020385,3177.488291344093,0.08505063259895743,107.62256938274469,0.6239416111630265,0.6528898375706657,-149.74293851578992,117.22372612182124,-9.233848732977048,27.313961032910928,-6.224302517480662,12.012553815629314,-6.046591274529029,12.575353349969996,-5.703861709872242,8.114713984880085,-8.345774243900632,5.100970055979639,-3.150613851125234,12.862379273089925,-5.335901077322491,8.392531716257313,0.990576320397424,3.841909213470409,4.2758614525854,3.1163164178205887
blues.00089.wav,blues,0.35167477587003787,0.1089375869396491,2194.7137764837253,2247.364462085959,3881.0129493763257,0.0652112920810185,103.37615490083475,0.4859969148481883,0.6844843521473626,-146.28768559594758,118.62809503473963,-10.128470143934724,30.174068204425186,-2.454707353384146,8.259331998046184,-9.82010088429589,10.633851076838418,-1.3997631307194163,6.524292657481384,-9.629658118125622,7.859134337898409,-4.906087166476889,1.4310000227289161,-3.873036169139672,3.4464239270324515,-3.8142339936146383,-3.616698171297207,1.6911985906613967,5.824625123836166
blues.00090.wav,blues,0.3595456597401852,0.08724628659150367,1909.7016932104964,2048.8261632586978,4309.578036346668,0.09502510733077121,99.12660960977203,0.5565596445130849,0.6945888062674072,-145.6325330335597,122.11351961947418,-7.632829937873443,30.251479883788083,-0.7686225643894886,16.22928838787849,-10.583263730520711,14.210109910375571,-2.906290182382917,6.670867936614553,-5.43847890219773,6.889726635422285,-1.6104456141972459,5.59187679689362,-1.0660739796713454,9.099872123729142,1.2146294567046572,3.5719067737950727,1.8239317423024497,-1.0975717105826188
blues.00091.wav,blues,0.3519378114984043,0.1461861269946622,1906.3908209215251,1897.4258928485647,3871.768888992429,0.06865550443986418,98.72190473497837,0.5203593521127977,0.5999287917972368,-149.9531449981512,122.70683152135994,-12.723268540440761,34.5578517709253,-3.4676237344172156,18.09174175687217,-9.97350366155641,12.563575681199847,-8.275801701185939,10.670742502509526,-3.4844819806194063,7.659753659954351,-6.526783816874555,2.314790473170186,-0.20831534523984563,1.1549559873273978,-0.6103811237026309,-1.1014134193807372,1.5445226380000046,-1.6975699443055272
blues.00092.wav,blues,0.35656899813038573,0.12251261867292002,1810.645636314085,2154.764782075251,4191.154792166744,0.07691737215710893,96.93156252739034,0.39298994466619375,0.6809758618426984,-154.69440831408616,120.28603259832393,-10.790344648246748,32.03742832631458,-5.906136498469593,14.011656640958726,-5.804387887135113,11.005174087252353,-4.051532128451665,9.40780276942558,-8.606716369621317,8.270366039960946,-1.162593617959193,1.9499506142705085,-2.732241421022604,3.8820781371171065,-2.403490353205198,4.001579899705604,3.2941003454935505,5.245300183018486
blues.00093.wav,blues,0.30063342419705785,0.12244139980612098,2215.7866639070817,2119.6255337240564,4481.843148815088,0.11518405668551149,113.18967636885586,0.5699446876513383,0.7767157100874471,-149.56533650070932,120.07170912985487,-11.054242707141197,34.69024007649632,-7.455285997826004,19.59710317403435,-6.500407628778886,5.802081475594175,-3.897052121025735,1.6999204770451275,-2.1234759495068927,8.655694448966972,-4.777067866956161,5.370643087866747,3.8624723012508593,2.48275988721419,-5.176722761169802,7.4449902073877965,4.887761571592384,2.011087015543542
blues.00094.wav,blues,0.3703438910622507,0.13682951831061763,1801.5031534923232,1962.6449496337837,4530.806079604157,0.11027521418062765,109.50304688139484,0.4796148517198357,0.8099894813902028,-151.5929126934359,118.99458665648565,-8.972986496531135,34.662481262144325,-2.438072070343329,16.24459650108573,-6.610134409645681,10.130544005930398,-3.325581456444481,0.4113197669170905,-4.889822377209395,6.723965804750343,-6.4530422508585215,6.15896995343468,-2.6134136629583646,9.26642709494647,2.719059175644569,1.6025832926455115,-1.452513134700086,1.7781573031748223
blues.00095.wav,blues,0.3264502157152113,0.11390049968056254,1798.343586222482,1846.4892397112453,4317.948928365094,0.09444294376332717,98.56547392272006,0.621628434461008,0.6380416407519337,-149.24050428588606,122.46103203783737,-10.100837694111139,31.364222736423404,-6.549288931662716,14.410600249715708,-8.61757829264102,7.760264960379283,-5.530322489347347,3.3541451034087597,-5.473461241426314,5.145373519890987,-3.7685392574861405,4.275507662387664,-2.1852925995803867,5.438324554258192,0.6235512223975679,1.0507043194551988,-4.609602566167434,-1.1261332367293089
blues.00096.wav,blues,0.3253839123641522,0.10296157364366981,1796.0007867605086,1816.6990004350191,3940.3577103840344,0.08772139930170958,109.76023572668451,0.5054061557513343,0.6909509928678952,-152.78009492654192,119.90568248887567,-12.545285902572443,31.7193834397236,-10.357599475802333,13.921110982642613,-7.096677982424774,10.551503548967514,3.0791009919414893,9.049400073703723,-7.012163790526031,5.713607258732781,-8.328739000399356,4.758200752109717,-4.499168171002276,6.746170826680485,-3.6486208237866045,2.64970225261426,-2.9066735242132102,7.216554055559994
blues.00097.wav,blues,0.3303627170164627,0.14665114086958403,2112.8303524236535,2136.7720109203697,4229.056601561132,0.09090695947324377,89.57861936523511,0.5276893284679395,0.6781777211788478,-150.1466915504223,115.78443045958927,-10.157213351732409,35.11231654876647,-1.2593248533958414,14.813987971901906,-5.14565216882574,8.900478938895844,-10.111614760480157,5.226602035611337,0.6886663055245936,5.1780207545120875,-3.7301519381250543,4.100485411175359,3.712409768719021,8.87787674608619,4.656340700344401,2.522864368799846,-0.11312653375871484,-2.549927648262374
blues.00098.wav,blues,0.38430803278354825,0.0866444089746413,1993.3551127525259,1852.485545026088,3893.8966106414564,0.0724410635342545,100.13699791459345,0.5068701837480818,0.6481003024334716,-147.49999826465907,116.68541162081245,-9.3383757189584,33.653877456916675,-6.539589093540188,12.846243327757195,-8.691573875540753,13.53917562508213,-4.417677107139927,6.406357116177205,-2.5483700464358807,2.6931235504907303,-0.9559214686711561,6.225821923105303,-2.9234254134166524,1.484242604658307,-4.660042766850372,4.604452009037731,2.6869415074671856,0.08807675891361555
blues.00099.wav,blues,0.3537516011065446,0.06825945962795862,1833.07645386856,2044.4093920832377,3781.610804056358,0.07095240437815607,99.65776354824891,0.5733754182661099,0.6643501623856146,-156.71469369997493,113.6378995420948,-11.820595533571526,31.373059758160657,-13.242514528175704,13.500809471545107,-9.578743569552262,14.165013334625343,-6.1550654351385905,9.148966954222786,-3.5762285797376103,-0.39169943942160224,-0.6953783501047881,5.646189516368864,-0.47519408097623117,15.77871311930898,-8.252338818495765,8.174089949283324,-1.8623425582010666,2.8619867132090278
classical.00000.wav,classical,0.26863463264096277,0.03151527333203913,1236.0334143522482,1559.3115724031416,2068.9892061649125,0.05325868751282649,78.67044476091797,0.15959445287677138,0.5725135249536517,-246.22855234941227,148.39399473895133,21.07536085462886,-12.19286882714642,17.273765549770857,-2.9434767836293876,15.545826499889234,-3.5266918364976467,10.00596441427372,-1.7057973813831664,9.887615345589044,-3.156497162826191,7.235015938631843,-0.584091888350045,3.8074354686745067,1.2752574533451186,3.7567211892800323,0.6513128706341255,2.644139549511579,5.734354172686554
classical.00001.wav,classical,0.29956349056845655,0.05738309184993794,1258.8920947952258,1339.9366509189017,2934.3551953832134,0.05514070188794692,93.78136540600785,0.20168154992246162,0.640202687504512,-254.9184524875763,148.82258668181737,22.98971153173834,-11.399486137684594,16.921439385602472,-5.571509317993434,10.972171084664682,-6.4430741694470015,8.255628348901704,-10.97340791270217,5.439311525514046,-5.891419731145421,8.617983549640448,2.332222058293534,5.4000129458982435,5.56301868147814,0.15325043752548817,6.242089593746675,4.796574692781155,0.2903341383431619
classical.00002.wav,classical,0.30406860441548833,0.017874129751767318,1185.0971676944653,1390.453849816854,2414.8578021775947,0.02615163535859621,91.7846645367626,0.22929164797041346,0.6618177404307037,-251.71105409924104,144.53819009835445,20.810172075174265,-15.73676492625933,14.794097861743595,-9.104945116498431,15.961827997692424,-0.265911833475835,8.317261373814441,1.791120032964006,3.4610520676027923,0.6304381360102789,5.599431301156141,0.79206024400101,7.817060500320304,3.197476308339407,3.8661709884750697,-3.964662308684888,-0.8801388858383912,0.6318731992128276
classical.00003.wav,classical,0.27280117122829955,0.017395925506521522,1832.3353351156843,1772.950929945643,2810.741412137369,0.04308055291925617,80.30232824079079,0.17384652319822114,0.6050077568289085,-249.22674237957176,146.27471827355512,21.002529251734693,-10.465777146474247,9.276577326367827,-7.581155032338506,8.759183399735067,2.6630629720205707,9.669659373601274,-6.006444707299674,7.458108868252911,-5.641911966815097,8.248073161661221,-1.4133739554536358,3.7190914337824874,4.97738994262657,-0.8614907057527499,-3.1913545553389735,0.2492020209619854,4.115136553057949
classical.00004.wav,classical,0.22441961773569474,0.01,1259.7682283182003,1599.3133439839658,3020.09161240859,0.03505257956871902,78.70858714307198,0.3423120587404598,0.5016701168017488,-251.16556232554902,150.57127166977517,21.347656163855103,-11.529420079572647,15.103323035117524,-12.464982060238968,8.025254762998454,-1.6394738623365979,5.053117897235961,-1.823047335231208,7.340617502408094,-2.027647602573295,5.511391312989713,-2.8881976958538367,3.38016616091186,2.8306485087676676,3.470918882905303,-0.7595938086918066,2.672649212872379,3.1438293719098542
classical.00005.wav,classical,0.20850176164267567,0.06318148129911795,1282.7490522637856,1576.5881879832414,3019.0364232758297,0.021424894541543015,76.32447198057963,0.2269161043299436,0.5470290938709522,-244.79519027248958,147.4296837185196,18.3333596615394,-9.38683290519107,11.393551421771733,-6.187042135268792,10.952359783750525,-3.998581213147534,7.719839423300155,-3.5879963373451127,1.4565890724576995,-0.035220365982284285,10.264799214941725,0.05520489235031439,4.675792351742649,3.078168265350578,-0.8079914896400977,6.1075439743888165,2.606986389268406,5.895570697267327
classical.00006.wav,classical,0.24800901013428034,0.0763612384511565,1505.0310988069566,1599.5472154534245,2681.908559023602,0.038272070728883265,91.60425326779098,0.26122878958784373,0.5451624645748586,-253.351559385121,149.44246274342177,20.929996949496665,-10.169765466699687,18.65691236938099,-10.853305592115873,10.430763809515481,-8.453937676161464,10.279136886452505,-2.2833761433260085,7.258829916072354,-3.591648881769298,8.838394794973254,3.125173992176554,5.750632909035663,0.6114482594096777,4.739571855885396,-1.1206777039620466,4.566666977062136,5.948442682971763
classical.00007.wav,classical,0.3021183167993756,0.02540795060385181,1422.2834634546207,1267.2345221234434,2800.3366089114866,0.04875905119293809,67.04146928374269,0.1570572924870109,0.5372485649768468,-250.90257924142247,146.3715691937436,21.16693618805655,-9.245579173178463,14.417192604064443,-7.267374500475089,13.14612137924969,1.9662213392648855,6.549315548460388,-3.8365007514644622,7.473622996235989,-2.074088139240959,4.581808398010297,2.218959455174014,-1.7280682625218784,4.954906974558008,3.218041572988024,-0.23447943368654078,1.7322975373356533,0.8872880650615562
classical.00008.wav,classical,0.21806396089665225,0.06989876454906471,1358.2651264541237,1579.7403834805275,2933.042419700915,0.026682563136595498,85.78777519228183,0.2285887127280965,0.6640426957318816,-256.3816822610545,149.70271709927619,18.191538032648115,-8.703211148097534,16.410132562104607,-7.122877684466078,7.863478407471869,-3.3319961056719882,5.310073318054376,0.5259510863563808,4.892378398657661,-9.720964657964924,3.8755338301345814,-3.1156314625319173,-0.8938274463828364,-2.7122799146677172,3.32822541549891,4.985922484744694,2.93955342159494,-0.8195101646472192
classical.00009.wav,classical,0.2836771258551211,0.030818193795620168,1211.079926167371,1292.2147197180627,1986.8599176368984,0.036151144401608326,83.26442791936105,0.24227010639880883,0.5914432583002361,-252.83723818209035,151.8247385750549,16.048604240160245,-7.671916258469574,11.993348943219825,-7.257305712059105,5.599644428152969,-4.50420644065691,10.925937375433936,-0.4531157346681307,8.935266336084105,0.5664276378018074,1.6889905144088924,-0.992367672982672,1.6594026126476118,4.99172471211712,-0.5903659392789349,3.681093068167333,4.678861610326308,6.488860605148261
classical.00010.wav,classical,0.2577094022211151,0.054246443191603246,1806.3303673077685,1388.8244981519347,2062.735913363674,0.013799849491383548,87.70169623089065,0.09934798335531328,0.6102654082189437,-248.68806043888313,150.55552661048975,21.276334592552516,-9.333130432597438,18.836597439940178,-7.856949142216391,7.969014584624406,-5.317978335812472,10.49057543558783,0.701195765185191,7.353675957955525,2.550481000669784,1.465877397870858,5.001672334653411,8.569715865136775,3.2068659917372404,8.34539672631318,-3.969869623033322,0.42665559121204444,-1.205910382045857
classical.00011.wav,classical,0.29164437971272034,0.01899718520795709,1501.499029867497,1746.6965059194085,2843.3210150294,0.04625626535492252,74.097013272794,0.18225192270997082,0.6403447450378108,-247.661952988284,149.88294144186736,18.746271362702327,-16.07742361933413,11.787442743946684,0.7342572614191702,6.1586332869925995,-2.4315605363367583,11.022331919585596,-5.764768004006878,6.55413142434325,1.8137466125319652,5.037497965721751,8.605209167000305,-1.0057977766345854,4.176185589651636,2.481594787810607,3.315760464510025,3.3239214550977376,-1.1994685913299898
classical.00012.wav,classical,0.27686989177378024,0.01,1470.6495001142787,1553.6685238782945,2823.5310590250856,0.05787177487630726,84.94095872167769,0.2618471535838621,0.5744751783732267,-252.13666229094716,153.560203860532,24.309006217117936,-10.714331308936162,15.138008241759822,-7.713843124981298,13.518270535802333,-1.003749528924664,13.823652309391248,-4.634969231539216,4.865976302945349,-0.30566223242328305,6.939468613177312,-0.647002912642897,1.381116728638899,3.6442225867707134,5.163406087636745,-1.7488223016911748,6.066328403316487,4.510596127589811
classical.00013.wav,classical,0.2740288949174338,0.04159195724752073,1460.8115542231815,1344.8934473538736,2610.511017707429,0.01,89.01164516402349,0.12508054220465126,0.7089646607865381,-250.99036028189934,149.36499905420646,18.116798281746483,-10.864116621766229,19.255594035444112,-12.463425969605238,13.830896158264563,-1.9859295566948756,4.378935056428354,-5.225937179147714,11.029179081624608,-3.8365206398281937,1.5399484682121218,3.411943627094188,5.015658628857743,-1.8137767296091964,3.6498749262138572,-2.0772580509208316,5.302464195267816,4.184112894619401
classical.00014.wav,classical,0.28596018596465833,0.047233221224940336,1702.2376249734748,1499.9435389298806,2186.3440561027196,0.048742108692484604,98.68837639629692,0.1688192405451318,0.6520082731514142,-248.75066188569565,149.83828545298277,17.053089258868056,-6.6344264313085874,21.96012216605178,-4.411605622928278,7.287795130791999,-7.646881575160425,8.773927943663542,1.3116320299487727,7.425503239486145,-1.0072115227565615,3.2321850446320814,-3.276490898154269,6.5042539789746465,3.741314864156757,-1.637189360072199,5.769516934542052,3.722213662682004,5.198783935437381
classical.00015.wav,classical,0.22973616754544657,0.012683516891691223,1320.2061380465407,1590.501196841135,3228.726288024437,0.05259118370722697,80.05854978550373,0.16789046338672864,0.6617195903315964,-252.89411627725215,154.88540566431698,19.14684605118047,-5.228253782146449,17.036793870177835,-5.4109864683273745,8.44181088452162,-4.02272363203824,9.284950077125712,-1.76853051134685,4.218565775793884,-1.4968942309528968,5.23573108915745,-6.386202283244437,5.3745043443660965,-1.9391636741504206,-0.4599972096172351,-4.062033041332131,-3.3816774936036706,-3.0663425093368675
classical.00016.wav,classical,0.2487293712710853,0.07906518275053137,1244.8240648209592,1531.9950191282455,2740.168485277215,0.043965977793237736,81.38045231419206,0.15437649891206043,0.6777230735921808,-244.57841006908635,144.95202391763195,16.92791422734086,-10.839431027131019,12.106386615269425,-3.4821033396324044,7.815183392780161,3.495168203419807,11.571645783030789,-1.3622779081033554,9.080958789959197,2.317701273071927,3.3081575358252704,-2.448651733625894,4.234429188908942,3.584908373493832,3.4171811959602527,-3.730989446572991,-0.40847333185252666,0.778081409216866
classical.00017.wav,classical,0.2677300318702251,0.07945084353579616,1072.8024115202004,1591.0060635304574,3121.1895879149015,0.07607174618134194,78.7648206145283,0.289314356217616,0.6238560951644135,-249.41355480534014,149.70346439628207,21.30792616850014,-17.596738255659055,17.046208470187892,-4.621466289014099,9.332575309665204,3.1405865871586736,5.975197943628343,-3.2092279671950923,11.974659906614203,-3.4961839145495697,3.3496541511903835,-0.4410762702925499,6.522203446388648,1.6234075220599402,-0.8778760414567879,-0.5965056893815686,0.17793670036336584,0.7683368643308632
classical.00018.wav,classical,0.28277530975889487,0.04836411511775944,994.7976491903196,1691.509377760954,2688.399096098818,0.0627679807139086,85.55358661832537,0.33810583661886096,0.6441532153912264,-245.96132273139176,151.56675190805333,19.706254260671287,-3.1826958386593542,17.667111366839677,-3.2787667369867606,6.171086750384992,-6.864922852390613,8.87814644642556,-1.5634364066952777,4.157632304975051,-0.57705190116382,9.765880784130788,2.086207423650896,0.576974470741785,0.6654735185711689,0.5851005574423174,-0.1630997492256836,0.7591530031110718,-0.43293674781201563
classical.00019.wav,classical,0.23234593884079818,0.0374469063696362,1237.878472630538,972.6992357995917,3318.5402085755823,0.058331544813250084,78.98959420060004,0.25150552397924786,0.5376282608863721,-244.91283136656742,155.69186608431934,20.470081184739573,-6.9294080674439655,15.525860336801772,-9.010176316627792,8.764529893109028,-2.6042160996841286,6.636356843769668,-2.6559598323051077,5.725801327472657,-1.242635493596384,5.15677547149245,-3.1818151991898027,1.8489515526161915,-2.853752797099908,5.933446649058601,-5.316940825520973,5.460771029950776,5.15904819178853
classical.00020.wav,classical,0.26093458239052136,0.01,1277.7378876065418,1488.4468509680125,2246.2906230248805,0.03427172409287636,94.24156159090681,0.3031941729841393,0.6071776502469957,-254.7927975087863,149.01894804717068,19.359629661948684,-8.511402437910052,13.394049862297024,-3.4655012739144158,15.805462120180687,-0.5534969326672123,7.855734478007682,-2.549451413159884,4.9299805974603865,2.541922737356434,3.1180596621460914,0.13566812699994768,4.153593705643256,-0.505352578434596,-1.1173966436523024,1.9689235108530045,1.8169880844338493,2.5007214083097096
classical.00021.wav,classical,0.253991990806825,0.06441642597626096,1174.645243757631,1808.1672511232207,1988.3272215601085,0.048521550968353366,85.80344546021298,0.18635543456472942,0.6429826173688492,-246.16144399071953,143.34954348193781,21.508234422472444,-17.47981246099023,12.103005589430376,-0.11250090529716417,8.254653899823838,-6.521639893226918,7.406186813045954,4.203719014490656,0.5049532583819216,-4.153929734918034,9.492295049538878,5.573107030613198,3.6897063271291484,-2.7171581075799276,9.287530505427476,5.7833271752475905,4.036840963286699,-1.4372070468122602
classical.00022.wav,classical,0.26852911977485894,0.03679279837910339,1416.1702609231156,1761.1802588636406,2907.795964398091,0.02583935884522863,93.0119716001563,0.2750505712010524,0.6831481832935319,-245.6003774221642,146.66525925145936,19.892523263880612,-11.594363654077645,10.296421723903633,-3.95987006718524,17.534669654753273,-8.520233233517258,7.903158166851589,-0.07837119477567978,6.369234604968543,-1.3393841575472212,1.102350909662527,0.6983602288204909,1.7297080689522208,-5.5697651149356595,6.583776661541192,3.875157459526127,2.1549829305532393,1.6872240646171077
classical.00023.wav,classical,0.3022295403814669,0.044486793135561656,1530.803510952263,1446.453203842707,3059.194308500881,0.04681178588899026,83.552415548847,0.14839511290303742,0.6276693510232616,-252.49586475248336,148.08515182041452,17.553873115051637,-13.198704795697676,21.374314209050887,-1.0059828140347906,15.761102506432785,-6.668685058666692,8.213761249732677,-5.880522875612288,3.912915368408808,-3.7543809502497245,8.718752019324684,-1.1886890343052796,7.205138001082049,2.812362668765554,9.910916256314367,-3.4383326694191716,5.777699719360397,4.439322611202183
classical.00024.wav,classical,0.24079863485918898,0.060142666729463196,1417.2289926052458,1459.0542732083866,2311.6225795598,0.031213358228262215,98.39849676628741,0.2500546255165986,0.7081008629501506,-252.37269814500266,147.6604411613351,23.245954427749826,-14.048728634654596,13.754358696284186,-4.897917766783304,10.334117805520158,-3.5372798550484688,9.18745934328777,0.07856726745343456,8.20391263637799,-3.95741142600348,4.147534706213609,3.584288585630813,6.683941562721617,-3.1185783544431915,4.054439701056605,-4.93467574812443,2.140804706181109,6.693301050237931
classical.00025.wav,classical,0.24156321848193044,0.02331353909016836,1502.8059563145719,1222.2957272622637,2378.535739540236,0.050946617063726295,76.92571321848477,0.23112240102312226,0.6256807100850696,-248.7353617493903,150.80045518888622,18.982633162189885,-8.889816654193133,14.62880195970073,-3.626583170222646,8.509203924646066,-3.547706923138623,5.030126622343959,-2.105022830018708,3.5669974091134655,-4.34213935048598,5.775983443566164,0.6382193275729809,6.348621204845717,-0.2933767087252972,4.224158540510267,2.6523927168209895,3.334321423494784,-1.4769610484064266
classical.00026.wav,classical,0.27448090446813567,0.04728280592109323,1351.4356933815884,1124.4340214932047,2656.171368390718,0.07518796559095864,79.11968584994413,0.19175383217157432,0.6153662499228604,-249.06286536860028,153.57820549624924,16.226395532273337,-7.805859242275023,16.771266183754392,-5.426439610821638,11.01606195376507,0.08837244479507156,10.61694614008535,-5.429057936221186,8.460474560266453,-1.1940658150975554,5.218622294046546,0.21959097300508348,3.54927103360522,4.575122491321195,2.748846120452364,-2.358638385149506,0.8194104320908135,1.5360841504314269
classical.00027.wav,classical,0.3068764435289115,0.05206189369897667,1179.8929442505912,1947.3341850022005,2692.6713588422926,0.06113086106998522,80.78628453138217,0.29266873957643597,0.6449219922186034,-246.34541586473722,153.17210491613469,22.616591000218932,-10.945260193582326,13.284761874131815,-4.002177469027408,12.799384217023208,-3.668162102329821,11.19551589714316,2.357850236458538,3.251037242779741,-3.5107621113888396,4.578874823283991,0.9228380045675892,2.426298958698847,5.056608036601434,4.272200584555353,1.1183411447222185,-2.3077285716055824,-2.9474474492825213
classical.00028.wav,classical,0.2784302775084542,0.01,1552.5274819288143,1471.5323080129824,3735.0825393581567,0.07661874375924166,80.54840744601987,0.2414930397974948,0.651835603622676,-244.8904821702459,145.08591282769194,14.64087360393594,-11.866104416663145,16.748212749521592,-3.5093792284772087,13.20931436495155,-6.599092585095924,1.0515684110933705,0.5740425859064362,3.5154111811042963,-7.055463593165914,5.435191237878145,2.379527064656032,3.633828603636168,-0.3735451585474676,2.5219133035622803,-0.11174828720234853,-2.044141335820502,-1.1440420309712955
classical.00029.wav,classical,0.28563839715041445,0.04643357082753,1383.611961193364,1320.8732732663916,2536.4738932525165,0.01,83.42781331108311,0.3643086166250854,0.5391476933144563,-251.75778301995328,150.98732033613038,23.758527903282452,-11.344673848900449,12.92324901220231,-10.90676942724825,10.310314387924318,3.1262281204312323,8.832075385894028,-2.06683693755114,6.966246932300956,-1.0332760118458062,2.5609568832196103,2.4698397470331157,4.677284569335264,1.0528397558009719,0.07390191816525027,4.910523795804277,3.9941082359993296,-0.6587625121019061
classical.00030.wav,classical,0.30005474561045814,0.03004858323229586,1193.5993014977926,1363.2534388535482,1980.126006419168,0.049073135706273086,67.3508409732932,0.15172449349873898,0.4487862531959229,-250.2582090783727,149.5490386191844,19.019911360440908,-13.127733084011728,11.48329873969008,-3.6068904093602776,8.348344204874536,-2.0509250353915656,5.344253941627333,-1.456811771686753,9.909834111948191,0.7584974011783499,3.7627585453505588,0.771596911067782,3.278004476409361,1.0236405540841844,2.023166843554489,0.5069943823438264,2.6362800592225257,-1.9800760987458519
classical.00031.wav,classical,0.23952363519030068,0.01222914892337578,1029.945779099258,1280.8891154003138,2655.8118773814454,0.028608187267621744,86.10891571384877,0.25277709990020497,0.5244832232550302,-248.03507324733494,152.43239593677512,17.01841197549544,-8.739425371315026,12.430505287772403,-4.706988869754994,6.206504779135103,-8.37931935760373,6.851548431161094,-2.3711868388245083,4.806960919156188,-4.552091674667678,3.8003028136065886,0.807884257742202,3.865320909632389,1.5475030917976402,0.9896543986373012,4.515153744148479,-1.5285200096643417,2.462680891260156
classical.00032.wav,classical,0.30545673278879887,0.04961816185497791,1309.495154587034,1404.9065316006638,2962.6306778661897,0.020655376121074907,74.23900591696285,0.21819537876066228,0.6402789600642106,-248.8606970918773,147.09586272446927,19.069076883845288,-11.842969432288884,12.870633023299394,-2.0633313243296625,5.884770612209483,1.8263425672031204,10.484689070553868,1.2725850118110937,4.6111814639242255,-1.4498221572373282,0.7005445564258643,-1.573987221200409,5.480964542929453,4.888189185344189,-0.3214704504073551,-0.09651781095579759,1.5461023393024331,-3.187367606577455
classical.00033.wav,classical,0.28774047725275204,0.02552019336514782,1310.9219297645952,1418.649113055862,2323.731522998114,0.041894325217791684,80.27512337145582,0.22025136941770676,0.5646086315589421,-249.04142598765114,154.96085180547686,20.41966169851738,-7.011645355266613,10.829334224539611,-4.526715682118692,6.7078950430868005,-7.430774782595704,5.781885777622891,1.5756980032407188,8.850047486008936,-0.27098583383680097,0.4018983203302078,-0.5888419541638104,4.905100026705207,1.5266086887357937,-2.5313807504422368,-1.6709535440596155,1.8077667075538502,2.60887272855157
classical.00034.wav,classical,0.2041161653670016,0.03675752049040283,1378.6097539757905,1652.9301579329183,2842.500154483103,0.05073856978213208,75.60047594638452,0.0973598290301354,0.5638491469458718,-246.9951045243743,154.1803635825733,22.131647306893356,-8.711977531594798,16.138918945157897,-6.668356240282342,9.60981911933914,2.007208577478993,5.172325982624371,2.844336372129554,5.033915536523825,2.9762963272852354,0.7795549715073857,1.7577126034939474,1.789689592157134,-3.2458015757725622,3.655602127232837,4.0284153657879065,-0.5348243157804893,-3.497047881375204
classical.00035.wav,classical,0.2672446570699514,0.03825129342445638,1459.6639255108998,1670.9270228456078,2579.204686554627,0.06983254972191394,83.79387795628233,0.22228587951944803,0.5336486743809173,-250.78797856094852,148.9908391637666,22.88091438884441,-8.612549127799438,11.46189263510215,-4.483236840766888,12.01459351518716,1.5840940781634982,10.662511902242178,0.2825399629344334,6.1802579838454905,0.16493601627034882,8.748514702118477,-3.998332192438949,2.9516820183491324,-1.3177062462687221,4.137459356178372,4.690666526952363,0.20907713983677834,-6.1709131024083135
classical.00036.wav,classical,0.2576333776492659,0.05826947464034814,1457.525980589976,1577.0735246059037,2502.0023443439322,0.02281453895670321,86.12235457299573,0.18325745519723002,0.7321636663177568,-248.28847837493646,148.25805509233814,18.165844257834117,-10.278832619840765,14.281494233934751,-1.6494986734101373,10.55924850923214,-5.194895216725584,13.671322055467348,-1.852075005439332,8.30651902790669,-2.8246795223342778,6.089346883233571,0.9333299734295857,-1.6689478762884589,7.04582533138192,6.871933382767642,-0.19158594843796295,-1.3068092213675664,2.042684841410656
classical.00037.wav,classical,0.27260093098243193,0.04711337897126459,1388.315479238818,1591.1233780750667,3106.556994787132,0.05052154807692969,73.60275600872048,0.35900502821699615,0.6580410632071161,-240.54382979646374,146.6295179002812,20.728646039450826,-16.246296109566963,16.65944746913763,-6.644600894500318,15.77033738447486,-5.323844910055746,2.9324508860982146,-3.413791222107559,0.07353668634858757,1.2532983635219304,-1.1952491387689612,0.08537274354947663,-2.2334354595685904,0.03910658639007425,7.930134467413602,2.081943674307385,-0.5904808148948018,0.9063895331827481
classical.00038.wav,classical,0.2705405061613334,0.04945260691686811,1076.6283273438348,1606.6621092925195,1653.4629289390286,0.03255173171454285,78.09380926038764,0.3006661460856991,0.593983327360297,-254.21668916156887,147.04502062254895,20.59604002864222,-10.23720202559367,13.26262767109276,-6.442501368535938,12.088503991477868,-4.5530777186076445,7.7357262679127805,4.509809764241629,1.7289520893482306,-6.555528194723976,7.35076899439582,-2.0359291838823097,3.045287416772139,-1.3434691343933425,2.2205995776974623,5.795614336289024,4.406385375854358,3.5866705356609314
classical.00039.wav,classical,0.22751318832622064,0.016976925268942615,782.1842681029146,1354.3114522051042,2934.8461152349805,0.04975419773622557,80.22789389638301,0.24821597730255576,0.566410324982666,-249.38572335279466,152.29763483844184,15.15233963776858,-9.101056936487955,17.797304612864004,-6.245300866890108,12.10210183636175,5.44396333341766,7.686971621039325,-0.820078849984029,3.7858287490158253,-0.4562465121938488,6.380814874946911,0.5845270208104142,0.9409140408734298,1.6190853139763521,7.386587816152911,2.345907293543582,4.8859615672155225,0.28896408996211687
classical.00040.wav,classical,0.2924970071827113,0.04558535676433052,1159.8178540625536,1557.3337808637973,2252.906167795891,0.032506795876728126,83.514626458339,0.2737795418704099,0.5537182259649147,-246.83804268645136,151.7160188349014,17.885814693167347,-14.612754389347526,14.565286262755706,-6.3378311415834805,10.339421371159068,-4.0893499834666995,1.9776294177649705,-3.165040814903475,5.083142666795061,0.9009830743221761,2.9054009761668507,5.036024020117699,-1.734921651955271,4.9335024934078735,2.3270430873656855,3.5787546170306683,2.239404452176199,4.418666608076408
classical.00041.wav,classical,0.2583791410634157,0.018027591496443757,1634.1008574542127,1479.5734837412147,2677.5454657684736,0.06052127871067193,73.74435806324452,0.2976392718111406,0.5470466049140223,-250.3965080669331,150.21683689615287,15.499334415659192,-12.336511128461304,19.053218677239418,-2.341426434245613,9.812081268018295,-2.270629624461321,7.117272483090627,2.0697501574839468,5.398942266617508,-0.3044737235954559,8.438090432426195,-2.3321144545377197,8.676367553490682,-3.5913842292301306,7.888926393338396,-0.1180267518559237,1.2719037565241549,-4.670030513548829
classical.00042.wav,classical,0.2563561584786692,0.019203869379462314,1228.4707309253054,1475.2840261580018,2935.227065065517,0.04511405027100939,84.46141322720891,0.162358448892355,0.5726925951218969,-244.60382494494607,147.79439689571026,24.968624756171888,-10.7291835966426,15.006863808430513,-1.7889045193102104,13.81567726581597,-3.3324376808372627,6.835270839435383,-2.1677613455666394,7.0138725846963546,1.6739110606092664,5.012689576982455,1.856658894069461,8.915079196812822,2.143928836794354,3.934958568014335,-3.556732475270204,-5.89219041048719,2.165127187690505
classical.00043.wav,classical,0.26715527306157383,0.029704346501705163,1398.706040837269,1489.1273287445565,2994.7230877218644,0.04329166302388467,76.02461371943866,0.32921329911674313,0.5742357477005848,-248.4203899489831,148.5677678814216,18.05051934350769,-9.747495309442911,15.038485930631055,-3.560518893899501,9.194062740070773,-8.509079351311192,6.701678349234834,0.38145540143144707,5.107871762270681,-1.739150207543644,7.959129517717811,-2.1359196817767683,-0.6284096547286993,0.5181066414235169,1.547478146253789,-1.898738959259762,1.4738646323039277,2.474516941740351
classical.00044.wav,classical,0.26972134315296553,0.04613962145372476,1712.6815397030846,1438.2818049196385,2697.422022125634,0.034361799561012984,75.22912224090422,0.20320738772657843,0.5581712798273063,-248.92157260735863,157.04722736010228,17.851869691172478,-11.249875916846388,14.810630960666256,-3.812603453870759,10.790652435864356,0.8522873818443517,0.7208237883943749,-9.160789610587019,4.512365483969552,2.291900562631126,0.3030559051832107,-9.022897019081272,5.713538218657626,1.7309716711081433,-0.2706252203982893,-1.9566188021627897,-0.9092311589040234,1.3316059524218204
classical.00045.wav,classical,0.2512105417145098,0.049881278379510396,779.0746674191217,1345.7666642769962,2205.8811136811323,0.03815488982441262,77.69561793207889,0.31382750239166135,0.49839172866229303,-249.86352557100776,151.67500926963513,25.569942309685864,-11.445297913280426,15.973375813057551,-10.411588377687096,2.8241313870609286,-0.46567687265490054,7.983319119055788,1.5355380693952685,1.8797913330907523,0.5597064185862575,10.60645352163156,1.2591168250717977,4.829744516773147,1.0256682424730494,-1.7126443713777366,5.0667188071310445,0.1674270805848026,2.5134497691490507
classical.00046.wav,classical,0.2231089708028624,0.01641080670984439,1637.017479844447,1437.4855879875884,3108.6464166148908,0.040826540114122234,67.26481781633714,0.32136540797853763,0.5227484509234839,-247.90393355944886,150.07563260262026,15.37064531617139,-9.507115703888292,21.588669426458395,-3.5210406244566226,9.82744674098361,0.2260302058706931,8.632005395609333,-1.371397309211617,2.725124483522692,-0.2984559226312049,8.106330249250835,-2.508186456300074,8.273487463740842,0.7248819275646221,0.3366914653843782,3.992896230760733,1.1396172927851922,3.2785446624583234
classical.00047.wav,classical,0.2612472410322439,0.03880347712940193,1448.7120408668584,1552.361470366201,1901.5638768418917,0.025181343898584126,89.43527987832653,0.2394290728878762,0.6091957344051533,-254.0757220457724,146.76079103617246,13.934604080114157,-10.303842156104599,13.20468725825686,-7.899763672955945,9.795629724496141,-1.9080881074417857,14.279593796629834,-6.535650258689641,9.478143129901566,1.9193046830452158,2.6627217818698985,0.609707863758093,2.6271002519871542,1.5570657412562168,7.527393040213652,2.8168186978939387,3.525825119700326,-0.29092795986392717
classical.00048.wav,classical,0.22547830005226996,0.03583063578919184,1591.321630972783,1225.1097858138635,2230.718721138157,0.04389401604351102,74.1227617212219,0.18659812423078298,0.5567804273681732,-254.09685221257044,147.0776344613509,22.110283750361926,-13.922109346692892,10.206383596515487,-6.890074938601683,12.195866507529537,-3.5907654239906686,6.606256765653145,-1.8669236074531788,0.7628777014210435,0.4841169613250973,6.150305094210933,-1.2279254222871638,7.017773535389249,-2.3824882968591163,6.3837269797607075,1.4634809967857534,0.9903422303654799,0.9403790938950652
classical.00049.wav,classical,0.26678205702567176,0.06440565792835434,1134.6641745057973,1362.7465369536123,2962.706012225368,0.03306697597224211,89.20426461865273,0.3859548786406968,0.614426240972866,-247.9559130202741,146.53892315598043,22.26419989420343,-9.401728042039698,16.419114846480646,-6.936716216106185,5.016749753298482,-1.4902438057514855,1.809790542561636,-2.9520514767276045,8.823545599259909,-0.42430679238089175,10.84502793436944,3.0753274577453205,2.0383048350232706,1.081940139554316,2.8578878923666924,-3.7465302900383817,-0.8211967494530596,-0.6822827209395808
classical.00050.wav,classical,0.20891338491432193,0.04094986936503286,1300.1856310693918,1198.8790977639167,2741.474502847066,0.0527380911703644,83.81627583091911,0.22407454598328239,0.6438831419535394,-247.95933891856993,150.92221070915906,17.526163248695717,-9.170197703466458,18.586441952476438,-6.78988717583519,16.293818017397292,-4.576892801956153,8.09722104002041,-4.017456788019008,6.669812507760783,-6.2266650779058255,3.361874603549836,-3.2763636010457016,4.406015043676873,3.983342126526722,4.938018561343655,-6.114978082576677,8.126208958783641,1.8858398218626051
classical.00051.wav,classical,0.24670502578521,0.04314255837981882,1385.2379645005385,1379.9672309487185,2669.2708335697266,0.03288791568569539,78.76510405847982,0.19509766913959325,0.5237355757323167,-249.56249058935384,151.75589830954902,21.544650788229117,-7.540224242094297,15.973020630044605,-6.59817649465071,12.518991593293567,-7.072552619525805,5.29798585246256,-4.892600214269734,9.240168177417932,1.8283655424202268,6.461915711134985,3.2157895956353917,1.3621516527640356,2.045785359582941,2.6244767148505073,3.5406463116547418,1.6543273023434073,-0.15482866523024352
classical.00052.wav,classical,0.2862272555568297,0.05752338334382466,1216.3309610306396,1489.0063791565724,2229.5457782254216,0.01,83.60367705130983,0.29871242850037055,0.6266171293967481,-255.8486851532631,148.94745170977058,13.344956719846756,-5.890896677037446,11.741836253645742,-1.2337891716203107,12.837608931052436,-5.701771057608185,4.6016451461967645,-0.9488893508409852,3.467027888450787,-0.6925460735253774,3.551517227579245,-5.343475243396901,-2.6914040573733775,1.6800527454837915,1.3153267610081238,-0.6592694507423968,4.087591517281356,4.520326829897335
classical.00053.wav,classical,0.26182365835914573,0.03318802586180277,1450.0286066227768,1255.7515974540765,2678.103569161694,0.05027828957733231,87.44184166734104,0.09505978379980282,0.5898391427620818,-252.6347897584704,150.29966086322764,21.44223373930395,-5.509868777662056,13.515103558895781,-6.492717494927642,13.449016056636241,-2.1102691844090846,11.802954533563922,-1.133815990970491,2.5286501438601876,-4.99938506433342,0.34546325282321266,1.9861555042754195,7.5657904692610245,6.548086424159143,5.5293159969697205,4.488515732604958,0.25995100203894594,-2.4692474502315704
classical.00054.wav,classical,0.2955023799725266,0.048353615044788016,1371.4888748681785,1569.7268665139381,2713.114918860372,0.06125725289780342,92.35988467853565,0.2935376281872278,0.6886397111726551,-248.45781234272567,148.61649080389614,22.26969402473942,-14.183485206577785,18.161674656887648,-8.583568819298105,10.857409860384198,-5.535461875278477,9.66016694922328,-2.1017756777837264,1.2157321255100033,0.26209889305543665,3.2662376695018684,2.643440162440107,4.0039770662032215,2.1862629561641143,0.12729313495436445,-0.7679966942820857,0.6240840916967465,3.570107440727667
classical.00055.wav,classical,0.3203213126341647,0.023896564965142475,1565.369628931536,1109.4580648093736,2182.0337096176986,0.02761832315719838,71.17993048447423,0.1233129288169936,0.5875746849236683,-250.64220309318358,151.13821619281532,22.07141805836454,-9.2031490204824,16.973289528451122,-5.208596858726808,6.439019835082766,0.17344254246238844,6.232663601656619,-4.806788896287278,5.466246372586806,-3.738432757889539,3.7477088540317034,1.0321617646903993,5.045025217738381,-1.693490199276888,1.5368838811537662,4.222999014310731,3.489200353201823,7.225195118045625
classical.00056.wav,classical,0.30540384521224584,0.06288586137119878,1072.4262899088396,1637.494863294016,2581.4126194060814,0.033735272946926256,83.34412272426023,0.3256169227689187,0.6375820397661864,-252.63542140402618,152.22737674077786,18.08723737377211,-9.34995064310714,14.089949797568597,-5.656598755206877,12.298728925121528,-6.120581159447694,13.8355852228308,-7.463258207883489,4.206996950235428,0.11063566982522288,6.752942499305929,-0.3014271617151154,3.8278278909953727,2.2316502559828497,2.3067915676269592,5.179543773804718,4.518047342694807,3.6184730530169036
classical.00057.wav,classical,0.24101529829888751,0.03841223151188594,1289.9068102558592,1318.991752375896,2726.0574643810182,0.03393531363330275,87.24323063880189,0.16438467496845346,0.7131141455375982,-252.68899797577618,150.6579070116013,22.3755779311642,-11.711921290600339,17.557405930298852,-8.687550793401249,14.356353097547682,-2.957552205102725,6.2107657760933614,-2.8975453172823036,8.42675780817816,-2.7533658755513146,2.751926931731667,-0.6646097927512145,0.4691136616900957,6.461631723825446,1.3008162263558303,3.4948503585412105,2.628410250943318,-1.9536021514459043
classical.00058.wav,classical,0.2698213587236181,0.05568005558621496,1312.3477329827388,1714.760330253185,2957.5303874736524,0.05578372281987494,78.32274582181603,0.16361260417748102,0.5630309165636703,-249.41127717799984,151.63736014059705,13.485285785718657,-10.024339604835252,15.474267675969553,-5.832632768946655,13.873821517047636,-1.7346597772473873,11.93057572424269,-2.6478815610506965,8.812432477520774,3.9051991835825586,8.935080347817983,-3.276424780286199,3.238971767372857,-0.03549411634938937,4.467763605228983,3.0590606650435994,-0.5166780220772091,1.203515541750813
classical.00059.wav,classical,0.20940218003531594,0.0688389001160378,1247.5251518646612,1510.0555091720094,2491.6226001041787,0.05919041362520123,59.29994846882097,0.2486711726139273,0.5170838688831938,-251.36090916277504,155.1786796369069,17.338011623432685,-7.684611468293016,16.06875836611825,-1.2154422423934523,7.998432745667484,-5.198906697371276,11.288209722432196,-0.7240360750096688,1.3651879599697239,-2.6179150433898113,6.159147961544183,2.5132926646397675,1.962308040421135,-7.742767969450824,4.5696695572111,-2.6609620698319274,-4.052016394367234,-7.496977774952423
classical.00060.wav,classical,0.2944194258059323,0.04257234900809933,1304.8687238575496,1750.024385333297,2823.0636390580753,0.06624450064082875,70.85811622266402,0.24723595008368293,0.48488226708758936,-250.6881469955664,149.25415243869998,21.879840911789213,-9.863308356574304,16.870221414839747,-2.8896796005833174,16.464786032149426,-3.945889965858373,5.176931898000863,-1.2617491540507735,3.5931599185813696,3.445882305309608,4.150345883164302,-1.696729103621971,2.586052836546646,3.155252270414923,2.5267590503055444,-0.925000460391147,6.996055752870593,-1.5685095219852503
classical.00061.wav,classical,0.27106698222098985,0.05304612303220461,1023.7329779165854,1586.4468902530664,2230.712313581843,0.054341741712510036,74.29879190464818,0.30542152254790883,0.6339121229571663,-247.41569042310158,150.7539499447143,19.3060971712109,-11.729258729004531,19.41310407245131,-7.09848566050293,6.888801779290011,-1.00389319490151,5.611589590440514,-4.850190492398381,1.669187213490705,-2.448729518381553,4.751854928310521,0.7292751829820964,6.85391873289845,2.580693770997381,2.4273833413404606,0.4054129708608404,3.53047240674555,4.817710488785709
classical.00062.wav,classical,0.273789425984496,0.030617382915791823,1151.4267997828908,1239.8630524057994,2833.194385215233,0.05066967785459336,86.6189082008533,0.23970724429183554,0.6951676430477873,-251.45235548375445,152.8658077116216,19.88377131503137,-11.825052294038013,16.777590921953283,-3.7710916439480187,11.070918277800779,-2.7561647338314037,7.886320754849508,5.165115978611316,9.552769935588518,1.1684806849565366,5.335397474610165,3.021471601790007,5.553984329174355,1.078614258322107,2.089307024202255,0.7572479870119354,-7.511277207634167,1.6318025178929254
classical.00063.wav,classical,0.2553457175966892,0.07185339996565768,1353.8688141623509,1285.9865844837068,2582.541946055159,0.02630818372406244,85.78725932569974,0.27327578914715883,0.6695942040267874,-252.3726453750837,150.10202428868445,15.904934613720094,-7.895515654225857,16.556613541320367,-3.5125849369172872,10.004857094070823,-1.7556813276336272,12.813017324925788,-2.855282771126042,6.415935551130254,-4.25837889754423,2.395217115205003,0.29343987927992216,7.311800640105721,0.2311575272452826,2.2922504120636282,-0.22065573351312406,0.3957299874670306,1.8849143671264645
classical.00064.wav,classical,0.22508227064464068,0.06561879153333455,1216.9155403741079,1629.9426273788654,2155.5004909121435,0.05203260195819327,87.37555686251598,0.2807361657604717,0.5779369121444453,-249.25135543120578,146.45083144579684,19.241710234711444,-6.911760697134022,17.390105781212227,-4.9544511723787,7.075580272231474,-1.0632368634774196,8.058143713094076,-8.96094679469127,8.347889478949554,-1.0726985016090764,8.607353743949217,-3.2858115565284143,-5.530111439588001,1.8372515750355556,3.874691030045918,-4.072014882819356,-0.9354986375998191,9.265653231159705
classical.00065.wav,classical,0.26083168157538594,0.05461917952752432,1219.8680345263233,1123.745478206432,2540.409613621433,0.03801593159570842,78.80097409065303,0.2408287331594886,0.6087170664222307,-250.45035085376142,146.2079814961579,21.458554374685818,-15.84811526596727,8.848927628147399,-2.7824585158952964,11.52106081640607,-3.172186095222108,3.8136544857347836,-4.123732822022226,5.211759756940488,-5.78768190572234,2.7829140259303013,1.9569910145300395,8.28191609286765,-0.2583042579756518,5.269465062948296,-4.742180211762402,3.9783537233408346,-1.4118452441824432
classical.00066.wav,classical,0.2792203685012391,0.035044951635205816,1614.0828019567668,1342.6015832988148,2819.6622041466408,0.037807388050552004,80.73355617592269,0.23529168854726323,0.5604671804350043,-250.04229689772,149.81205533363453,20.723720745220188,-9.746484562921413,17.39398364883671,-2.229474151857894,6.848130034516597,-0.39368249822768675,4.440990718670436,-0.236432335586795,7.8592163541086055,-6.733950674987512,5.278937739588229,-1.405488340080947,1.7237042261938749,5.052556992097016,1.0389625780877432,-1.4191307873541494,2.22708482001528,3.0567692388952494
classical.00067.wav,classical,0.2657505424196962,0.06332741091338505,1456.195132392818,1107.9219624483426,2414.686562772547,0.03357236850972452,85.83488762743538,0.04001463549007106,0.7493313140387688,-248.40692171531737,150.44663041175306,23.544703149257437,-2.969037841562125,17.61223993376521,-2.1535607105851398,10.392070073393146,-3.424577260100845,6.572613667985296,-4.478335975143626,3.9389577009015078,-5.05166789302895,4.77238564794493,-5.0540027316791605,4.572749572431132,0.8910081758729748,3.4408058951600635,-0.5663947100599773,11.230581110541511,5.080347700540939
classical.00068.wav,classical,0.23266372499745833,0.04465736174853797,1228.3987714125353,1317.3936491926654,2130.974775106623,0.04848325036138881,76.54895811944341,0.32742608192201633,0.6367477036744347,-245.87825684436564,147.4428397017777,21.42609683207603,-8.102637350073097,13.577465474688106,-7.315315872178625,14.828561997327919,-2.3175123728038387,9.907903252135213,-4.466228035483782,2.3421466004334186,-2.708349323476331,4.627935837830009,-3.1926600204520463,3.970465574048851,-4.0655155642055,-0.36014226740961686,3.0127337448306255,3.8113715608336824,-0.1756302961605991
classical.00069.wav,classical,0.23946707072769144,0.01945192896947978,1275.3463508117372,1616.0133284961526,2924.8859919705137,0.03455202396777047,72.77206059212173,0.2714274910293067,0.531718478689164,-251.5547579165836,153.97582827131112,22.481346285697306,-9.526077063245644,11.184242996661832,-4.365810297588023,13.18797187236258,-4.126900997296607,12.053342269960146,1.8782358685546212,10.991198496430421,-0.08427062040594113,6.7621750994180365,4.24256186499327,5.342181811206927,-0.5037023233706381,1.654371490416416,1.7156648613212175,-1.871684265838656,0.5702232539074221
classical.00070.wav,classical,0.3028964135469076,0.01,1656.896420358903,1702.0273593665688,2439.0823844593333,0.05015086241807715,82.02518181525062,0.34839922947509466,0.6567285889456869,-254.20021216954902,151.76178724039252,19.383116439070257,-9.7515022884457,12.815484297090553,0.2444112073625062,13.120185459707727,-5.219313491918902,3.9961681792693025,-3.1570178929335446,7.303507938273917,-0.27938246816133105,8.75939847430473,2.369759166542557,6.90870707725872,1.980566201831312,-1.1678961906329706,0.4129044065592957,5.1802692197259965,0.8454312144260618
classical.00071.wav,classical,0.2850927110587124,0.03362503369507734,1144.037630291631,1477.7980684717002,2708.166605061429,0.032164684208078345,80.11431004114665,0.17484294064112138,0.6563909085325047,-250.8833672727641,154.35826663537856,24.586243551622726,-10.243137894165232,11.97465380235795,-11.257693633200011,5.583888780919626,-7.12150447469598,12.135408882384514,-1.6525262383191617,7.168813572275964,-7.661263026805377,1.4061007123482154,2.661239329338861,4.860322337147759,0.5583841639432082,4.694527075800368,5.907393418407445,1.3368726093888483,1.2081094079742083
classical.00072.wav,classical,0.27577790756193915,0.08784219270547985,930.1287471161949,1622.9801426619854,2559.819212934328,0.0505015758927627,76.7410195680422,0.24608279753132398,0.6233493523534329,-240.66126939686848,152.4241085682062,17.455803205908474,-11.27127904606811,13.639757674848438,-10.386929517890046,9.009729424895689,-0.8015127545347651,4.177303642769615,1.1454479531517774,7.463324463253015,-3.2026999659131135,4.575411087986458,4.794965422923099,6.200643440517597,1.0263509646944435,2.2869500491170474,1.2298272113549789,0.4647093261730897,-5.3142485171570435
classical.00073.wav,classical,0.33126533731604196,0.04310649998398803,1429.6294530245075,1489.5766050221564,2342.709119746394,0.03921113278576844,69.20484190244551,0.43216691984426436,0.4977925572130508,-253.09589885154153,148.6792223868408,23.864227174557133,-9.956473002212038,11.291592611908612,-1.2369849177279812,12.193001880356444,-1.3846951283506428,10.147202723512521,5.183085701747352,12.555284685108337,-3.0601460290098856,9.871654978433456,1.149504569276701,5.497287448413248,-4.076812494929985,2.488842703835412,-1.438470771009695,4.484176444679928,4.213241501208415
classical.00074.wav,classical,0.20776540946951066,0.03955930271991459,1574.3723009588505,1466.39778678358,2855.1722757508273,0.04726748201440626,84.73328185562102,0.2282948017545362,0.5569207667517933,-253.36459044227507,152.12805754336594,20.05837476655665,-10.415536733821675,13.728329873032942,-5.915566536442255,13.140735383464419,-4.00573224560408,3.9768058600952934,0.23095532662051976,5.3853700084058485,-0.9058124034016707,9.822734919198531,-0.06168167205152156,4.867551019356176,-2.536770473894976,2.3409916429471194,2.8285781356258037,-2.666121201523727,1.6025352793471288
classical.00075.wav,classical,0.2730237321793442,0.040825749111748785,1557.4317797316487,1560.198932672734,3117.3251644247553,0.02709615726608946,83.08739653774678,0.2567573429111958,0.5581150123287963,-247.13111499372596,156.97401991755845,19.948981776548507,-8.4849367351787,15.253555427445981,-7.140754009721528,4.537719166593951,-5.117320449286096,3.824124857144806,3.1123062341773533,5.654670918230282,-2.037757987141512,7.667461474363417,-3.365253308567664,1.6994078859863428,1.204216807745863,6.086306974270442,2.505055135506365,2.7449754275476463,1.234353205708049
classical.00076.wav,classical,0.2820070756658033,0.04403305810258509,1144.005545044613,1508.2942598939671,2224.2089693787866,0.04321623814351236,78.15481646809407,0.45315052982262893,0.5910858425677671,-254.21271869878476,149.59745936796924,21.558076236913664,-4.979908161542429,13.231642800183845,-9.74728392207092,12.450511034292944,-7.141796117698954,6.691533675477545,-2.772861456532982,5.7910996400996755,1.0674933712230068,2.949097153140837,-0.8211877565002821,3.9571889411518346,1.4487938725563643,3.293481524123768,2.3080173256677394,4.531518528925211,2.177902346952904
classical.00077.wav,classical,0.28360756570527657,0.01,1360.045539833136,1586.3113586402897,2855.1294180996574,0.03161473838649309,76.72768580089084,0.20407194597731212,0.6145495167479078,-246.89835683522736,148.7776196781252,22.723886940881147,-9.629560572506218,14.627142668512692,-5.634152689453907,12.239834093806472,-2.0232665496387896,14.827476282942913,-4.556673928991972,7.554305106089927,-2.5876030294345385,2.3921390390340687,-0.03260141110491643,4.412057438221108,9.754520665180276,2.447562552950394,-2.3905361884540506,2.819032152483157,-5.223920112639105
classical.00078.wav,classical,0.26724129652187206,0.04032050564590321,1508.9200765890423,1675.2520048970125,2423.750633382299,0.039740789780551004,75.87103335511463,0.15975499561538448,0.6000111140507116,-253.8207566457898,148.7561192982844,17.014478120302286,-8.350950441129221,20.404290297799463,-8.904763948409993,4.440944551307293,-3.374660656050202,8.047093387873275,-1.3440220797281068,4.661038454296966,-1.6019178964762955,6.102531231621807,3.121292677934517,-1.8651463109548487,-0.1068183170943866,3.64142638182319,-1.753928313832208,7.193508895301899,-0.9062296406862109
classical.00079.wav,classical,0.26876121938978154,0.05112044193684582,1231.743042239621,1167.616851395205,2449.9709155792134,0.05744160833890561,79.30483898571889,0.1822852558832817,0.6436767566715819,-250.99232468806915,148.46951755904934,20.448368268989928,-7.687749371143638,22.14514059519764,-2.518291677027731,13.479519899165034,-4.517898596963565,4.922395682091571,-1.813005951142631,6.321509745778789,-4.2355382240937915,4.474116410287961,1.1979528051573927,5.08118018505424,2.5128635601528173,3.872894190412329,-0.5210259778101674,0.45829812005347037,-2.5968541939816276
classical.00080.wav,classical,0.3235432511755529,0.04026900729238586,1305.0293888410297,1332.8174253385573,3627.4802658147223,0.02590007951665657,78.56921659515142,0.28326694690288484,0.6246452105190318,-247.12620383435294,155.42282552330778,21.518472966382138,-13.168092399900003,14.229164624634656,-4.076502882458345,16.20467812451747,-7.193416435272891,11.607729515675683,-1.4602568913607497,8.513491605688442,-1.305984149907796,2.4727021096210207,2.252618338203996,5.963293081316864,3.916170897219166,2.9600860938640943,-0.7994660699595482,-2.6763609850715246,3.458119804418219
classical.00081.wav,classical,0.2827166844733196,0.020684347342720816,1242.285265340675,1415.9834138487406,2080.9554488061535,0.029734764050923,72.92935714554916,0.21700167904896506,0.5365502143793311,-254.88101476260024,156.06777069170843,23.75762219308769,-12.337058264559957,15.817264189960829,-3.747604730536115,13.57325756432043,-5.455815079980236,11.276320351947279,-3.643715912620805,1.9924127874941604,1.1724096779434916,8.872275272367284,7.763726920592054,0.40082420472935976,3.0967590552423667,1.7705962686194008,3.3500761315720937,-2.4114686536937517,-2.7883093270956922
classical.00082.wav,classical,0.2467237553050055,0.04157928091336169,1221.7837466923288,1618.6297819044155,2959.4131163902703,0.05099366311868034,94.95030111728694,0.28326613035642745,0.5952187936728176,-245.909870459385,148.184531293182,22.731255499056708,-5.278797350334681,16.3700640321912,-9.48847643949395,7.245363500470625,0.9682334006554068,7.492631943071551,-1.7612793951735024,8.276473248490827,1.0889685862409704,5.836399437156382,-0.6260051136613975,3.061994662802928,3.573696475874029,4.660708593203379,0.22809999814663118,5.246336938979422,0.6128976546106487
classical.00083.wav,classical,0.2444501347699682,0.024820586021933107,1154.2518327380467,1450.9661970113364,3031.8034974176676,0.02992357228454237,83.50780608814482,0.19746485234980693,0.6001388207669711,-254.53012363595576,149.3383853125304,19.418883860585115,-8.379136167892915,15.669842739766112,-8.595176374856136,13.252594732130628,-2.369090879334014,8.59518055153246,-2.027547060155417,4.446727658333341,-0.3465929807538217,6.426765307785747,-5.240687074036664,2.3837174879617127,0.23515908878923208,3.7685118170828344,4.579933017781378,-0.31522244379034703,-0.49388554045352606
classical.00084.wav,classical,0.2546239766806035,0.02396944819790917,1280.5627009775476,1638.744399597835,2231.157576622479,0.04841721592729355,68.38478215985332,0.20509296028462354,0.5399684680885506,-244.9754209812578,149.17559308574192,13.396269579647246,-15.99666672058375,15.102088759040043,-3.1586874326302743,11.126367572881758,-2.497289682597029,11.486778792517,-3.618773662211395,8.684731668080476,-5.896044655079252,2.285156501185801,-5.421124184795449,3.1754640979906235,0.8612163482009724,3.3423044766795598,1.1856500586614056,-0.782659992435184,0.42927746676035294
classical.00085.wav,classical,0.22507659994182755,0.06726457950264501,1289.2747854204,1412.0004985721355,3156.129114955429,0.023366301996761565,72.99530308774425,0.16230237401051478,0.5703388174940668,-248.70510511108722,152.2190264043535,27.715985952484907,-16.74829736260229,16.82620676737325,-6.671391717716693,8.24075455333368,-4.859316384761633,5.27369098757608,3.0535745038103554,8.526891981041707,-0.9304120643278755,9.053047257461001,-4.537586895896627,0.007884606007221517,-5.533903196584063,0.9017563796301373,1.4850955801142587,2.308575733797002,1.4480257331796413
classical.00086.wav,classical,0.22766829506801756,0.05606309485228044,1397.9255036477996,1631.9497706638797,1937.5332378434819,0.04667236288196685,72.49787808065979,0.21821413979589105,0.5985852877342933,-249.72671918123226,147.44538006066205,20.018819468553254,-14.59460594573093,18.45080218769489,-5.615852058488754,13.355649832765977,-4.5795950612881295,6.429272034780251,-4.292560359913539,8.628521795079227,-3.1282934719854274,6.933786297245529,-1.1473571930078708,-1.9278898996748595,-0.7109422033593984,-0.5373246430885446,1.1017081710470125,-1.5712232070234706,3.77792530214385
classical.00087.wav,classical,0.2672677241894092,0.03644808010482522,1481.1784275575164,1673.5032481336552,2592.965436880622,0.030431995506760644,67.80824307110296,0.1951160194371856,0.5234202991842379,-249.6788276410231,148.9645593565859,22.063798916154283,-11.838949813812068,14.828876499441174,-1.4480376704093318,11.0254756418649,-3.1801126250656937,6.194166674194468,-3.899694190144931,3.4481602411441568,-2.623020597348698,7.266997516232944,-0.6656648138768061,-0.04931920814369306,6.304507879179351,3.959895573435489,-3.220830201539508,0.6744532182775285,1.3326591484852535
classical.00088.wav,classical,0.3211377627989213,0.017837750834822613,1545.2081438711893,1751.9075568550218,2379.9709932239,0.0378372957170965,73.70952602100984,0.2337231087135756,0.5745812238616403,-248.0210500057529,153.27055041306133,17.755711806135057,-15.901975192677984,14.936265662171273,-4.119387410094078,10.748253063055126,-3.9800197425271318,8.374256298991803,2.5463344250567426,7.145202506887528,-2.1201052750092533,3.4994065487120127,-0.509557073033192,8.91021988549192,0.4500978714214081,2.9406169664378763,-0.4469407128089089,5.296950072325894,6.879511764234024
classical.00089.wav,classical,0.28351839148294167,0.041655458075708515,1357.356566634847,1070.8247780185657,2860.802802499686,0.04401249623993766,85.4267364052858,0.1930830244733036,0.6011274175709672,-251.23307480950953,153.06486895221911,18.86372049019072,-3.7520190336706065,16.292587257045113,-8.827047979987196,9.61436112024413,-4.955025366469247,1.4168525905399267,2.798412820341368,8.109427626660011,0.5996219536979375,5.496210980899113,-4.146052706077313,2.54914858133369,3.525342324352038,-0.1536600893475084,-6.595307948752441,1.318681976657222,0.5747273379173843
classical.00090.wav,classical,0.2740669024924413,0.05457037287029073,1477.5211624462418,1546.5785649439058,3018.4359858303483,0.019215453287800284,86.03665451581912,0.3001230690669554,0.5606593401303097,-254.50861182604717,147.7621736205732,18.015375672454123,-7.739741609492707,13.156383648926715,-7.569045554843612,8.165098789916323,0.3558970024626351,8.039130123130857,-2.5377530760707354,5.669983503896845,2.876181002979568,2.7524848201902747,3.9465248728203117,4.631488896764511,0.5187418540739568,10.502701493802844,-2.166918469395789,0.9389427212989818,-2.6972937174920006
classical.00091.wav,classical,0.2985738591160851,0.07378377867303358,1683.9845562809278,1720.3107755662809,2530.832836271412,0.036521385337652305,68.63064182004749,0.4128698828145434,0.5808138107326014,-251.47587071460845,153.9841706669609,17.08170644972,-8.780133897331979,14.482112597127497,-3.0839685803590973,9.809279382441636,-7.352783673333673,8.226729118010114,1.1465924256260864,5.912350782438044,1.3253453647672582,1.8634115429778406,-0.07878237980955641,2.126468634734268,3.240942520314129,3.094474686785987,3.0702210290098377,5.263131278473598,3.074855725364165
classical.00092.wav,classical,0.2781935530288093,0.020035754829771896,1349.4427778666197,1404.0437276371501,2479.5776151535206,0.03638198773874624,74.16059540174204,0.0934129128692808,0.5446950803401442,-249.41986164422752,145.95546886371753,20.04704670941487,-4.299194727067106,18.069169665756718,-0.06937547263841282,11.17338363079818,0.502529468959338,5.8281058085966375,-3.9330208010659526,-2.2174206184124188,2.558436422126897,9.620971939459658,-1.65953173604181,3.238144880808295,-1.2615863410728845,4.147960654432475,4.374797635909722,-3.228315921643123,2.2283155919267568
classical.00093.wav,classical,0.2616998468484257,0.04226788783933379,1441.7988003348582,1466.123561020892,2563.7446013079766,0.038791872486680416,89.76252961430625,0.28350079681019974,0.6476386629405164,-253.81285516327685,148.86426077036054,22.696007481017524,-9.886910280628232,16.978594408767414,0.29953540098290077,13.11581820762645,-2.720524986900773,6.467032489412819,-9.660648788167695,5.494845232581443,-1.9780374874505475,6.171098583186128,-0.4617156809240628,3.038844821689617,-4.338196791521662,0.18009651254980064,2.429953122401672,7.147722893398083,0.7074238487631297
classical.00094.wav,classical,0.2798343322072237,0.05904956313905611,1187.82121275995,1566.0265277913795,2340.8284627837447,0.05497236657736517,83.21122438361387,0.27387614511851516,0.5729121615676226,-247.87890292116765,156.25413876369305,16.976264913715383,-11.019277022942571,15.694822422504275,-2.6407813640125504,8.321361144131593,-11.499090870428219,12.077568482492076,0.2815183587524279,0.771157408540005,-2.822706375338668,9.704547288581978,4.343389255373598,6.815920068036834,0.47166269812041206,3.24896225643753,0.6072225846216205,5.384719349806513,-1.6275272194853305
classical.00095.wav,classical,0.24582601035347387,0.06020549173672031,1341.1277088976876,1748.1241239816854,2364.970727556809,0.041178324594917624,74.62069612124837,0.2505890145138854,0.5059002636047414,-251.46290026286488,145.69123840521564,22.081769699573776,-7.850231980721045,9.809211808546966,-0.9983427634982815,17.49224537925956,-2.861980839790977,6.076657219326066,6.472991773009138,2.043094505092468,-0.9396805993927049,5.53886681789577,4.035442861357244,5.079216925380365,-0.49590168736535434,0.14644688883613188,-0.02546546073840661,-1.0207820828354324,1.1434759593540489
classical.00096.wav,classical,0.25307411460418544,0.010119244134204987,1601.0291576749808,1410.4189457827729,2156.1521182586407,0.03947611298268688,82.54697252774127,0.11028266195367731,0.6261335303353179,-253.1414727060708,155.13308642757235,21.571881536230205,-11.19969997032795,12.764496689047949,-5.314903122690872,11.838372224749868,-3.076482385755599,7.34852357858943,-1.824889127546313,4.188423206289136,-2.0296177805291133,-1.2573773167150115,2.9211786925571035,4.896393340965286,-1.3203675321002906,8.696204944065716,1.2610494411771596,-1.1084307159255902,3.570212264411375
classical.00097.wav,classical,0.2819414464952779,0.04789159970968439,1264.848879069682,1581.0892302800462,2508.384598422617,0.050339121774687634,66.76044436791489,0.2152901229616649,0.6364594212700906,-252.3012023662009,148.18848510752045,18.656115984650075,-13.64441840766593,8.375157671315243,-5.691759195570839,10.40757827224497,-3.1575152056159563,7.56536431415634,-1.8708773874488371,9.068524414652291,-1.5713385577876502,3.2777522687381913,-0.8433764546642589,5.738040279270328,5.236080635629748,1.1155687824924652,1.2968013610866511,3.015072325807879,-1.9777340201864688
classical.00098.wav,classical,0.27061251501638756,0.010686522853158097,996.1899392521202,1566.0143534206063,2465.643840534226,0.04503420611431829,81.8568401839332,0.1718879961068962,0.6047004355915326,-253.69930391504457,154.1729170740042,15.932088965420109,-10.587355812905743,11.873185235858255,-3.2887364799176133,9.005705886155491,-4.556000158863631,10.559604635154663,-1.9117082249673434,7.549933337807902,-3.9439778095523943,0.7855491682174796,0.32162388612040094,3.0434609335158065,2.8793040173618327,2.7602746420123507,1.6152260177038897,-2.8701475898237305,6.665310818842769
classical.00099.wav,classical,0.26507274044903906,0.05395173940678398,1182.7816659560747,1555.4417823991214,2144.0043327663393,0.048781017573895066,79.15220732491333,0.2523352403148454,0.6317194789749299,-253.69762093366083,147.9465248081616,21.371972843260295,-3.7053355763597597,14.585752996015554,-3.2265916462282025,9.67908559042456,2.826736784268899,2.7583349991042336,-1.716136865991926,1.1233678993138172,-8.519714711610149,5.89238615935345,0.4184933884423766,3.145489186773396,0.6814177298807406,12.294898302213772,0.2254745859056968,3.5303730837502245,-0.9480944588416427
country.00000.wav,country,0.35885697725121807,0.11523532649888765,2017.896303454054,2527.4017357960583,4812.0147371145185,0.09405119971098846,99.56630451244827,0.5511192621397943,0.8085250201419352,-130.69198499991913,113.30965271616097,-10.674172794142198,35.656891747567926,-10.525464895604458,10.694063004651335,-3.9475103741731363,9.555731991529356,-3.4715486443369237,5.250538981231908,-3.7957126214106065,7.10115716470316,-1.1942192568671064,2.6555334379427573,1.590732846284057,3.209315645804086,-6.023408381359736,3.6729297401096086,-0.8968740729206197,3.4817682995152794
country.00001.wav,country,0.39086397211055235,0.11527102326528281,2076.0760751262455,2001.426811378043,4687.193726010764,0.09476463596117154,114.6397781816467,0.4276260245227629,0.8021197779339294,-133.68303989336817,108.22616597189088,-13.924966466771991,31.41032621414994,-12.480529334759431,11.628157251898006,-3.8370091412830925,10.364441265821034,4.781810277419989,6.01693480310738,-5.764353070286764,5.303821089143796,-1.2705960345845329,4.589389983644066,-0.1630033579924639,2.064234830034037,-5.144775155390743,-1.394644218227322,-7.67072250381159,1.4457929415748296
country.00002.wav,country,0.34097059062820334,0.10737125945033633,2348.6811594374326,2421.0454377294645,4282.8189543944245,0.06509118330212055,113.46635913555957,0.532014288486635,0.6926420986444454,-132.09315671169475,108.03961131282558,-16.15962484769328,33.09337670355333,-7.375032474123223,19.081106147714582,-8.73193526154747,15.8131959780211,-6.940186905521843,4.146598158553989,-1.8576657859048449,4.54777559675698,-1.036125587727836,-1.2110058033015907,2.1773678244492025,7.0168802241212065,-5.5014296474890045,-0.4363313715388575,4.016797712292583,0.7878602895061242
country.00003.wav,country,0.32497445453802126,0.07467895811701433,2029.8443588796893,2159.0104693295643,4650.42258386932,0.07101382357723286,105.83770566207512,0.6160770107821181,0.7472278997941348,-134.71345705335364,113.24454225889923,-14.887374475539536,38.27541601722394,-8.21066108455285,10.43316624753615,-6.455902146948117,15.18043145601381,-6.681238057251143,7.836105093277643,-3.5284005106529346,-1.6985416396054447,3.0140427263124288,3.2958729603084764,-0.48279370258160315,4.7398965915553735,2.7728571690780806,5.2181683672842425,-1.704772814562924,0.31945472244215933
country.00004.wav,country,0.37393552104146416,0.08253117392090767,2229.1780840551783,2002.1719447201228,4838.299281684824,0.09441949313994043,123.15299014280087,0.5865591051059775,0.6742048582784534,-132.58218749018602,112.01716801283415,-14.500032547920467,38.54296971591702,-6.7901763108884845,15.09989432789202,-8.388192413161903,12.308752171569711,-10.942132198000316,14.020325656868955,-1.6747597908673284,10.681103791146617,-6.741811822427507,9.733695481065766,4.694496733083246,1.037364933868047,1.3142053847112996,4.003329834061879,-5.633301544744732,4.478651915555609
country.00005.wav,country,0.37500809614512043,0.10797746894662305,2333.1833040510446,1899.9825867779446,3876.835348742625,0.09404896093383128,118.20308222377817,0.5226741209260716,0.7837412801377623,-128.40731705735215,112.57441721280205,-15.369409306056802,36.80774080393502,-9.336950909089984,24.16145607025979,-8.437637310365957,18.315892288374936,-3.8953361587317743,4.873467331293772,1.1042380514658028,7.377704165184877,0.5533722951407141,9.67156775562778,-0.9861333375649242,3.2232774655615564,1.9271401330077502,4.0022665223637865,1.0575734558252572,-3.4611917213743837
country.00006.wav,country,0.3634094515102955,0.1072282834970994,2430.6619274357063,2312.155722620037,4483.950211047254,0.09929464990025333,110.01247317698625,0.7098605352422442,0.8121152953345436,-128.82125946835535,114.77121070572092,-16.707444596017602,32.608659301325055,-7.8772257538132315,19.304823115103694,-7.181960043729362,13.613304571105452,-3.080831553779758,6.005079674126835,-1.4436209476448363,9.590584727564563,-1.485592047228827,9.457944309785077,-5.652211380490856,6.403851266395555,-4.5108421191903245,0.6577559253007372,-2.89279250121337,0.17381944927726511
country.00007.wav,country,0.33356012543776586,0.11571699378577623,2267.430897266277,2142.1913730329734,3845.0310026306424,0.1091010176974274,111.30327893107969,0.5753023658316296,0.7397141213385844,-129.40116874479165,113.28253864256443,-13.562990569821723,32.41607126090867,-1.464313478025014,18.5830003900147,-6.442020679864519,14.891776269166712,-3.2516471622097836,10.19768457881798,4.47655199580206,6.17463571523486,-2.9532826820521874,6.349735536037391,1.214547806743116,0.48039790942880245,-6.896667674429516,2.238654188139557,-5.901768877177862,1.7255059574230847
country.00008.wav,country,0.3650749908838787,0.10218502272895472,1814.6346846437316,2212.480689108763,4701.890219615309,0.06657539842225081,124.56185918644788,0.645384496299066,0.8148112270570109,-126.34455935538494,116.60604177397884,-16.068276145857165,35.32871474023357,-9.249315299744076,18.00593053426743,-1.4013799330910643,7.964956548207994,-6.583149016496726,13.131542809513684,0.060109520706269404,5.910605059548766,0.5632060033621595,7.0236475274761,2.5008238270029644,5.223528781480318,2.076896341617747,11.92603573147786,0.7942974651423986,3.147984497384531
country.00009.wav,country,0.37167340955662936,0.1126943828359223,2577.5935411049463,2232.4127867852767,4304.47333792107,0.07946466492469946,126.77776153285151,0.649374993026219,0.7505488871774885,-128.27064596463273,105.47433209536143,-14.445088274780531,36.358269056230085,-2.8780105713223314,15.687543591813931,-9.835057886406974,9.313716117224875,-8.00970550094476,13.009972073276948,1.6459178850721097,7.960649733846487,1.663884837055444,6.401875141740706,-2.2853349431022982,4.000887142838715,-1.9311729741326964,-0.6434046689270936,-0.20723570917798284,2.8789982693578686
country.00010.wav,country,0.37236082172233625,0.1218704699287722,2067.4592596861817,2043.1852545986264,4425.253632887617,0.10307355846224242,108.85328807132912,0.5869979002944591,0.7198519778439583,-132.1541943508548,108.236431085276,-14.308167453701357,31.59973694512213,-6.950228854251822,15.3139368790224,-2.8114389209003505,19.0134832361649,-6.582270405105459,10.602623587124024,-5.180225714646058,10.122862521393369,-5.795775227255645,7.441760275283138,-4.618966900668058,4.379046232704894,-4.093075825441921,6.467051412687261,-3.5109410633187608,4.655892777995483
country.00011.wav,country,0.33967705915213,0.11771055256402274,2129.5511814800257,2062.871559101407,4473.628489739311,0.11495501846531617,111.77524171333829,0.6737448114619076,0.7940620380994078,-132.44846496708413,105.63483618472834,-14.094117299484706,33.35777743169938,-2.394190342510993,18.104422621499495,-8.406598224105537,8.558521466964866,-0.7302851227275093,7.2864480777474405,-2.8685136016187154,9.867408235337443,-3.4527750557924906,5.862213513779518,-2.0497052294675604,7.0499735345482755,0.7722330065309775,3.3396588062355144,-0.8090528155104468,1.8846629654295348
country.00012.wav,country,0.30567162779241663,0.1251520171479626,2478.4383521666136,2040.9305546756086,4129.439601639054,0.07893908342534388,123.79673422978497,0.6158788363357152,0.7563108687408707,-132.7540571849169,110.27713037491978,-19.693866382007414,35.43027970057248,-5.385426841736198,14.246402590098967,-10.597554830488992,16.738313675084576,-5.835278918513755,12.407843537831466,-3.461992995593495,6.514135549176018,-0.6847619015100643,3.348003429760678,-1.6025085695130634,3.8555317555277218,-4.961480330215094,5.012446224179197,-1.7899234206337484,2.5289255146658767
country.00013.wav,country,0.3136951716975752,0.1518280073552561,2275.342837277223,2373.5480591509563,4293.094354145412,0.06606225665744869,133.62333905991608,0.5751121993595305,0.7636475316736826,-128.74959527655065,113.50136236400989,-15.0691516682564,38.835725503818125,-4.751000184449395,14.770856437793825,-8.02137031697843,14.872611489839302,-12.137837691431313,8.551632920505034,-7.292493604874015,5.570338595699426,-2.8964602670876127,4.925266866277476,-3.6567837563378256,1.7085690511135576,5.875733800456058,9.602386012484052,-4.4861974607688495,7.746350253910702
country.00014.wav,country,0.33801603528581436,0.12258374946663421,2087.3452080206166,2081.245244574286,4744.348320262151,0.09388829795864986,114.18758861424607,0.47563284449596216,0.6835237066174668,-134.9241403468063,110.03667064524551,-18.589996776853187,34.20331846244438,-3.8896944391688875,21.597898718764757,-6.0968306823078535,11.73874582157055,1.639623648263024,10.562268361076134,-3.9834193796295687,2.721945648638644,-0.8183803455057703,8.487971317748588,-3.894954573540932,5.873608265414098,-2.0907198847450874,3.447902802402992,-8.463466172686994,2.3346557888515935
country.00015.wav,country,0.3790810790722416,0.10737194888866883,2110.5052736430634,2063.9288727954545,4526.154586702471,0.0887521520369574,110.48606767454395,0.6866041174132101,0.7607693544561506,-131.8147202917845,111.49336492825333,-13.387763991538858,36.926903705033524,-13.082767687985234,21.019819623097884,-7.709096888777195,10.926516199676199,3.9136452567806,9.905620142163036,-4.158967426341526,0.3841168817322824,2.1692924018390665,1.964370987574192,-5.01031671049851,4.0059431027364525,3.249235375100877,6.319719959997277,-1.4735125295207798,3.924876190916463
country.00016.wav,country,0.3319884292138668,0.12279307379130701,2114.6673489556274,2374.378581222644,4738.512342853633,0.09940966073308467,115.10121953963119,0.6393457835512101,0.7270311499634645,-133.2457431061394,108.79013662426718,-14.746419048647027,37.73064735099423,-8.55058451647146,14.372403866281182,-5.829774950109542,12.340368120169657,-3.4424871132917407,11.75961454786329,0.05676972026969551,5.2173673828550005,-3.8484303741468304,2.879403867133581,0.09644701084142904,9.346460325013147,-1.9452457837267703,3.2757083058250207,3.4003476706969282,4.516673559645023
country.00017.wav,country,0.3630870711440316,0.09618166988052546,2235.7456138558837,2032.7554587082436,4003.0929349227645,0.08679842634849931,113.31365821241047,0.5622720244491968,0.6528771365702933,-127.12355108059698,113.38305888354928,-20.842027422422444,37.93537341699965,-10.431585889464879,20.57092661094836,-6.205339477999247,12.086326692242995,-4.555292948263656,12.636387612700458,-6.718764037575085,8.823521016205026,1.3039904946686511,8.149020241621232,4.974096742970253,3.4131597118259034,1.8719144677805937,3.681728093975739,2.7002182290580086,2.9769330128358917
country.00018.wav,country,0.3383637265441259,0.14612144407743258,2001.687612196214,1945.7093633978998,4219.10359088916,0.10128549419882799,129.13631001269673,0.5888903500237209,0.850171015909314,-134.0745247644328,108.67020960554629,-15.865725351462304,34.65632171758244,-7.747716835249411,20.07273287217658,-7.334420514511471,12.417086060859377,-4.135368670972155,6.2223302883265506,-3.3410000672443063,6.569021410308646,-2.4952416950091383,6.095278369744352,-1.7729793781598415,3.703114462678009,2.8181442019137943,0.49155811239095026,-3.1629103254096886,11.339890872670669
country.00019.wav,country,0.3188602593503231,0.09292490650580482,2246.8953490002436,1826.1184263207026,4317.6541315096465,0.12418737387614733,105.6405126227728,0.4214428411409029,0.6211928622375131,-127.30492129495904,113.37433015995744,-16.537766390935527,37.049637212003205,-3.8292340174640316,23.362039243289477,-6.739005843539545,5.0955848469900396,-6.4626367672290606,7.719587415194227,-3.776816389735172,6.436421796973842,1.3566837937920075,9.823285280062745,-2.5150209617743498,8.295454628155456,0.07298409989326826,4.193517918587715,1.7196324713298914,3.2167561447137474
country.00020.wav,country,0.41173433531293285,0.09123177666410881,1996.9658201815964,2177.226598548289,4553.808441660297,0.11101940730654633,117.80481146211075,0.4662216280395034,0.7838937378056655,-127.73512370157411,104.17442402186178,-15.011412401012398,30.229574507959107,-9.993953292506188,15.291573219111601,-3.5722059052740427,12.350490522516552,-7.856773002268083,11.640197888872027,-7.301417471785243,7.990341371412831,-4.442032007874667,4.902968752408441,-0.4871877558848481,6.564348197178587,3.010907220667881,3.7532389009856404,-0.08064741110997797,1.6867880327870262
country.00021.wav,country,0.3554596964786839,0.12878972096017022,2080.338030509125,1875.3249128633506,4516.014813715813,0.09746842216033186,112.55861218921639,0.4772490371141988,0.7958887532347597,-128.5256634673168,109.31275690723487,-18.41109864944246,32.53455551473596,-4.0922288096413055,18.41298582260414,-7.65176120100212,13.52906769367397,-6.443194562338971,13.502529090841135,1.0584016046901752,5.60027778639167,-3.8860107410925813,-1.8543995960768394,-6.444742314654104,0.9815906751267311,-0.5944289770378424,3.0212988866759214,-5.036006462245725,2.156507872606328
country.00022.wav,country,0.3651601144294204,0.13055678699831175,1720.0659438282237,2176.9125735129105,3915.8307280599365,0.10552593045710411,124.27317133082799,0.5081578218940432,0.7277221323705849,-131.38380115149494,103.24161981580599,-13.99209547967827,34.181466360979606,-5.0894747522964225,14.704772346112343,-7.857368844749795,7.480424225882654,-7.0128716904827595,5.454054011795343,-0.012078963460663061,4.905214453745823,-1.6274729457661596,4.857709788414587,-5.808395798038439,4.495098730485072,0.7973099955907839,0.3767218223699431,1.4273383721941362,0.45083723556691124
country.00023.wav,country,0.33551048221781476,0.13061366246020095,1967.3127685561024,2206.7634746804556,4289.858209924168,0.09394052010055727,98.95408715581202,0.43362545478335335,0.7018761771366369,-126.88845578305285,107.26853988940543,-15.732085056513403,35.884157758706905,-5.920347195023887,11.916968184987454,-8.658120740935132,11.002261860450375,-1.8905794082918521,16.495291451164483,-3.6840171804291537,2.7790676136880332,-0.793195768396106,9.96298736862213,-1.6759576370614973,2.2800543645371216,1.8739818244400572,5.990636855495305,-4.078242532586874,4.144276852603026
country.00024.wav,country,0.37991796702976616,0.14363780085117786,2086.7102049381087,2135.5456996877224,4829.545837728442,0.07384759245528671,121.50863432736804,0.47039786981084564,0.8089261923406104,-130.7741365468335,113.80574970694241,-13.52576173093342,31.33033930981421,-3.72611680376827,22.65373579928319,-3.353140522202353,9.71523640489134,-4.918041863072227,9.436281652217279,-5.1111311979943,12.077039717389614,-1.5670205848218894,-2.1100441413220707,-0.981932561731339,3.9555278095480606,-1.2247796683553436,2.894141902642901,1.4211392498200617,6.359063335660144
country.00025.wav,country,0.3584915948677596,0.11321377625723682,2091.732559038166,2203.527930983973,4119.149486047307,0.10068392972856852,121.68033859088374,0.7032352991821338,0.8190687587302378,-132.0570247527704,112.4608951235269,-17.852860149283416,37.08779630282255,-9.549842596280323,14.930240329873246,-5.159863971907787,3.976298615537578,-9.252926723215683,8.46752434867715,-2.7526747000954725,5.892043689525433,-6.738308896152796,3.5463244735844834,-0.8263720182878185,6.745345311885088,-1.0486693527878237,7.470501343110967,0.19219107037770278,0.7576330381253635
country.00026.wav,country,0.34158493839765147,0.0919426768558429,2078.3722019217166,2400.1781114598407,4639.851529648839,0.11303013988878682,115.57691804960805,0.6876879835611406,0.7237482313636316,-125.58524475229032,109.93442975767363,-12.87830587858717,39.42533709292957,-8.580282885743618,18.65516696263252,-2.133409724381093,11.60099050820981,-7.962676847518483,15.42902116375473,-4.40929339301141,7.4762681528126285,1.4680200083533812,4.174518288806395,-5.023603739666391,5.7612118903245,-6.379229193737169,3.1362817693962395,-0.26488400705378223,2.1901443095245074
country.00027.wav,country,0.3036964717044276,0.15188355912408025,2120.707630789835,2457.607381197113,4308.987312436844,0.07879982027463854,120.15344736204128,0.5627370298937424,0.691687354708087,-125.59064722363752,108.13318933131801,-20.520799154386705,38.984498161872,-9.51289404743787,16.17652832215313,-11.296162761089922,17.22282445979097,-7.868441761629063,9.175348442116949,-0.26213903237867875,8.265150799009291,-2.1789629359765748,0.8950024251377515,-4.429174507301852,5.563401014127566,-3.361522209960989,4.610078379996303,1.0452302264454252,5.887508657400305
country.00028.wav,country,0.3132146192656195,0.16393292109957908,2253.495868910826,2199.6914523395685,4781.337804076824,0.1274811165799996,106.49023919154504,0.5619789886006916,0.5804168139746275,-129.42204540205591,111.09618272577542,-15.117486346328278,33.03639928700507,-14.148543548564977,19.120601050235305,-1.6336965482540249,10.226944632799704,-2.679820212930565,4.295567059739849,-1.6283608089224584,5.819853106766029,-4.287253851808743,3.7189090763516086,-3.1808347460990296,6.147299947077606,-4.936489603586553,2.8086540052964413,-1.124415333997443,-0.2971176735955776
country.00029.wav,country,0.4038999560502505,0.10293009039877316,1966.112617273302,2023.9045690319504,5029.468030498341,0.10029357842899222,110.50726395005086,0.6684985247087974,0.7244371745271346,-129.2282397366655,108.96656837374265,-17.24824796087092,36.01329829716381,-9.635261689986772,23.450266888725313,-9.807873315729314,16.608470318564834,-4.333956546393402,9.897257202063317,-0.500526700111696,5.109252114986691,0.5927451540959097,-2.122631566143532,-4.159968599665818,2.2278115779768037,-4.760518037115284,3.355135485763147,0.15724990454508436,5.107979995497917
country.00030.wav,country,0.3572263027160122,0.10668613070212905,2173.8032875650333,2222.371425073153,4727.619658777606,0.10365405054397275,118.24381131136504,0.5082197595070994,0.7107667846260147,-131.6493680789141,109.05420099825123,-14.19584871723074,37.14552317038417,-8.153356079046134,18.048374363701416,-5.570081084999989,10.452284060602981,-6.776176772928868,3.7336863080678704,-5.085448074230618,8.419436359803361,-4.108734314118703,5.286578887722181,-0.6007061377630492,6.562068489268006,-4.238598556498117,6.991178069360924,2.3820502680664557,-0.3895495716556794
country.00031.wav,country,0.32528489391076537,0.14382181366292382,2070.62929574894,1800.4399694586668,3910.1114733435597,0.08825945562241277,108.69565879772318,0.5469260983490847,0.7092285311756409,-125.61323618789581,109.12863825131663,-11.782374601281724,39.286280486110314,-3.6970709919437716,18.854263780156703,-11.889867443516923,13.382474596211596,-0.8548003365593768,8.756798683693749,2.2337516102257453,9.579500684402372,-0.29517986854164713,9.259142133617514,-0.9998904462173657,-2.47843149818606,-2.497416854411097,7.591504081743561,-3.422774020294888,2.3295824842891824
country.00032.wav,country,0.31865491058290785,0.15567845190403537,2436.298491483603,2040.9035988746687,4451.554300136179,0.08179258928353929,122.91955711225103,0.6207746461793863,0.8015336177516046,-129.00424465687632,118.8062186191654,-18.083771295032218,29.868189936690456,-9.179270602104385,13.296035203319198,-10.477386810017979,8.996056037406099,-6.766566716294882,6.136145694149819,-1.4453431486637653,5.481432816743991,-2.5385437246174405,8.682698323502805,-4.298967574344279,4.206362303885833,0.09727995827874669,-1.8247034018606634,-8.154716526851747,4.0383519863931685
country.00033.wav,country,0.36476042841700695,0.16128440269704822,2131.618975173362,2347.553149106457,4331.584574744909,0.09645840832377629,131.33805473399627,0.4100805745499491,0.81319851813107,-123.59323980976791,110.84610265762802,-10.048281110301456,33.112363551411676,-8.09614248249114,18.100574107165762,-12.652773238076312,8.4954665164494,-7.290625238151958,11.466198234097583,-0.38354068294783517,7.9721093281196,0.4723086905671172,5.507551761834678,1.60579500861863,5.026365327896215,-0.8264078577197306,3.203222100212766,1.0533514329092837,1.7364035501612605
country.00034.wav,country,0.37929294131594204,0.09735701718567986,1880.2167490543611,2323.736815922771,4369.009524895945,0.08519162875770307,125.12046185980368,0.5314190868731132,0.7591916692592453,-125.80231614978652,114.61742703743195,-10.282805369189019,34.15362266919826,-4.30789128504659,15.153141516693966,-8.720708624166182,4.948632442126916,1.0186046056955895,6.408060452771766,-3.37959773924118,4.269026974215148,0.08549574499042123,4.873099017847979,-5.914450671298848,6.324987692558182,-5.301190074430686,1.487782824053526,-7.320667343878243,-1.2718743365928207
country.00035.wav,country,0.3553558750916143,0.0807092792379415,1803.770855075657,2199.5735950960943,4209.7375863674315,0.12188054953938963,132.67117236819502,0.5105662029799076,0.8253737773009054,-127.75215232936165,108.20756342592679,-19.486624609494612,34.96310465207583,-8.518537024442333,16.692706509088143,-4.673049395506544,9.747811178983204,-7.45599264273743,9.327248911049496,-1.8420897222933723,3.4700651682998407,0.7842718329732437,0.6885565866717656,-3.73434037614693,4.225974391407173,-2.9086711379557895,2.3048185793464224,4.6132234469243425,0.447347732883304
country.00036.wav,country,0.42323665167415736,0.12874253559462104,2118.4110274623986,2285.7232636097797,5285.474712238183,0.07709610494102828,109.03665664850888,0.5196107042742463,0.7104946197801363,-135.17731337443772,110.06701771795582,-9.919358599758983,35.454222171874335,-8.87805637692583,16.145518653949118,-3.3044648863453068,9.522501680285856,1.539187761797744,14.80007924314307,-2.229747604014637,6.965454735770065,1.0919794247246783,9.284395506681975,-4.417975193178247,3.420334600589894,-4.967042304049887,5.227194815002171,0.9998836503706721,-1.0497769135838189
country.00037.wav,country,0.33634403285551523,0.093054921648373,1920.2400379512326,2299.1830708407338,4143.281276662602,0.08748761065951552,104.98150617642148,0.5949592167779731,0.691466982169348,-132.18687775009948,109.43295710695257,-14.459115358489667,32.555395553271964,-12.428787632005339,23.416723298060447,-7.899818114130818,11.709719690439332,-0.9674807949390596,19.58716556271145,-6.733459349666597,8.34948164117953,-4.122656855882319,4.383629086269868,-4.16063606302037,1.6230350965982452,-1.1238740853539844,-0.42350806114470707,1.8404226995356114,3.165008808100124
country.00038.wav,country,0.3626730491870432,0.11067622776107554,2026.5592131576504,2251.761502930119,3992.582278657961,0.08663014348379997,111.12309188897237,0.5087544951527188,0.6112196825523644,-125.98202023156,107.94038374053869,-11.50987183450935,38.20637696418288,-11.857999119549481,14.734766292981462,1.681508878067051,17.25277782578143,-4.094555539984312,9.772119319252049,-4.8925392088415665,8.29705814260102,-4.1515457021674145,-0.09706129289515353,-5.964667359533153,5.063278243551761,-4.393201706507763,3.7981676052593962,-4.223983118298589,0.6529382324940194
country.00039.wav,country,0.3755949591923957,0.12494961095280209,2098.0671157373304,2358.2135151527173,4568.213007671571,0.11369844936877051,114.32112590147888,0.5456292017177993,0.6636487588109785,-131.28694215211726,112.89430968290733,-11.100037883213599,37.88091550426,-13.382575599648309,21.249435637982202,-11.515555869816211,14.694351972367041,-5.103353579713166,11.107599941801567,-6.997345043683698,10.513502898118439,-6.394924238314667,3.994635267440467,-4.994283883307106,-0.26285455846749706,-0.7164172972345949,9.418267353510885,7.000715666960026,3.2914673612587433
country.00040.wav,country,0.3835004382520256,0.12464189275857074,2199.7766389536428,2138.413242797097,4468.276923897911,0.10006218056909642,113.37232216898934,0.5738004560085609,0.7222247021838356,-127.52079004800842,106.80190348511695,-15.154626625822955,40.73601640715809,-4.507819542242188,22.047537146666116,-5.926704479465897,12.96299269105807,-0.9932914998912237,13.680766588592792,-8.85480873864866,3.0536760788504633,1.9283323042079434,5.16933193269359,-4.0151623677742325,1.2375170390131887,-2.6650501046323285,-0.20710785027147427,5.273282818197432,2.9326918440582794
country.00041.wav,country,0.34826148374711846,0.13176153350335662,2292.4690338533137,2370.259868179835,4775.76768036765,0.08253731673813715,115.61706556034511,0.641522532435382,0.7071945427693132,-130.01531989608168,111.19629129327444,-12.644444753068871,29.666957112889396,-5.855763050333165,17.298827826444825,-3.877626867406857,14.330795077064487,0.823745183357472,13.06036094286361,1.0397149878308882,11.331010957498716,-1.1258630455521623,6.096555261110519,0.6184512495350032,7.196242854299067,-1.9271987102147805,5.214470226424805,-1.1052894003537832,0.43820127461983205
country.00042.wav,country,0.3887138222412905,0.12110398485060178,2509.74165153977,1907.4113913640301,4205.1274295048215,0.09248958255036308,127.09904878103131,0.6119575498081747,0.792145070637905,-133.38179137766244,106.52917580831159,-14.032486019130285,30.907682018544925,-9.595633250867985,19.50275198725757,-8.946972816830328,16.81606788708542,-0.32819096728632946,4.285740004985099,-5.797113729545961,0.14266826651514997,-4.3477740876443995,8.299165429717199,-3.241684826824571,6.382391730847902,-5.567002954845233,6.393925763745716,-2.6653276837850495,3.0365090468487157
country.00043.wav,country,0.3472137649582084,0.09456902958215432,1869.3831336520436,2374.2030044206167,4539.647255125594,0.1077507356233014,120.59726588402015,0.5914392507847372,0.6659392161317371,-130.8111000902835,109.91784703878876,-9.140678405182278,37.06086989629603,-3.3918164548714147,19.792613117684184,-8.133909680848438,12.351372648449553,-3.2913290612073007,6.182533290687955,-4.153162129778764,6.382699018968484,2.8168594976953543,-0.24222157617293494,1.6174552621481295,2.1896142951218516,-5.116237561808842,7.539826390115392,1.1956942077031432,6.76355610714357
country.00044.wav,country,0.3740210584263673,0.16119690003474804,2211.744767388897,2171.8340722978314,4520.02423206247,0.11065203692518945,111.76499739791906,0.5278489133974895,0.7036707395123011,-136.313748396296,110.41423522525264,-20.658386111853076,35.15917793879786,-5.40413073159425,16.569370618068493,-0.968652389439387,7.6184973017445365,-0.42621795510450244,11.025411169220762,-8.148099744932068,15.132382897121598,-2.1912358565118986,3.367547933533105,-6.2212615843520505,4.3399459170209775,-1.3822206171698792,4.307936585618993,-1.8933884686718805,4.89967593034528
country.00045.wav,country,0.3383711050201026,0.08130071765519058,2070.1277008700717,1773.8540223928098,4523.819720811986,0.07731049654576047,119.3068828393264,0.6851259985219683,0.699963375884074,-126.81623122446365,108.69983129994154,-9.740415593803244,33.90454216040536,-10.521478956520074,20.061715351185864,-7.307369188870908,9.475651457612974,-5.433519552111374,8.866180403450995,1.026540393734562,1.1977367636212684,-1.930758023148738,7.874710783962129,-1.4196542750246117,8.929595508300602,-1.2230359892755729,3.4463456734421642,0.7769886410400297,3.297941444854049
country.00046.wav,country,0.33828773785158583,0.1303228807917276,1969.494341356671,2089.9881126365212,4215.2020923820355,0.11229603740249611,92.23186915211429,0.6116479067810353,0.6475831000304396,-135.04261137771437,110.92918033740801,-13.572744024505404,36.7689176940722,-15.955484189134847,22.099168235563315,-8.213210114054522,14.059703240259529,-1.776778657953142,6.369908743142121,-1.0186201429453492,5.843520277262925,-8.214131538014472,9.503225776583337,-4.325134889048719,2.436519611785837,-2.2091976041101664,4.816710175982164,-1.1718112324663068,4.644200774121511
country.00047.wav,country,0.3098153190041402,0.1051522725913853,2076.8005855356932,2541.619712678567,4360.165611555185,0.10827833395492448,118.30844135027453,0.5413073090049945,0.7313204338578075,-130.50525913608664,111.81093721688221,-10.876166197270337,36.07904254305896,-4.438766963774734,15.105630787110943,-7.243891526442091,9.827092397377,-3.0566662273754424,7.923124844461759,-0.8106811888974139,4.206994865102676,-1.8709070800361558,8.060573733036769,-8.195908325121831,11.36489392199061,-1.849455654639627,-2.0751197410285194,-0.525718304269642,3.100330403919453
country.00048.wav,country,0.3475431686128252,0.13982382225853332,2249.488994285411,2253.617714384292,4557.554471881327,0.0904346232584287,132.20392679392037,0.4616643185313786,0.8027473091879962,-129.80492610643367,112.43984121819378,-17.5315616322747,29.76898219281039,-7.5295309517054205,18.843691476655813,-1.5312017716570532,8.18891386102474,-0.53591869984984,16.102243092081366,-4.133294662567431,3.1271733415203276,-3.2209230991201134,6.0420149021141425,-0.308636374979256,3.225815810485858,3.6655956024420258,0.6564030549758151,-6.2176154565184,6.320131272861952
country.00049.wav,country,0.281761369063814,0.11591740462254567,2723.5362258416094,2197.8321604672124,4007.7313222563125,0.09113903804319809,117.59359369104374,0.5928519952282493,0.774089125449395,-133.1173335051032,115.06264416571038,-14.264657146882147,37.18038213920541,-9.884448199266927,21.8591464109866,-6.771157226439194,12.832657540480595,-6.799318231561328,6.009205120793619,-0.9353840806413518,5.669179509377842,-4.561469262513131,4.070449973918908,0.09685921515226337,3.112886416389167,-1.3529647948064922,4.045083250861291,-6.752046658030897,-1.4133792161205543
country.00050.wav,country,0.36008833667742685,0.10525941277694606,2311.3449822560838,2374.025278765098,4651.709033224403,0.11929657680968896,117.33528537805454,0.6319105540723071,0.7107872713379029,-122.64289026139383,115.95090095730806,-14.964358696446624,36.159758689715574,-3.9221072019055825,17.558581485557678,-7.969872212399114,14.621969253020648,-3.7646822617489897,9.548983348935781,-5.502814029203897,1.8469835549098113,-1.2915727703626967,8.7148861244826,-2.6774202472281257,9.3092885586766,-3.1117489762466333,0.8358866351022405,-1.2016909215883937,2.7522222739461286
country.00051.wav,country,0.37309906194005665,0.1045007435187203,2373.6188473629795,2554.0450532514856,4386.299590561081,0.11074565630276478,109.54802343499792,0.6660177232945532,0.7631689083092154,-127.40968815943036,109.95331073338912,-23.86274682372609,33.074818569043615,-9.877748053053807,15.065235185818569,-5.633270986358801,10.743109663436297,-6.473836029295066,5.823599555256541,-5.146538956455686,10.364497635549785,-3.9830751638824826,4.455183880700183,-3.370092845069739,6.016980541428259,0.3687484655855984,-5.133969617729486,2.0649056414828246,7.309104102731261
country.00052.wav,country,0.3184944038791499,0.10055403510530331,2009.9493224443456,2063.919276497811,4478.374405881313,0.06280212070461703,109.05657913570609,0.7031357760139926,0.6625511733914969,-126.26971516569122,111.06601458677041,-20.427803143764773,36.90598758564862,-8.35300190657856,16.63359883125078,-5.265128720483988,13.423900456700377,-1.8772245340761415,12.534758542644006,-1.775592261664931,2.8730977336409147,-3.420936372953573,14.829145005805865,0.17347318114518284,12.107861902434491,3.186302246597556,4.725406214667245,-0.09577879065664774,2.8902598803694626
country.00053.wav,country,0.297865861524605,0.12036094504936448,2342.1349105084396,2092.0648009321835,4544.183549671633,0.10477386568839796,110.72255648550019,0.5438957708525067,0.6643140122967677,-132.46649682006822,106.13718414904082,-17.70134538413408,39.258367042393516,-10.746431087270878,18.37937765718207,-7.508606261012868,15.536597811110816,-0.06651311018915074,11.59220994641684,-2.0815963406917337,6.306821389477304,-5.57562411257375,11.83058664336659,-4.2790190532576595,6.990939041098525,2.1786967178701917,2.334158509284012,2.1140375819478865,5.2926396100165665
country.00054.wav,country,0.4018389150614529,0.11061307067146577,1842.827196544057,2109.011844019988,4473.098739887017,0.09287319090627584,114.8524968298036,0.4272642032818205,0.7542210129182187,-124.0829665627534,111.39275371436901,-13.17259344283946,36.7173359184653,-6.808859990352801,20.794997900604283,-4.813878956443002,11.061968491040172,-6.387966730026262,8.253079034157974,-2.057611510648002,6.05175111663108,-1.0569839506057086,7.317450401101253,0.4995382938105455,8.84838490651694,-0.7659777445634275,0.07667030455701784,-2.0353122904575702,3.132187702219798
country.00055.wav,country,0.2949269373146873,0.14777329040204965,2128.4755825020934,2268.6435102244513,4877.934261884193,0.0825478575478648,122.59233544707224,0.5712108701518451,0.7505169145757249,-132.31657716341314,114.99680964105958,-16.126500120226712,37.0983927406871,-13.62502216241581,21.53996558906936,-2.843366532128824,12.292302330891909,-4.680827398413773,10.200000016840699,3.8663719826408673,1.7102899032895449,0.3460821627223827,3.265148093538292,-2.0597551888991936,4.256359642764011,-2.284954773393267,3.968604612841812,-4.402513435833372,6.087541308383901
country.00056.wav,country,0.296175694664042,0.13079529025656683,2034.6928294930858,1989.2335191146583,4470.834179709544,0.06864573369940283,118.31771057375708,0.4661698473750756,0.7667550188674805,-132.77307200089112,108.64701794891207,-14.118151836170513,32.68237366447329,-8.173891999004908,13.45850849626544,-4.1073731892115335,17.294741416652315,4.376626603729884,9.273504439999318,-0.6353875776084399,1.6581229812775327,2.5082029789167644,8.328685514172317,-3.451800334853699,8.711542400867028,-1.7634282299360244,2.6259244509563304,0.4260047762824739,-0.19006349949095558
country.00057.wav,country,0.3806487429319984,0.09888020376146313,1889.9890420353627,2036.2558380864998,4665.825013130643,0.08274836957720438,107.21603372506264,0.5315456000051362,0.7004580079349605,-133.54291745099314,106.54495667289697,-8.666110997701248,32.41830378855834,-8.96912710631902,16.898288997602144,-7.264070423311326,13.864040219907306,-1.1555711485838511,8.082136705405224,-6.709434859777047,10.82332068354671,-2.2860232735900476,11.190965444571507,-8.736757692695488,5.586209663849961,4.755819001628623,2.9402075936855256,-1.6764802700039083,3.8865350747710163
country.00058.wav,country,0.33323612543345127,0.11375856135894534,2032.4369811617194,2087.0642678032527,4830.099792570196,0.09891617048444652,120.00502585682642,0.6446856805512093,0.7368010553029257,-132.3226114550587,108.19212708615633,-14.994650876686173,31.822364874881295,-9.500783049760027,16.451650074385697,0.37366868948704113,3.6785551801982503,-4.5388591642169,14.177081378444312,-2.634466607602638,9.260252420263278,-1.7005210547006961,3.997999856350559,-8.725747803526739,5.6163670611089085,-3.3268198138071736,1.5989937815040887,-2.4969617679373357,8.23458421987048
country.00059.wav,country,0.42214512626761913,0.124344158750568,2007.0465552176545,1988.0992448587822,4563.989056541124,0.11874358400097716,116.02127690379875,0.389680316739742,0.7685822719800215,-127.04380086564986,105.24246307884246,-14.470547449011141,36.3536780484083,-8.219321906026815,15.627687242743939,-2.9521883293093314,10.789860762093952,-8.455558488099797,2.8515765429909568,0.7825485599979292,8.849991929413354,-1.7360793586124932,4.679176089447589,-3.586995242609381,1.7727900546751663,-2.2943669336796546,-2.3602616453605236,-3.2081909604055427,2.0671874509467187
country.00060.wav,country,0.3682964014157125,0.11920147073253272,2258.984622775112,2442.844318920417,4770.359532838435,0.09905764771067835,118.09490143344627,0.5015369593269152,0.7798530829443893,-124.96075785333541,111.02631811895125,-9.24822255472163,30.423284875816748,-11.462490154338624,20.565604523244787,-5.2071293695402465,15.941346529715423,-4.046414922180219,6.3960737324150045,-3.6407797266151274,2.4019480872287975,-5.385772019291103,8.917331993754031,0.6183622434088298,6.089012854418231,-6.163232562881408,2.924789273461334,-4.674999665980152,6.529599761363296
country.00061.wav,country,0.33248833599312194,0.098285045784369,2105.959233024285,2084.7721977697697,4919.310368571298,0.08097783653698713,106.80617392620294,0.40776691873939874,0.6989838271025903,-131.68579034157378,105.71328618046482,-11.432320616232644,37.001735442287725,-8.084653636811689,22.0929787325126,-4.012391899804161,9.531432295444702,-7.117660491972298,11.453944633361584,-1.8108991305979472,7.509243303911985,-4.539493408606722,7.823842701017262,-4.266496649401848,4.694040036218966,3.3408324391609394,2.017497292569563,-5.718967771218583,-0.15764157561033088
country.00062.wav,country,0.37982896480062867,0.1250946227476042,2074.2245242622494,2108.3631150439173,4569.875967643617,0.07926342723514665,120.44532454914076,0.5214996344949634,0.7067869977955252,-131.91246230447504,108.87377766054811,-15.14648950780111,35.706367385333344,-19.065095874285333,15.577048326759705,-7.174709932068118,16.51518611582499,-7.240007825146396,9.488389854299738,1.4850909292075123,3.0610944101581814,-0.818074322406793,3.5931844981964387,-3.5139012268677035,2.5906674981400566,-3.1955719252476578,12.165736443719478,1.5333676162149974,6.3052135853586275
country.00063.wav,country,0.3647598046050949,0.08787486423196084,2178.9915940646615,2393.1273306113226,4101.310184086311,0.10647990000741689,123.63468967883263,0.7281632035850936,0.7427409356699413,-133.2928329468272,108.91511567188236,-10.69328702050913,29.51478235747411,-14.205127146293098,18.26818583679484,-7.327767878322469,12.023183679527055,-1.1640646862924044,7.3422919616434426,-8.619017492791862,13.133444671599833,-4.991684862316328,2.822888633963707,1.3111600411677893,3.8465326368754464,-1.1901695561044323,5.448370372180953,2.250749309329987,1.9996179204546842
country.00064.wav,country,0.39559856017742895,0.07728400302530389,2251.9574473906155,2048.8850395568215,4880.294960812797,0.09413066718245817,112.61675734392479,0.6330272874417305,0.7669722574000806,-128.0743176314241,106.91091128110082,-16.452051370866254,34.9877814886357,-8.123778957950181,20.249236426315044,-12.044703697519825,13.002981163660511,-4.869944063309919,6.484498150848143,-5.227460333308799,6.356387006446109,-12.803255313378553,3.89613128762535,-4.62744447393888,6.598349627967872,-3.4165800475315615,3.3546585994885305,3.6268298829839063,5.98305455944627
country.00065.wav,country,0.3770681419983036,0.11000255139178296,2208.6064558579305,2157.898395918353,4331.3673762630715,0.09814528015619825,113.22405129263254,0.6994402483554563,0.7165836853674751,-128.144918301221,114.3668014377719,-11.905038676274476,30.773242691928427,-6.665312314970347,20.55215818338194,-3.3244109335177536,8.660115497656108,-5.971105711051972,11.983674707224864,-5.285281112047937,6.100911830007057,2.727627428505908,5.856602248845631,-4.180322413501529,2.367147929411285,-0.0018420112444361703,0.0005559745683729744,-1.7420078916892545,3.9996916049700655
country.00066.wav,country,0.38897449461643,0.1333509616073999,1957.1869764035641,2412.1154771614697,4295.169736858383,0.07346445466925887,116.62366912587622,0.6950535360916561,0.745600761725282,-129.96243440701065,114.91163493410856,-19.29406454116328,31.143202657841684,-12.847539412900495,19.117944559440165,-5.500520618654626,16.628209101839328,-3.269574768589689,7.787528521562091,-2.9946153813656786,7.353122255382874,-7.015283819984501,14.13099493300468,-0.4403869456942655,5.630024924067767,0.845491952835741,6.128232941759816,-1.421660456507295,1.1062765912778985
country.00067.wav,country,0.3679835205896511,0.12771421681062906,1938.0219801821183,2455.4264100461073,4502.673212713044,0.10294729043401446,129.13536710143936,0.5817511056931868,0.8001052269796033,-127.56991828448164,107.82541674859985,-14.837845011461997,35.37664575995345,-10.868175655050184,24.952910366021634,-10.221880330477207,8.105688288938527,-0.05732027288926256,11.139798752389627,-6.077894452442333,8.821867045305078,2.4035513349919295,5.9092108272090424,5.7964687002237465,-0.17218543260410613,1.0814703615773062,7.49958500866301,1.6740317048157403,2.386932820063055
country.00068.wav,country,0.3412867555396655,0.12888290342174513,2263.150897330414,2308.4452185308255,4764.020261777686,0.07671695064399897,116.17783216701092,0.5047987254300996,0.7163612318219839,-126.95433732455709,110.32395176217568,-7.17942251055069,35.58021910156915,-7.8209243582607915,18.31854875832065,-7.913426078579808,11.826490162867218,-0.6166359186650627,9.341912004383317,-5.380379189650414,4.224746138564095,-3.35060567499753,6.221590303232641,1.5807596064287859,0.97853407590069,-1.9594788336662687,4.432930058305237,-6.501117302888304,0.4992051511007807
country.00069.wav,country,0.3296033438079144,0.10408059252299003,2138.3779090043295,2171.0992702896765,4205.649864089637,0.09841943939828952,131.78459774117,0.7111405213393401,0.6980536529262705,-128.2687834484946,109.46593012980848,-14.534533971403931,33.80515089937236,-7.647234110338394,18.454222188216058,-7.736855272046769,9.310897356524457,-5.346087047858452,9.702777793370297,-1.2030109749472078,9.56004693202044,-3.4825700692007384,6.8515337019082105,0.8875077758598953,8.496784685432385,-1.1764985623945665,3.3372048251811623,-0.4266272984908235,-0.4491224186922169
country.00070.wav,country,0.3441917146689347,0.13489172796946258,2228.3894258887403,2151.3518312145,4476.201370380509,0.07963024489563969,123.62793718580019,0.5737742851090821,0.7498071918619438,-131.08517150828015,109.81131839930042,-16.343632934795874,36.97442910800769,-9.185850644048543,22.778892288082144,-1.6043684895558572,9.325369530436486,-3.790887191712159,7.048030135991415,-3.9799426895658345,13.007282402934392,-2.9227142513473976,7.080678111232286,-0.376036117975165,1.998111882550278,-3.5652864232276147,0.38193288577564344,-3.657912201693331,-5.550090327951548
country.00071.wav,country,0.36633747202380884,0.1610838768251214,2129.5641478073053,1945.0716053186907,4175.028265985018,0.08511684732462504,109.859321782293,0.6488146110716125,0.7524854589023655,-133.46635538145298,112.17524313334252,-10.419562009268205,40.70767461568868,0.5956360692578873,15.294022051670407,2.4726612791856084,10.937380834473636,-5.777396366141543,9.981217124633536,-4.746184002279037,8.197132421939578,-5.960231563211905,5.283742193809697,1.8567467030850384,4.828816125706532,-0.5752126397803515,5.425775814151935,2.5119848879529805,-1.9656741365682988
country.00072.wav,country,0.36753572155512304,0.11463721721516473,2133.3275790623675,2390.7910305572277,3982.0346720058546,0.07681033337835366,102.51656032228955,0.5360672846588979,0.7509587184275265,-130.3617615654204,105.97962531303564,-16.45703623372514,30.53641488952813,-11.375558305193486,19.16645673079114,-9.521619978918086,15.337902915609906,-4.213360872491008,9.256784111833577,-3.835118902823682,9.31854351563117,0.3494796633310324,7.0051630557365145,-0.30563268227705587,4.363730990238723,0.6266090207271455,2.98636667357858,-0.993305133512794,2.1760687519011075
country.00073.wav,country,0.3362834438204241,0.10621776404556418,2193.538020771777,2435.9090643064233,4809.885690084346,0.07315151996081846,128.31362441125498,0.5545473198705656,0.8112127422994857,-132.71864599614165,110.42593974162202,-14.058830451309278,30.54618562424104,-6.175198500967432,22.037805023514945,-6.523943837044884,16.080504392484038,-4.569080480357223,11.548753593139852,-9.6557098978533,14.25633333794039,2.4863747357288712,5.146123487238963,-7.916267079931454,5.864085104916468,-5.33177664122127,5.334560612672464,0.2346971574928458,0.1757904929939258
country.00074.wav,country,0.3836290107084313,0.13611149405612347,2295.1646674577128,2201.594386660401,3904.5665765802028,0.10666808408316707,115.83702880691366,0.46881758854458644,0.8019908263246425,-123.70177743849247,109.8762556130624,-8.522636536190124,35.27394418583405,-9.141367712499054,16.10862463744357,-1.0887527760217726,9.659568355836685,-1.794192070075038,7.322508494822375,-4.3809202877230895,10.090749081908701,-3.140110538868061,4.785613861739121,1.3984140915244216,9.79219187966487,0.9340694098526998,2.035690673128152,-2.531825497892738,3.2397457912201126
country.00075.wav,country,0.3596279018577697,0.10024268179720455,2244.6075879159725,2215.3923993351277,3799.5020884766545,0.07806610276308905,113.96697061078669,0.5741713848927156,0.82184007956565,-129.28548608158113,107.47768433030413,-14.338107587078511,33.943736757638355,-7.0257252813993745,19.741703061106843,-2.372308058328186,11.927140512989922,0.9168815827994994,11.724067987608574,-5.122318634436564,13.629566997245393,-1.019016460189707,3.4946264880832945,2.9587391536912655,11.233332755595335,-1.0990757911586817,2.4890492188732107,-1.517124872360986,5.1441951825531
country.00076.wav,country,0.3883356996509154,0.13140974661727148,2120.344641694354,2469.642118654797,4290.507234431967,0.1074637900755036,115.69549761318977,0.6144818366408714,0.7281799878099391,-130.16755654795844,108.86784044761337,-10.965437906457916,32.801221885674394,-10.220696757646126,24.362980697535328,-3.0664573060370057,4.844658903920891,-5.695776217631211,3.5640319873138377,-5.852072080245765,-2.4155439987021197,-2.4109687330818272,2.574174542516065,-1.820284229610685,0.12463622335242519,-0.7512644404838802,2.7552511656390184,3.505858895565787,7.234070585236875
country.00077.wav,country,0.37356036809030846,0.11346772438677574,2497.0760790520585,1920.4536499888322,3908.754479652718,0.09074325350166403,136.03230487136895,0.5638128874503929,0.8009588811071693,-134.32573106833541,112.83778875581113,-12.140471237011939,37.36722560419973,-9.887662018542088,15.879879694880984,-9.879366751214912,12.251617505282802,-7.241221987835505,5.467750484252134,-4.271072150732028,5.532531474447351,-3.6139355864658653,7.399333790520783,-1.7628565935491625,4.135531908466647,-0.45096121506555387,1.0254188766861034,-0.6841641282709662,3.4518074785339015
country.00078.wav,country,0.3049085942192756,0.13991387508740724,1923.7132589546009,2216.2557638571584,4807.5441091873445,0.10588515136570804,118.27466710855069,0.5510000797694344,0.7909055970858434,-127.97591506657415,108.14490493986762,-17.384680941005072,28.782934454912006,-7.537904474949237,17.751906764944803,-2.591425876072373,13.0771652804411,0.0026875825180709967,6.907907316251487,0.4144509929028555,5.413250862686034,0.3327881853768164,1.6237248224079197,-1.2945941019014344,-0.9540638243377302,-1.801412457825264,5.321061981633741,-2.5629056536932873,-0.15131288626790207
country.00079.wav,country,0.37538355407887797,0.11793074420306153,2002.0858705938656,2207.54126580777,5322.834199680956,0.10930254274672316,127.30058934550271,0.614843705519389,0.7857014736744925,-137.18824686499124,107.96305896061061,-16.441723239607423,29.3753238078574,-11.4722473706463,12.057490587232099,-6.114971507092117,14.456297912546448,-0.679676444127014,10.244353386237723,-5.890189023595707,1.2038045244401214,-7.270606098204506,2.193052268236505,-4.666579094107024,4.52075450602524,-4.042492654380905,5.016927681004784,-1.6968205083984185,3.0316371352230767
country.00080.wav,country,0.38420751658013613,0.09639536531599259,2183.7409156584736,2197.4848188743067,4283.279801660607,0.10527884481298941,125.03211323645606,0.5042807363209257,0.759762395443814,-129.1563649522478,109.18097975593224,-13.244936003136605,35.84357605373083,-2.5023162789319624,13.409162592210638,-6.3673079692421926,9.274492465463426,-2.187677633682868,4.148484329863367,-1.9610618693253403,5.109854705954977,-4.202485598363042,1.6605053893779385,-3.3952278386030184,8.253501590872776,-1.0755660505884383,5.883041253623423,3.9939254658988252,3.791266754467727
country.00081.wav,country,0.33323601283812976,0.1293450443036558,1991.1407707371416,2109.2039170065095,3868.0375201333554,0.10589386236626588,114.91197939480449,0.5945678596652689,0.6791218263001848,-128.69215711085357,107.71417628559475,-15.425126165105473,37.63347809371738,-5.6277220633024125,17.933909782449177,-11.304393098120155,20.978431710181923,1.2375769108194081,11.168024474664895,-5.259611344772912,6.659223514894106,-3.630261289329551,9.791567817289165,-1.2124913274444986,2.6475084249205016,-2.412265297374346,7.363564427709714,3.8002935404614346,7.584994690458736
country.00082.wav,country,0.3727109619516193,0.11494750262394726,1451.6972349341759,2253.48880428548,4399.359934404565,0.0940997314448203,118.43117877626565,0.4738990270440674,0.7719873482535554,-128.10335105790446,112.04701634617898,-12.16026898927984,36.81215493476487,-9.230088234616733,17.78748945625173,-5.72662539823987,12.323098347319856,-1.0053470320848108,10.931006259067473,3.2320303187098602,13.619406939654016,-1.7610512521582251,-5.509966645378109,1.7104973983817997,3.378870983038837,-3.4044517654930204,2.8046641750318995,-2.3399291404438194,4.836809430316178
country.00083.wav,country,0.30321692662621325,0.09844558508416797,2168.6317108394833,2312.1299254743953,4624.539575727604,0.08019445581600051,110.17387480587008,0.5394692132969664,0.7251456681362489,-125.54356789218235,103.85768844268775,-15.6621862708751,31.001964676924388,-12.956728032060468,20.90086993603445,-4.3661262765019835,13.348300547841786,-1.2369224808070198,7.560843309701592,-4.297912549000585,13.557191850167722,-2.739713162778723,8.205396339162274,-1.980855377110055,-0.5447755902352451,-7.133887011403805,2.2630473401802855,2.1683037550099673,5.364874969908011
country.00084.wav,country,0.37742231492672096,0.10025907642127369,2423.1744980244625,2026.319205966451,4474.488539534489,0.09184471565138395,116.60900943748331,0.6870873710636485,0.7020282593822643,-134.04881576713578,110.05998645861926,-16.19948020285958,45.13214875724794,-5.970477570680075,16.77197827434413,-9.168334707561261,6.359134768293646,-7.075657257212299,9.344825315277395,1.2819859547843082,10.365067427163757,-1.3127155050608619,5.030497002892546,-1.1935629307635374,3.444086007546272,4.155091987291627,3.43242945617476,-1.2590135747401807,-3.647467275062004
country.00085.wav,country,0.34413695460431704,0.1367296827592988,1886.455484592291,2064.8703397912936,4677.448856206783,0.06985014164722919,126.46240806033535,0.5374284887861518,0.7548056192016974,-133.37163521537678,111.13413878128365,-7.6203840449118605,37.344491718381896,-10.592855785821607,21.406861756474427,-6.9500386378027486,16.123454944282678,-1.5799707935069112,0.17057530358480122,-6.012238898865082,9.83315566850617,-1.5450281835649473,2.928732156876448,-3.900768546481438,-0.7187098602681417,-1.265119862579188,10.632069178047292,1.4148001721969767,9.57125100356527
country.00086.wav,country,0.3764719126936994,0.14054958686705382,2494.8157375490046,2267.9073866816007,4334.470437472592,0.10748986274933019,129.63072189697507,0.5416028285830232,0.7500367529966551,-129.58343190270736,112.49449660079499,-12.605726854015316,30.727497199437202,-2.265181798810035,16.076505211809447,-6.795194990665738,9.29203692003654,4.094986507811264,9.726212010863902,-5.552925242044695,9.591770649887337,0.30740733793009944,5.436818929260348,0.5218201383501495,2.524124117507407,-2.4787548248477567,-2.0306499636981883,-4.971853252658688,8.422892417012058
country.00087.wav,country,0.39924285883166943,0.12131577297297924,2432.5862894379675,2171.186592410505,4314.806394101232,0.09284765972698335,117.00062723741148,0.5627842941151855,0.7959222574977707,-129.54959303813138,112.13744529330141,-11.905858424168008,36.1645573869642,-10.910813977724716,13.941402333107884,-5.5536580955780845,11.486231085525196,-3.737825713239635,8.95183788225424,4.750720980499701,3.009321233075986,-7.969838809463374,6.997130500558829,-3.129267663764586,5.948203609189854,0.7516490668520035,7.852314085536692,-5.521677461151815,1.329846306428511
country.00088.wav,country,0.3628628377664229,0.13540927191374452,2538.689910057677,2372.026714800496,4380.123991439803,0.07864346370586008,113.48568117824784,0.5325837741634314,0.7583329858441175,-129.2290076632425,106.02905128747346,-16.3077044072713,37.632642660354264,-6.945012935077823,19.705933848038313,-4.851234869828211,16.87929220382658,-3.2918708085268897,7.841931606387906,-5.747265123400682,7.748828374629135,-9.322112044325252,5.447132994501864,-2.617519579764032,0.906587439148157,-3.7847975159679876,6.428972590444724,-0.30786475277511227,3.3053650011219826
country.00089.wav,country,0.35919042601796064,0.12185255175897847,2348.572512571663,2222.217252706657,3889.625410163437,0.11645194947311616,120.96272213863077,0.5328597015363945,0.6909401221051146,-128.81225733712586,109.64848398507688,-10.277559641902773,33.96227815799951,-10.5121423690474,20.687388654707785,-3.2241543218495057,12.505954102830586,-1.970928856975275,8.886938637773286,-2.298404696972259,10.49497264769177,-0.12404499793549073,5.492176685002126,2.0570876377784515,-2.094566118374537,5.156219934265804,-1.1178772846722058,-2.881278474316888,2.877247394414793
country.00090.wav,country,0.34560557987815516,0.14012822080053108,1888.432676277953,2246.9380271469513,4197.625765623086,0.09642711469006125,117.48182192161698,0.5874348522146382,0.7130605905828463,-131.53019185028825,110.86181754208228,-12.168853482731867,33.20516199740646,-10.60630263371873,19.84038049701551,-6.097511679173068,14.491494401957855,-6.717391640113442,3.6616832237297077,-4.599012245479003,4.700942172204952,-2.2363652002408996,4.089464357188831,0.22305085400934743,4.135549212732451,-0.548576503678297,4.472903675322832,-0.415134722763438,2.9276126686350796
country.00091.wav,country,0.3653180207123094,0.10408689732348385,2379.8835853307764,2157.4232709936637,3940.9578017354615,0.09482110035487659,111.19055614042011,0.63322676276071,0.8274448643286942,-132.35971627467356,110.99711699967196,-20.26651676611388,36.36171568832404,-10.65714139939907,16.12549614469655,-9.303859469519484,14.196453678164207,-0.9780869275802124,9.070155643975523,-5.5932801160071595,11.768569108311587,-4.251230383263969,-0.48609689978231607,-0.6248329701287949,1.6856759790754499,1.965826380497524,2.856586909979743,0.8111397216325886,7.204501039656474
country.00092.wav,country,0.31373423406137835,0.10868125738215188,2084.865785468587,2476.7592374261817,4169.566048720844,0.08308244456076488,121.82512460444647,0.5338217019431543,0.7644705114115551,-134.65461226290438,116.6429898276698,-19.04312769092821,34.03474188802937,-8.097443107526283,23.73806440307039,-9.97453734279822,17.951112406436252,-1.7284695366939324,10.251285973269738,-5.953901061053866,8.713423726114222,-4.1704598672593995,9.799983759595236,-4.913186087323199,4.660524516631748,-2.6658192640395146,1.0374311127190161,1.2239594507237426,4.606376242228901
country.00093.wav,country,0.3862703059670299,0.08440249783583664,2312.8341404682087,2650.980802964241,4241.925618788068,0.12042722918163454,115.89470982352138,0.4702072209950954,0.7193235397178653,-126.85538809697417,107.4854705530054,-16.80101597701946,36.780618296879574,-7.990819649784282,19.753868857460223,-5.286511377724993,13.43887595865472,-5.296903557428623,9.695192826091178,-5.782119017087801,10.865300867510165,-3.9028241504519414,9.386542462648169,-2.7008208829485962,5.605997032271963,-2.484893652672102,0.9520137064959129,-6.234281162815904,-0.1659724757773784
country.00094.wav,country,0.3402827344035223,0.12423758357657767,2302.0758626566526,2119.7636572365673,4091.313732506489,0.07035927820995931,121.84050894323283,0.6906555612263474,0.8202184219349375,-127.87020175555828,111.9156299518028,-9.907128660871976,35.99624438425043,-6.061610971927485,17.037648414444003,-10.086130112564273,9.94845329850127,-4.027477115603966,9.18235611750391,2.778857564566179,7.243831502773206,1.5365303320769312,4.694768275271052,-2.935027657295702,1.012977088329655,-3.2269840386297153,5.580944174091259,-0.9773194588176002,5.8288158596917015
country.00095.wav,country,0.3554376184503515,0.11295092536724516,2529.659372757392,2183.0973576316514,4807.0503393968565,0.08598186190182984,123.67679583506853,0.6542412527321348,0.774212582910286,-137.0634487680898,110.05475738256834,-11.308619856720075,36.58244249908319,-6.66248337431226,12.833229198127443,-8.161365212025176,13.234072893454318,-2.768850169639324,12.644000340398708,-3.434600265438283,8.217472260021443,-1.950877274206119,3.0391717904953293,-8.767373993284242,6.29302907639023,-0.47815837476156586,2.1454748736994933,-5.8575191695475946,4.889218543226214
country.00096.wav,country,0.3420223977741334,0.13113749444736292,2472.8097060823516,1814.5424415424532,4155.139716954172,0.0888593658003213,129.6386093931732,0.44908775846348115,0.8829378365084297,-129.59243229530114,109.71199801479843,-15.594179289656719,33.69121090345991,-4.855649722192536,14.794437737752684,-4.963757455068439,10.847455002879073,-6.286400345542294,16.75792552705169,-1.7428477957396198,8.83979663398343,1.4133303420059868,1.7359501640443584,3.2568757273660953,-2.5268715354852276,-3.3062992301155614,2.622904980463299,0.7451700949115176,3.6561547984244633
country.00097.wav,country,0.34499555777904817,0.11976005310744552,1904.3953952954864,1930.4981689928488,4654.279067817621,0.10240559168804278,130.67595500125645,0.5167986322547833,0.8246755917697578,-130.8511201850942,113.57142495558044,-11.934111669965574,35.63362819767337,-9.01859046999796,20.882796535824784,-4.059286430230303,9.946678793741452,-7.983396020438293,8.13440129795461,1.5462414460446272,10.439461476199115,-5.336982409011743,2.4967277523002367,1.824051549038459,1.593092285726513,0.5278859709260237,2.151786353991029,3.8511347735650476,0.6887256025863633
country.00098.wav,country,0.3843008459061748,0.12369717308120728,2150.4389708468575,1845.3444553567479,3628.9803263779986,0.08869151089599028,119.97524850733289,0.4899841737809821,0.6954725113786812,-128.3155821105216,111.68856344137139,-15.413223181163781,37.34060516355822,-11.522606887160439,16.932195248739088,-1.0563671826489802,12.204966389819452,-3.621062456239002,15.91783975790322,-7.198026497546312,9.389291099926332,2.9919588394242984,5.025426220504362,0.578892360564538,2.0539415083672856,-3.0601971867020548,5.154899248142903,1.3957000193317706,6.362809537218737
country.00099.wav,country,0.3970888576081848,0.11865106882889635,2338.7223510345175,2138.385128179153,4715.731959055894,0.09511233196778272,121.5654232566554,0.613880629921763,0.6756350867225671,-133.37236557658233,110.30762431945257,-20.061837238923506,37.49363330959927,-5.385332101135575,18.98151165863337,-9.363402038273765,16.140416816605544,2.111631919155073,9.441230482337922,-1.468393864646291,7.605215964388131,-0.4088924330036021,5.641323730120812,-2.10369271953141,7.717152801492096,6.036872485689322,-0.20021370320521648,-1.3114374532089006,-0.5413814556962464
disco.00000.wav,disco,0.4477607469572825,0.14824524061360203,2361.359841242841,2614.873659792743,6110.508890160088,0.12495396802841144,121.63838301825534,0.8127312738220795,0.8268859694597351,-82.62259781004245,89.66445868774106,-26.3580704455286,41.49640407812487,-12.985125778250406,25.323163287947345,-8.300193554821824,16.9329315003246,-7.560573165040045,12.569971348185765,-7.401771027044316,8.071470342218312,-3.4239872890939695,8.83254757664567,-2.0394364352343812,5.584994153950866,-3.132270203390989,14.473313849132895,0.7203618187971959,5.239442427857867
disco.00001.wav,disco,0.3930037450538082,0.15097562346112248,2623.839881254609,2552.709191845603,4841.847559577922,0.09145915606937975,114.90494088848834,0.7965711549422855,0.7189298709742387,-75.56563632170155,85.5528096390127,-27.254036408810112,49.5602752229733,-11.60664202597456,24.654527748403474,-3.84625917019161,12.918586746294533,-8.297943013376097,10.182719297207385,-10.863779013449827,8.068809588732092,-1.356813437858004,9.621768625436722,-1.1427504918359697,4.873473058081501,-3.968291708016924,8.807767015695863,-3.4919514390730084,4.882246116379642
disco.00002.wav,disco,0.4049000404203262,0.18923434032514236,2844.282471534472,2266.853448279918,5084.356391628736,0.12368364727103702,119.48529882096666,0.7435862572836989,0.7988512647783484,-79.43762185373326,90.15737216066833,-22.660514077734852,43.87467301516931,-7.294443043582338,19.635857130300977,-8.029212800973735,19.301498515979535,-12.1318864678163,9.969994472442652,-1.5733778213433265,12.471733643193076,-4.5144868011647175,5.795986718969422,-0.1321925330077134,9.550647307744814,-5.493990045537184,1.3882590531008594,-1.3242299540492013,5.888081900286676
disco.00003.wav,disco,0.3910279274430984,0.17358587639964698,2507.9726786325236,2119.3551521667277,5351.634624683591,0.11594848219769652,117.79328032082834,0.6873117389072412,0.6509423524091653,-81.54226641310369,92.69296731494923,-21.231407681758952,48.563140152415365,-14.44772860544566,18.538881029108907,-8.510096155060314,16.905300034793775,-6.799491184398508,4.95781017728671,-7.6006537546504,8.910933629142065,-2.5383454161087187,10.30192208780746,-2.5672394331538797,6.992351419614708,-1.7454036249166875,7.0568581226554485,-1.061403045527267,4.197212980141862
disco.00004.wav,disco,0.3919489360258786,0.16162582850084964,2746.918275767855,2548.145570001651,5633.289246420839,0.1351408279202678,122.1213113819727,0.7280801183621474,0.8021352569821061,-84.09859501300676,86.75575985778214,-23.992458205839792,46.54919000335973,-15.735153670511984,20.85154755703975,-11.818251496658975,13.53997103135521,-5.169206671181163,13.119516390641758,-5.057366539561122,7.362114218655217,-8.048949010660422,12.260554816345845,-1.223658299145245,3.879992687780579,0.1587984928746744,4.789329138276123,-2.8613285145870284,5.305634584868807
disco.00005.wav,disco,0.37775505250261826,0.1531248696097978,2674.292212839909,2410.0987852806616,5734.179823593633,0.1430359975551739,113.96561493914285,0.6467899762956765,0.6272840476479725,-80.45140442448495,88.01050622962146,-24.37641849679876,45.3977930160783,-16.809650539842288,16.55534851155578,-9.112200278961714,15.40628650415987,-9.277453995099654,6.028569244603086,-3.5858262117050277,12.81569863627183,-3.1660526793432333,5.457578328304806,-2.8663435032865463,1.9016577571989455,1.1738821415163776,5.2455330035886165,-7.304470735259695,3.097976918668952
disco.00006.wav,disco,0.4138990453070269,0.15333904758048955,2594.820855711965,2279.607602731491,5698.28934547858,0.10527296199971295,102.74843698395973,0.7502994103463685,0.7343641244683666,-81.16078833979984,95.21395495537055,-23.71309615435445,46.0162744868411,-12.385194797752826,21.79514137670713,-10.790270905358511,14.09319182375242,-6.407398513798554,8.192506310628303,-8.227681486172779,5.630414847373867,2.1369636430314625,9.59102870501174,-2.0865233949595656,2.8274559891197057,-0.12997309797551448,4.650285960640014,-1.3574931766047504,1.0701390524093322
disco.00007.wav,disco,0.4048080657225273,0.15152332923587034,2496.8777685939626,2632.1391404453047,4961.802267014499,0.12347164396471226,125.47588906842397,0.7096285059559008,0.7295181609499665,-80.6690770437992,90.84610863138666,-25.458564975442677,46.30068738057564,-6.7110610423878025,20.476849692550857,-15.145539912110262,17.47777074909196,-2.9500562722174113,12.178305089153373,-8.263246026061005,8.628322910294397,-7.355570452634897,9.928566481888843,-7.053871208095304,5.0996136395154,-5.013013478881719,5.3804740554048855,-3.099025031413273,4.5302863097507915
disco.00008.wav,disco,0.400670516648991,0.1402668194455178,2775.3754127058046,2491.2221826682394,5154.014847246935,0.1486138983430869,123.811441333737,0.7677391557280556,0.8350531313366049,-74.47455317184018,89.56395173305835,-23.957807540695715,42.03599154599118,-12.441578252304035,21.40281233872039,-9.445518899135038,15.99828143591103,-6.32051465351582,11.712927968899876,-8.632227879887495,6.184598682776745,-5.639222858391019,7.153278224230314,0.15232287141633982,2.511183039441261,-3.0722451445120997,7.85902849464215,-2.8996324234898365,5.381246949528473
disco.00009.wav,disco,0.3958137387121629,0.16513566514649447,2604.3054912380917,2620.0717850911037,4959.230257407748,0.10955031987417183,122.37258141355447,0.8226956198404954,0.8335448114385207,-81.17307400059673,94.43844528558262,-26.97707147997901,48.98593923463393,-9.547598619904882,19.259624261103333,-9.078882288244534,14.846292493403425,-6.123246218974998,10.330185234700071,-5.9217386769851945,13.107283748288554,-4.296162683367019,10.4792669725753,-3.6760544551325993,10.99998977768257,-4.0350038880064805,3.157569406258446,2.573551543347709,2.6651608273142413
disco.00010.wav,disco,0.4480322291849318,0.17783681159189627,2619.0700586878334,2173.6071750369115,5493.238593504858,0.11652445080300138,129.33774186643498,0.907075774099209,0.7507671730419437,-77.59645470803545,92.29620646804005,-21.779761892768665,46.49606973640663,-17.82749307288531,21.53373270241672,-13.467122724750745,14.392182681245778,-5.059987291598318,11.915452507624918,-1.5557274008077018,10.025261762140618,-7.894977819006708,0.43745898028179653,-2.553573714961229,5.358220600946504,-4.930837218145646,-0.10188174895413393,-4.204229640418127,3.4165255454056718
disco.00011.wav,disco,0.4199763347111917,0.1637726216313596,2971.6134494345456,2313.591269911829,5808.370612220102,0.11570948114693093,125.55735299294868,0.7450788109387565,0.8244240924180869,-79.11432572496427,87.96166504524675,-25.036072086739566,44.2813324231887,-10.53246494808662,18.460669751876473,-10.088055106347083,16.18592175794799,-7.900930078420901,15.040823733166988,-2.6779316777868427,8.97755760977776,-3.3499327075069805,8.886996654446,-1.7901011874995278,0.5230260130061763,-2.904578887308041,0.5466827954197209,1.8348428423784595,3.817451439991217
disco.00012.wav,disco,0.39419977150961133,0.1779359466406647,2734.4649594899747,2296.8457874117425,5475.183123115421,0.10997249540160423,106.04373689115157,0.7247779013410236,0.688486997240995,-80.34485279447553,85.55330572896807,-21.545003250857572,44.69369082332568,-11.88734077001831,23.20192491501951,-12.364228761711013,16.369067919398088,-9.101223938054549,8.310243378058425,-3.2796575199338034,13.475021576405423,-1.8255118795425047,10.768932695421292,-4.561891819686897,1.2071408124946306,2.4704125662995233,11.163544668214278,2.6284203213090462,2.992642183060751
disco.00013.wav,disco,0.3653609698381347,0.13868634604360866,2313.25348647719,2480.671848686192,6061.987285328859,0.11287506052191636,122.4185832027862,0.8900477571443367,0.7388649214188283,-73.89340562984121,95.97628322249236,-25.393334016041447,43.26739720794236,-9.90828586082906,20.957425172443426,-13.469665651202009,18.84371596056894,-4.35065783816876,11.466534811290682,-8.788594261184533,5.311421246347842,-3.6783121347425416,6.500386896484903,-4.023278796424824,9.06588946518001,0.199537952267673,9.13442804149284,-4.971869670131773,2.970425293939864
disco.00014.wav,disco,0.4227694508638034,0.16896156682025784,2956.4760765175242,2575.6966070627323,6146.838186436943,0.12310026702584712,128.49733958070928,0.7541188042572434,0.7825793840218593,-77.26716678848157,94.83893451177916,-22.81228915206774,44.75048468419614,-7.867994911414975,15.424064031160357,-14.26670350452062,17.04490267100517,-7.957674931240626,12.816540953372495,-4.806777432704174,10.712837083811618,-6.443208462979571,9.711458258239073,-0.01675641537724637,9.661651811793698,4.0406628839461,5.73229533050716,-1.1782667394584632,-0.5695173925215435
disco.00015.wav,disco,0.3840576579658473,0.15613835851986774,2860.063910455271,2390.019797663867,5778.719006912092,0.1149756742455493,118.5826550790819,0.7999115175306606,0.7251271379339149,-81.287111744278,84.88564228262966,-25.74386262198367,43.56009556155382,-13.547942968047238,23.25061918777012,-8.02410414162847,15.696583513926983,-5.013754428651577,12.726685777491095,-5.885168569416926,7.61143114285686,-3.0615332896994607,9.721301329705703,1.1935329210944952,9.573519134820287,-3.624419019521507,4.693981159618215,0.013053414753310122,7.203993334176916
disco.00016.wav,disco,0.4281690840611438,0.15872244334337307,2399.1954695142967,2320.1914522757934,5595.421730011795,0.12013338369136518,111.21056501252492,0.7835655688711417,0.7486008366455577,-83.45367997252143,93.31499160541324,-26.132593445679476,48.772839337729955,-13.6003573373277,18.920123551347462,-11.374410969525158,14.71455563076804,-9.165439720314442,10.35199573528066,-3.998104550971429,8.486461890610801,-4.198337181856021,2.8723208023922115,-1.824905951968582,5.732390106924996,2.8308789414486126,2.1813044982381253,-7.424885985498543,5.854205481790126
disco.00017.wav,disco,0.41039581054939006,0.1398313395893771,2344.0502089991815,2776.731411523172,5994.938636712373,0.07768814861940807,116.33421576594799,0.913135364382712,0.7124501812334115,-81.47183670207995,89.1517220171119,-28.362690921304477,39.88567276731587,-8.842358067795754,16.471189281256972,-9.258185643673732,17.65973847827295,-12.353678896703475,8.227194792214785,-1.36046243482523,10.59867516068112,-5.851857120636661,11.606747010083513,0.6196071703629071,6.807158079047121,-4.700480683620989,3.759653889584614,-1.1408397681338296,3.434215512557535
disco.00018.wav,disco,0.42816871534704554,0.12940451839781328,2351.1472941867523,2532.5568000668377,5327.959455167584,0.1055942707795339,105.85554624660482,0.7815636675838545,0.6943205430247297,-78.03956305414478,90.20671839936291,-25.39781223472149,48.53100191037101,-15.937401910345649,23.609167656542727,-15.013441494386047,12.484914359997576,-11.637971397869942,13.345827606355755,-5.196230700786182,8.959490266221069,-7.320198963188353,7.100919512201332,-5.290395909927335,7.150365044562648,-4.973273405994841,8.989383095615228,-7.026741348872283,1.5804405026303159
disco.00019.wav,disco,0.4503160152989829,0.15129722504075932,2387.0242671191177,2539.4328812567805,5333.61271522491,0.10246194616572542,111.23303351361027,1.0,0.7045462806668317,-85.77670208099863,94.4811292770166,-23.16678728466829,42.700600706940634,-14.799357266058426,24.020418388474692,-10.740754982468363,9.222066544664695,-2.638280106185995,9.698028613352129,-0.5132847905527207,12.835304873897146,-7.003028633448443,11.099569593089443,-4.954327649591043,0.3998982395881745,-3.2737944980664277,6.192912505328837,-3.388209943989014,3.0788549772246956
disco.00020.wav,disco,0.4343069813478584,0.16212987960580183,2481.3403377430095,2626.365458260119,5569.186448433986,0.07717592797806935,123.42682331017159,0.8113462966172882,0.7638566438921864,-77.32489825679127,87.98281924702049,-23.990500633537298,40.29912188649794,-10.778728849803505,27.85917908661969,-12.984569057402624,12.720593604036674,-10.130046328674657,11.389994677404786,-8.189108818561154,10.26374213607294,-1.4594801635925045,9.603041640361353,-8.305246276914218,8.98550299547582,0.8121022427610396,7.490484117038913,-0.881473254032525,4.6605679426153985
disco.00021.wav,disco,0.43097168194379193,0.1984702697520691,2459.39190732703,2694.0625712430588,5469.824015697392,0.113054904219571,107.70775447694369,0.7572168472387685,0.654040831390118,-81.39156328851784,86.70544084866555,-26.34672516193902,43.78166892892979,-11.7097352446836,17.155750413126007,-14.33655444323597,16.08574281219158,-10.392314351210297,14.223589370689794,-4.32419083395486,10.820286450619221,0.23207696126268473,7.070867564580283,-4.723460116248827,8.61510775679644,-0.4714593082109422,4.438009070536097,2.1743739008678267,3.3632670704802083
disco.00022.wav,disco,0.40098320912667346,0.16042445301668518,2463.0812210203057,2513.9653701075504,5988.866062089472,0.12167452473064264,120.24850741119145,0.7670586175067465,0.7674752542122855,-77.75070011453245,91.82771649266925,-25.995594585465938,45.97434478233034,-10.560180776555164,18.978415037419065,-9.495308376448916,8.516088341092914,-6.552398870536445,12.981029163688046,-2.7573616226406217,7.814859443491297,-3.0728594949278953,12.2718615366235,1.2413089448737757,5.912481902320318,-1.5820411078113206,8.332733434203298,-6.5024060457865245,3.0307727719689264
disco.00023.wav,disco,0.44006711366610274,0.17950401083369533,2723.852755529981,2228.9501670404884,5482.531418435593,0.10615126905625101,122.64831122253771,0.7152522652164096,0.708644997335786,-86.19459583305093,93.66541405493011,-26.199311534329173,45.4714373511076,-12.006714349422543,18.7976982011185,-13.77719473434458,11.984054622008294,-10.169505316488179,12.099818741041414,-7.387152990561834,14.239471894783865,-0.9185468923205469,10.425078648997125,-3.3589767074194503,10.542842207161451,-2.654016893363372,4.906215757537262,-1.4900763807521917,6.105469121630032
disco.00024.wav,disco,0.41910724237008956,0.15049749443110794,2543.4012561148093,2615.182532287375,5750.332804361931,0.10909973312765692,107.30249544257236,0.7634147123193404,0.7335606478509393,-74.58374946074066,86.40612611297801,-26.27971375849172,43.83178931542387,-7.932583981705497,21.895175498624102,-12.721979678116796,16.676085848765457,-9.213915560122839,7.326838179926137,-7.678319921828452,14.202125863267858,-2.847372335051613,8.323280166357629,-3.7496812074361383,6.876446526356396,-1.1592921619925172,5.876506484621978,-1.655464729166741,6.606395014916648
disco.00025.wav,disco,0.40069313038002197,0.14044122328894723,2527.5154218198263,2143.776635171852,6209.385990614837,0.1279413188792903,113.35943603896611,0.757452412048232,0.6932540614358013,-75.37235836587764,85.74036850718721,-24.65657182354366,44.67441647230546,-9.519484107872657,21.687972316825913,-15.274626629966306,14.246646496072678,-10.916486653829974,11.238738639669682,-0.69746889043902,3.781724267303165,-6.400668206199711,6.341921138649509,-4.144893286239634,8.220376992315732,-2.5206332526841626,6.2474081771613355,-3.8773191311953292,4.689773036253813
disco.00026.wav,disco,0.4233339289263315,0.14535400900525824,2806.271623961303,2509.4270983709625,5865.911084168789,0.1119787014988454,123.0499572412968,0.7767515014657176,0.756626726552834,-79.22320871532293,91.6104224076747,-28.748694735772016,49.300900826453635,-17.578989121649396,19.94556367078331,-10.282807212294703,16.237067907257845,-3.2714824167758643,5.425125535324678,-6.523082385169132,2.619499536602204,-3.9051340782692567,8.815050753500092,1.7723872265137581,6.361904282680363,1.1320753883271388,6.751511244617177,-3.3057445910155048,-0.22688224037611793
disco.00027.wav,disco,0.4082500689487543,0.13015795965709273,2909.0414145339287,2470.8288216333717,5918.3120940289955,0.10779678348801401,122.15080629120794,0.7967479085867751,0.7558133176914835,-81.29797854018977,91.17736805541156,-27.778489790449626,41.37169401312283,-8.271519320019518,24.181503966676303,-9.80232517419328,19.995427147631347,-8.803296556174534,14.968109659966938,-4.473277745222535,5.92574774977083,1.544120575312549,10.972132539872256,-3.3630630930286927,8.181513778601847,-3.2111103019937204,7.487447105178626,-9.17323569585188,0.9405959989162191
disco.00028.wav,disco,0.4293777923286089,0.15500688923562161,2691.5084589777484,2257.5785808192218,6146.753448495736,0.13285794465576514,118.39451825299736,0.7476243314509339,0.7954596615197248,-74.05258864949322,92.86128076743407,-18.484591997810192,42.232946012814246,-14.458160491496372,18.433176645839954,-8.674718051051562,15.526810649413111,-8.455853370415957,13.427775884369897,-1.303014184356008,4.423012772139474,-5.790916083703347,10.46043078236918,-4.403216051575746,3.6053817709255376,1.0556122829511843,1.1314997908280597,-2.9047394233733153,4.985932077414426
disco.00029.wav,disco,0.38278540258269644,0.1756631131202635,2536.224604960526,2753.5515088202656,5455.988795876479,0.1250690520505803,125.96819162386254,0.7297967997804742,0.66970639115669,-78.91773273600849,90.2168650413746,-23.33252191727462,44.32041758285148,-13.291283096402147,28.0254190329451,-14.417062184532334,17.201851435092713,-9.723805574550173,9.992664146778734,-5.951308497721897,6.5896971774862285,-2.2863273692912816,12.171930787849872,-1.5899590162600157,6.310145988636285,-4.95932149729774,6.550475797473353,4.469048895187896,2.8579161286147228
disco.00030.wav,disco,0.388720492619444,0.14877821738038005,2552.117153101116,2005.8460803389708,5641.762385049499,0.1023167173546808,107.1178950496656,0.840255195978604,0.6475912171841492,-81.01600716165127,94.39932717356574,-29.22764739407354,40.402205296206716,-11.192081431312985,25.448462092031107,-14.723025153195888,16.223069210511532,-6.257001380114923,4.822518548923039,-2.6044959862783394,11.62981763952654,-4.935356719768074,11.757039086894025,0.4093667229745357,6.309353777151615,-3.354336170974801,2.0815163222511286,-2.1126905280985735,5.709276759112537
disco.00031.wav,disco,0.3902746941687808,0.1160499798947594,2903.742778915314,2534.240179932081,5367.131426163108,0.12785737582634932,132.19710877186205,0.5558470744409687,0.8174523403905862,-84.27994763243105,91.49733152039683,-24.616218392876263,46.90717957932165,-13.497742843483966,16.380279664542545,-11.351104573770005,16.22054290541935,-4.95382301397433,7.4845060985824245,-1.9188187193809476,7.056383131060436,-2.9126503552164205,6.4703181414031015,-2.453488116863695,8.675632903710824,-5.681042231865607,2.9602823097595055,-1.4451122379737402,11.204750983091056
disco.00032.wav,disco,0.37410430863499516,0.20080267771993837,3050.8846607350342,2482.4839928737138,5395.6466158300345,0.10461902202002962,119.45437975733864,0.6674624453952354,0.74414197322399,-75.50935917844743,88.16674481256985,-25.722172911967153,39.89657857719828,-10.87781373560687,22.79344505485412,-9.808892920702688,14.34951884933357,-8.878273756317364,12.505700701102016,-5.08644980476587,9.944915614665996,-3.3550515476363563,11.370281861287285,-0.9690177078748374,6.578585529450572,2.5552660919565398,6.260805587169685,1.9148880663712564,5.820827825159913
disco.00033.wav,disco,0.34474242763205376,0.18609669526638659,2677.035248268534,2490.64814123786,5598.471921621352,0.10982525257064399,121.81623088311156,0.7326499146925526,0.8205244787483869,-80.34076434086315,88.8522484718327,-27.77477744715782,45.806327367445924,-11.438678699624724,23.16527384103252,-13.081755662515388,10.196456403565282,-6.123226092480321,15.453925585629523,-8.079060867169687,13.768323850685096,-3.1482668237908573,7.9788112863475105,-4.192646089637334,1.84644594172501,0.963185547773799,2.673180915687191,-4.339420027212801,6.975778929660864
disco.00034.wav,disco,0.3435104965998482,0.12952804378663668,2646.3731512983836,2552.7911972208735,5669.657126789123,0.11047302259905621,140.24295734913352,0.7617685952987333,0.8143717824541145,-82.39096000644163,90.37172044956321,-23.155116303859675,48.610734163600384,-16.467852793320652,21.2620139849329,-8.659889167572567,16.761172603783606,-7.980354026586382,12.627271908596306,-7.426891678777402,13.673716296955071,-1.0221156910617113,3.965216638804483,-6.225309144350267,2.8592347496792816,0.03390991268958521,1.1458167007475986,-2.993073002624242,5.3641131892503235
disco.00035.wav,disco,0.398015021963607,0.1651777503142541,2436.8394577302483,2607.073787211504,5285.375837633401,0.11013070488403089,121.90185382324789,0.7882462577224679,0.7583309527879591,-82.25188046593027,89.10135176640242,-24.99344922748889,40.87474430049875,-13.387598898940137,23.16303963709854,-13.832309811536028,18.46974495478272,-4.191160212200471,7.264548272119743,-0.9271411008495818,8.569255233863597,-2.7444563225288356,6.51004684361526,-0.23086551831971436,7.218282056546001,-4.44245976979281,1.5043940001041345,-6.380907305627668,4.563825329298269
disco.00036.wav,disco,0.4171741423533921,0.17301931357558883,2626.4037810785244,2291.7406379804147,5261.273820691676,0.1322852295844289,116.12297148319935,0.7914734104545181,0.6816786188832531,-78.99025086362289,88.62694631496277,-21.85986185867271,47.32067311862044,-13.4871178397247,21.62000791795701,-11.653348720121887,10.74170041036497,-10.572327288641649,11.59465198316246,-4.024221505311254,9.445643710777917,-4.905199161875907,10.799199817162956,-2.8093742863171878,8.10976148428784,-7.3213253966075555,-6.767200754855027,-1.1486359164857598,-0.27429696116446856
disco.00037.wav,disco,0.3936264489186083,0.1539580591795079,2967.4801204831074,2571.999379529849,5558.050659379535,0.1275548673195051,122.94798069471231,0.7433858405609254,0.8146287241178991,-83.32925038366483,90.96974156260069,-29.64270938240893,45.611831572547985,-11.421031074681212,27.029364885743988,-14.694921680325338,13.197338472438563,-5.531952720277569,12.005951769191924,-4.4590848459874906,6.131592891124383,-5.772455044274288,11.73512302466977,-3.154527581261784,7.1260790884334195,-2.345564986329437,1.4507434542507043,0.8014312782249897,5.5096971535974895
disco.00038.wav,disco,0.46916910512101573,0.13968837240698911,2814.514584240096,2263.92208611334,5555.071298685577,0.12964759883594748,103.42291907122811,0.7636054020606714,0.6596754598149743,-82.10587189488537,91.15563795677807,-21.637942880732215,44.600163854312534,-11.383540717319939,22.342926259177744,-9.994589480930758,11.731972086863681,-4.674666194831321,11.885586104476507,-3.8153555299922672,6.580471112923253,-5.377661193967722,7.471597406867665,-7.6023740803465545,0.935897024406966,-3.8022437919157035,6.56756229932717,-3.9594121697898226,0.9435844072278594
disco.00039.wav,disco,0.37555943040286993,0.15089315153709376,2579.228207435979,2889.79386139718,5869.117219970562,0.13037161168422592,129.34864291418705,0.7000943304532761,0.7239391801788394,-83.32061087460217,94.00351840001352,-26.641575366647473,41.24593145328214,-13.292988600659438,21.28418340485612,-9.194760178916313,15.75285306213613,-10.484541691620525,13.056969177541133,-6.917580601250474,8.53117098988487,-1.9396777884899348,6.074535788166976,-4.708054270743412,7.775004149079393,-4.573199529815058,3.845623929187788,-0.3327734658713224,10.162277324307926
disco.00040.wav,disco,0.4181621351428824,0.16945279525980023,2756.160316734546,2306.825750667931,5540.458858537968,0.11455350267495398,122.57267632298205,0.7893206441980697,0.7786325200820384,-80.93440158469761,90.17582675211538,-28.683485698170976,44.04027816599126,-7.82749935547007,22.95642501888477,-10.06276311214923,20.68836982876304,-12.082504934903238,7.67163333366134,0.1381342338288185,9.137882808146802,-4.727749108869381,4.40238702471307,-1.6569112008149645,7.633379608582387,-5.283483082504689,4.579173243348715,-3.0065474960991985,4.767931439256313
disco.00041.wav,disco,0.3664224927333807,0.18503894909026314,2833.164756319521,2434.628399428093,5424.25345092657,0.11295366774583576,113.77353157594797,0.7445256465411971,0.7131372250260744,-75.16139488787861,92.83985492499131,-22.19603587799013,46.10977683901317,-15.351981026793704,21.87552668626786,-7.0885346211598605,11.225206111898135,-6.090340379380207,17.9678276757883,-1.8145500620308046,13.242087406685961,-3.344983748673518,10.903795846294969,-5.153559643062106,8.38759143702368,-0.0368355978177104,5.8697335221129885,1.9480222591554952,2.383645486457834
disco.00042.wav,disco,0.39438827450579017,0.16190924082716593,2444.07780578212,2540.847749884045,4898.374355466153,0.13070431801642313,120.37309893252772,0.738328567687699,0.7096804403822229,-80.70373708885757,92.06477913231724,-23.35678306378732,42.88338615816462,-14.538119017882902,23.97069611895894,-12.167042213845088,15.179729322238511,-7.628736072427169,11.936186395180215,-2.4251887094543845,5.211111189398032,-9.733477975781463,6.297658156314945,2.404585223496558,12.066522300262136,3.493531406697662,4.421055896717931,-7.3463452459544865,-3.0291173049555224
disco.00043.wav,disco,0.3815788551535177,0.1560385273970128,2910.1250802111917,2656.20498271764,5579.591777647067,0.10165232843588289,112.31376353404087,0.8003302149657149,0.7560291621946396,-78.82435621326324,86.89620612118003,-23.04799711362374,46.27773290130423,-15.211999218570535,19.647037089099232,-7.9345120763153005,14.296477394562327,-3.232558095090628,12.503387828193729,-6.459893564567808,8.969383198827202,-3.8098498220868455,5.81482906027487,-5.73776459453288,8.104169681428498,0.535819891126287,6.811344408658876,2.5459542829714055,2.3746802919651944
disco.00044.wav,disco,0.45022812298213394,0.14198157762891694,2447.4628873263014,2183.207401213135,5343.971640160614,0.10744416494755821,124.2074982420372,0.7995112753296361,0.7061294498566827,-81.17817871527745,88.88561393673695,-30.32794674088568,42.05715981895989,-14.312440891842268,26.30087505946284,-9.425647852127943,16.9865062618425,-12.495906491447636,14.582643449041974,-1.0966938109277216,3.004965098566122,-6.115950171747545,9.487296719046531,-1.0668346393854535,3.9645158085383345,-2.9164983891609584,3.207856816864571,-1.6687458591616413,7.591535594385738
disco.00045.wav,disco,0.37686873528576387,0.18001640995536827,2493.6655855306226,2347.4271017505607,5786.508116420125,0.12882904567011425,126.81127949410123,0.6747362073425487,0.752244749199277,-77.53103422399003,90.12462552169168,-28.221078538592394,46.37495381737632,-14.144421776974411,27.383574545176636,-5.365475612745224,16.812292279066703,-3.9169798856906795,11.194374050370143,-2.7036875168749526,13.433160885906226,-3.263503954617062,7.234438485457149,-8.113865874531347,5.750599422835518,0.4702695536869341,7.836900282702889,-0.48690480284477067,2.3761027151132805
disco.00046.wav,disco,0.3406953529315723,0.1500956980399053,2589.1310257892096,2443.6727859057974,5716.494724942274,0.1447851461652226,120.98823361472874,0.7626614568674831,0.7407447854050281,-79.62684569927686,87.51511871895481,-24.639404323761834,46.3524370089954,-11.370941809276536,23.372625802014344,-8.698757171954394,9.68430995326067,-6.08938952481379,8.986955463012638,-8.287517489011874,5.6866445164350115,-2.699375168582412,7.332275218325441,-8.045906351956232,7.43411344557685,-6.318824392396482,5.419464075554632,-1.2845032229808375,6.656731245085135
disco.00047.wav,disco,0.45345054359400555,0.13270647348198916,2639.50522878739,2450.259646892041,5651.812390086337,0.11823503156400428,117.17963005810704,0.7447278249111315,0.683601069958699,-77.03641525278047,91.37761254479858,-22.246695406614588,44.06881159057346,-13.970506406083292,18.765054800112317,-8.923247248778022,11.880620326415297,-2.454010793100349,7.077072256719679,-4.179019642362494,13.700564121641358,-2.202730722208573,8.527021137475337,-5.905450940885687,1.8546924342968882,0.31015032675275744,9.51844172232484,-3.3165499714345144,0.5828154771509468
disco.00048.wav,disco,0.3262549170835295,0.14038470312674925,2627.268631500192,2787.8421833506122,5735.596792281539,0.1195762810706013,116.79904270959095,0.7333467426195235,0.8082787900363643,-79.39778437772483,83.69219792423694,-27.02061894369173,42.42535190468512,-13.638792027532395,23.688731980855255,-10.322334645382748,14.769403778989014,-4.05958051602429,8.910616730639935,0.5925985776620486,6.986077225886742,-3.732405410162286,7.1563892137917,-2.629742599497117,7.333775985219387,-0.6984942797333704,2.74064800813826,-5.368744032342712,11.509515372717132
disco.00049.wav,disco,0.3854804698119834,0.17398424877343974,2328.4717378953605,2449.669710417158,5455.480215606145,0.1220922260489175,98.22036687206449,0.7932912490462665,0.6108393030018472,-79.02696286641523,86.89101240948551,-27.566448087776745,44.1791171688202,-15.156988408809585,20.573396659793936,-13.580127305629945,9.500488644903818,-4.946128842711921,7.1118539215282155,-5.5360426628239505,11.258673244481354,-5.844832307548129,5.524502300763386,-2.3212857339977355,9.353801468181455,-5.507945795259406,4.5495565039476835,-7.197483784901982,2.82039698895343
disco.00050.wav,disco,0.4010261405361423,0.1429075071648987,2558.6016332349536,2246.519181704659,5526.977513983523,0.13083541373324725,111.2228490418363,0.7301862586758094,0.7422129962295951,-76.36372784203179,85.52043056337321,-25.50635421224785,45.84939246695858,-12.306169171886545,14.569623799368738,-8.496729972073684,19.55800905327193,-7.65001474649149,7.90668184011721,-6.53938173909285,14.309739202966778,-1.2701123774183243,9.920079855152988,-1.930762249396872,4.016588663427083,-2.601713541967306,4.766231792964453,-0.35127705180666813,8.526756682800709
disco.00051.wav,disco,0.4335501441037939,0.13161231288407918,2694.79899378021,2632.6174021302213,5716.601115550622,0.10556149354918871,143.3128737261469,0.6778332350135106,0.7832638541397484,-79.29921475621528,96.35040916489156,-27.508584552112513,44.202514903059026,-8.768118980952922,21.9464135353368,-11.003811563590887,16.69689870566016,-7.182446029311221,14.091316356910374,-1.12559333280391,9.921009180016085,-3.1248018238650728,8.642332946858401,-1.5326083300521371,6.165511913614392,-2.001825446966868,8.589881362481727,2.5483485410651294,-0.5226588339002625
disco.00052.wav,disco,0.4003006345522171,0.1462261113310953,2587.8057067027858,2572.4529177523577,5734.303430039864,0.11331810334582983,104.69327732221758,0.7027963535539057,0.7374247734683242,-88.2212792661048,93.562281455046,-23.436310028066377,48.948528244590065,-12.59570756064288,15.815783727931285,-8.708912075480505,18.823959372115024,-5.225834583459737,9.011925549535894,-4.73971677361206,7.401491193660228,-6.457799392568116,10.866165713539553,-6.592596933795487,3.318550708255162,-5.312076900417156,0.5292574301028603,-1.5607571244721896,7.484509145445928
disco.00053.wav,disco,0.39445369731264207,0.12988504398871667,2817.9889079484055,2803.426315726295,5273.815186548692,0.10782168599923424,124.12528504066715,0.9097498998228042,0.7394781116162404,-83.99734934299461,91.89425581881721,-22.602795780573103,45.01839435130568,-13.674399778972353,24.98313619297614,-8.415891986356108,12.69469344928952,-7.852715806082985,6.944877403926061,-2.9423286306862395,8.213299291851433,-5.307132497154211,7.901376544542697,-2.8790769020092566,8.68479018469668,-0.22672840602433553,4.530772163621592,0.2910044491569854,5.202211761074839
disco.00054.wav,disco,0.3872020109114189,0.15750563683527027,2620.355422231376,2590.9470417713565,5371.542084847425,0.1091438622036755,135.75005847547166,0.8551788385397684,0.7710326860617617,-78.28717701817341,90.35505019696554,-23.825346474219717,45.41202397369531,-8.431072063544292,23.036861033954338,-10.186266094642862,18.126571730949053,-7.300144876736384,11.364435737987174,-4.0579321925416565,8.7191729299009,-3.9723190210135932,6.239916233714382,-5.253501658871636,3.0042888405526815,-6.175949860391228,2.3608479158463305,-2.522801103400777,4.309352747336911
disco.00055.wav,disco,0.3918611031055708,0.11288593019745284,2964.9172715524683,2695.5664221202687,5656.015947925995,0.14361236008829903,112.18108706013031,0.9310100096500804,0.6724183726379613,-79.28378622412593,86.17848802459739,-24.9559177133669,46.158499493995166,-12.464070993403665,24.14163233227041,-9.702956651538228,13.432755814867473,-9.700439953407017,13.43274131784709,-6.961226089420903,11.746208911454811,-0.3318646215042076,2.99385841296161,0.39877916190310403,12.181268095334097,-1.2439887163942145,6.797252555884467,1.1110159731074756,3.173553054462933
disco.00056.wav,disco,0.4054684067061361,0.1337160094075378,2677.72700570609,2589.6601592160173,5680.657058024264,0.13098137085396372,113.80158257491577,0.7373914594661203,0.8215313019555017,-80.45098512129113,90.60010136193698,-25.201030125175663,42.534957521084934,-7.129412367324582,20.416895764238184,-13.381856571120789,13.647779168091745,-14.0051180051766,9.046137605050454,-7.90438579355698,10.852285892781973,-6.020242718679617,10.663411806736546,1.1954519792079639,8.343526008862797,-2.6461648665802295,5.423343490116779,-6.574954820432179,3.598661882436281
disco.00057.wav,disco,0.374186845957995,0.17388652762298598,3164.550477848895,2589.967894475286,4803.100947865867,0.10958154710628441,120.97992740299564,0.7869885940208211,0.717134071480796,-79.26412477208919,86.27249748924184,-27.8347261680552,46.937392924811135,-15.046989692639478,23.614634816476773,-14.108391323968174,20.29447765137521,-10.322809767212163,10.329000284589668,-4.008160216728783,7.303950142496717,-3.5697821167860866,9.726070173560377,-0.11816030248954412,8.374492307918871,-2.515431391408022,4.560104677869193,5.047325674075098,6.849667204747876
disco.00058.wav,disco,0.3723452903103936,0.16199976327531104,2582.9713722443616,2475.63983789384,5069.67669480217,0.1088211514842107,134.4924461855513,0.8263261040700403,0.6797886027882443,-76.34982952250616,93.26888856872749,-26.07785591291925,47.15179063134965,-14.578197632451602,20.58923285120093,-5.504360917990439,14.184809880390874,-13.609194985864974,10.81009033165599,-5.235765178743071,12.595105708120379,-3.95699073347272,6.735253065679122,0.1351684356936178,6.362370697503331,-4.2500680446971515,8.464992681624853,-1.4190147064496024,4.0087779000383135
disco.00059.wav,disco,0.40533725174234964,0.13858663257166806,2544.4692447643324,2500.644868329901,5431.867706741362,0.13408642574224894,121.73924682181602,0.8483923138109122,0.7569919433106026,-76.83113454876163,91.19258326971946,-24.959738543834618,44.960150733122944,-14.86331587887289,23.52074716040893,-10.120614203609136,13.494024119456386,-4.680614687563785,7.249351922315596,-6.267487686297302,12.0831562463386,-3.0534311772392404,7.856423217041728,-2.24698937054956,6.538242513146524,-6.549987638857764,3.9522143439561157,2.8495649635412468,2.022027595668497
disco.00060.wav,disco,0.39045096957687,0.14916758473381625,2632.5969553363725,2395.0378903616265,5670.359525755321,0.117959701184354,126.18838092085615,0.6959247067048832,0.7561894043090653,-80.6771678948364,91.36694073026578,-27.379663591621103,47.74696141277503,-8.440753228447173,19.03338295709325,-11.472618684680697,13.404205475123723,-0.1028413859675048,9.71029968437634,0.03287632646840333,5.200104014680171,-6.96895289849309,5.940186404455398,-5.537067934339567,5.196303797524504,-4.126334608164495,2.5419752217962794,1.4754159894199832,7.671380867539495
disco.00061.wav,disco,0.4284788949512595,0.17047997911168655,2668.5486131559105,2410.5344756801364,5166.394873335717,0.12044493555149031,110.61095685962562,0.7004863256659686,0.7724367510338366,-74.29805287483374,91.17988541449944,-21.680628543116068,44.26245504766805,-16.013022558263053,23.836514855855754,-8.292132030189808,15.215005661640733,-8.727126374315334,13.886631735743293,-7.957199100282423,6.6786582633280265,-7.024319520281284,8.25491888790748,-6.263679036327774,3.9472734584542692,-4.117266686681594,4.218175002998126,-6.462123339211931,4.261614976111801
disco.00062.wav,disco,0.43741910951994034,0.16270982744633525,2958.264228960264,2740.1196734578466,5772.207266536749,0.11612028763955329,120.18000310596352,0.8411039817890609,0.7310914811721616,-85.64756225440239,91.47601216230888,-28.393205889804914,42.113576315428844,-11.999328156012636,21.71462536733959,-14.236226818946891,15.49647469239942,-5.101581017416855,7.614975289202651,-1.182550007453722,4.319487524610168,2.35197243311286,6.76621870854955,-2.5631490095193263,0.32389928254298983,-2.1864081994079254,5.685446533154575,-2.2584863122984835,2.310756768842879
disco.00063.wav,disco,0.3716030644441656,0.18261053239074623,2656.16142699959,2777.335427773019,5315.731175821777,0.10847807959941676,126.5247539567693,0.6501620030397148,0.7137946593302388,-76.70754508594051,86.48419821233041,-30.457153045907642,50.60558156421927,-16.181452943622617,22.55235819498451,-9.792744421827187,6.5681150501457495,-8.801951069503426,12.34523974843733,-3.9370718554434183,11.710562051410506,-5.162473944716302,10.137513326276482,-5.067987204240215,1.7685977507616748,-5.893185127043697,0.6136686344137559,1.0287579036735814,-0.5437205271756698
disco.00064.wav,disco,0.4082211652194791,0.15468151611855135,2629.470285309874,2745.449313135946,5346.550421474654,0.12417402342324525,120.30050681104889,0.7678384875493842,0.8661253567607571,-84.3240252371461,93.86739550631233,-23.030780303530083,43.56142501610465,-7.112044447675164,16.45566966283439,-11.565299971897215,11.374553387192773,-6.76374960538562,7.660807696438467,-3.7008081597760425,8.440690752535337,-5.438061827968253,9.165941738099932,-3.805864871814192,2.7340954708228837,6.404118968904935,3.5384984509125665,-8.652827240456045,1.4737039308358342
disco.00065.wav,disco,0.36198169934881813,0.17652291232081033,2714.3305319183173,2571.768304322262,5370.492136956965,0.11080974629414618,117.03255117113865,0.7735045452691625,0.7806387386600117,-78.99177376248396,91.5003384888626,-23.501323275252393,47.653327312145215,-11.135549875379237,23.076544218036755,-6.43358127642053,13.004862245990664,-10.567227739854522,7.4422352024394325,-4.451256309139232,3.4388032763426306,-2.613537711820968,7.672420716498342,0.4039190994631703,3.9842480686050283,-2.6099548562525205,8.366609999880106,2.1494069403344573,1.95954290274454
disco.00066.wav,disco,0.4054534369776148,0.16588837955368096,2724.7306811242297,2452.736381323188,5948.484189343272,0.08665444774567682,116.63095812159133,0.8158344586218358,0.7602273335534346,-75.94172290815571,93.59467617960387,-25.85662487592167,48.89961373059182,-14.142125231332365,24.792662148375513,-4.56843256473702,18.64483232056491,-7.68268884942763,10.004663684683633,-9.585773888777858,9.931618913742613,-7.345651683912758,5.62059600915819,-6.572237402210015,4.618823002030035,-2.083908243460947,5.820843743497115,-3.80151990624189,7.20785111918555
disco.00067.wav,disco,0.393753842260301,0.1442455513346896,2695.2584534486873,2853.439510037887,5617.306198287291,0.1095571655893959,107.78030915105037,0.7624470143222344,0.7159225655708447,-81.16274267376672,85.003846085277,-27.5516961685103,49.36361538266327,-7.697996988808617,19.340082492386205,-7.981729638401735,11.464281645689478,-3.787051154015143,11.73570754368271,-2.1510755041503984,3.8547199584523835,-1.9670886942253354,7.97697780894649,-0.4442127876274724,8.744603394293549,-1.8026459315757517,3.197511082712256,0.3390885465384832,3.819536501784617
disco.00068.wav,disco,0.37381645139417075,0.1415969553708463,2354.5671167375235,2408.1475912786486,5885.942216126033,0.11766744699558151,115.76185835261568,0.8443884750544064,0.6924831377361393,-79.71394917700167,89.46110888182345,-22.662608123234943,40.2683148872415,-14.550593237443968,17.085263022716397,-10.77879016542781,18.634282510897293,-9.516341628960582,9.467948185413048,-2.3848267274475905,12.2056486753659,-4.26571320180637,10.054144562149677,-6.230863622633839,10.133923001776243,4.446118881811154,6.563647373566175,-8.252994864028402,2.3253092128066473
disco.00069.wav,disco,0.41838475965007965,0.15157034005667275,2904.4397108500193,2605.868307598456,5252.733574731971,0.11548397216156879,112.84933423488728,0.7653932097270046,0.6954553413591996,-76.47571459930089,96.34803617049299,-29.293564999707257,39.23035114137075,-12.735517265554158,17.44475290351395,-9.861365188987248,17.24680834141778,-3.517574308199525,11.604183676145844,-5.579465674548737,3.0648452502807473,-3.9214445524426047,8.213861781648385,-1.083129557361764,3.8745356954127264,-3.305157800707579,0.565993234087447,-8.873878420652195,0.6745087276096502
disco.00070.wav,disco,0.3528902255724095,0.16673424590841224,2546.3731886666287,2403.117316586538,5155.455433838676,0.0665115185123135,132.0664859899804,0.6999783581778569,0.774628318969931,-84.36467649586793,92.9157910303219,-24.569713188888027,42.5209041442024,-13.176688834032072,27.03453976637461,-10.218908295643836,14.454799387152283,-10.824144458417795,5.316256548583091,-5.480116020738033,9.976455336973853,-0.7012466070169916,1.2545103965010336,-6.375288981069087,4.257776728330649,-2.0104425457196053,4.564898925414733,-2.3650660570618087,5.224288175709834
disco.00071.wav,disco,0.37290120667662674,0.1786828288446739,2736.690488339896,2442.430192456946,6060.31779716112,0.1383462405335765,127.46316284155047,0.5385154583545766,0.856934115291713,-77.6157244325842,96.01922591313881,-21.287606224799383,49.735028032491854,-9.364035449458862,26.046079595936536,-4.017628777796681,15.649664215134617,-12.71669163223439,10.077617299954573,-3.8301632018496896,9.224662753114673,-7.73968589847828,3.1067971244150634,-5.223488005904487,8.423218667952453,2.741019312468908,7.749702841333104,1.1722818613424084,3.757553280509327
disco.00072.wav,disco,0.3477375262688211,0.1508955883823459,2598.2471176255244,2410.530552369577,5519.14320288112,0.12162129639839427,126.82412150594799,0.7577504108506933,0.6804024853650752,-81.4486331578734,90.13113119097595,-21.331576233599776,43.296576473447686,-10.462369114801795,22.870263698906296,-9.868298400629834,17.791599957973773,-9.982523590257742,9.274440651069451,-5.035702469282684,7.0795604847189,-2.4759631268362012,5.860423086901601,-2.3210873767645968,5.69948169363973,-1.355222105669883,3.6207758148108824,-3.017264883580481,4.28802780399115
disco.00073.wav,disco,0.4060622351848394,0.1599159616921769,2991.0724713026166,2321.667354626569,5477.52867176655,0.09139556466824524,122.97665182933909,0.6907802770898549,0.7472469315661927,-81.11619297599398,90.84267337980351,-26.65837275263554,43.21408290691805,-7.692430607742306,22.853700371423578,-11.683152556066805,14.247498984566308,-3.0639351431877655,10.294505365246708,-7.067829869457163,6.945011549620822,-5.647379442968733,6.216506832719833,-6.838943545047729,2.6273997091590657,-4.48796112308411,6.7747130553592925,-3.1437118618186206,3.3785149327178794
disco.00074.wav,disco,0.43810264075764693,0.18590014299876836,2593.575011372453,2386.4445680769863,5197.449390214262,0.12539163654562357,118.36234213182169,0.7490804087741768,0.7031755542374536,-82.30899922703416,90.96017457447974,-28.946314797661785,47.984606081363815,-13.601533931444756,21.551092167244622,-14.010933874421664,14.962902185272906,-8.98496282807168,10.8497582034306,-0.5848733049143284,9.53309413737072,-6.383977552437412,5.866040268360296,-1.2146064422586944,9.896079872980271,-1.15424593774685,7.066138233664308,-0.17078682998988493,8.257193240072564
disco.00075.wav,disco,0.34151229481821904,0.17334437878609057,2846.7472087807128,2259.0297328955967,5190.016135597754,0.10223825877057771,114.16967842898093,0.7414626359251579,0.7402664347614255,-77.40297604649788,93.24395087330561,-27.513469183503346,42.46589100389105,-8.052534479951332,23.940231806255934,-9.751405474393012,16.4200100266649,-8.089411345554321,12.573754049142844,-6.008200089517222,9.806414803317692,-8.531638151108488,5.936647115523707,-5.0310335303710305,4.876829900379258,-4.779539764339244,3.3993691225307545,-6.543242187194362,5.646101429184701
disco.00076.wav,disco,0.3975245944326582,0.12589584784447966,2483.0340178906654,2560.58825696119,5309.942318764974,0.10454587809792856,119.40325858393538,0.8074878028142574,0.6759445968377997,-78.34961455634637,87.59912015517787,-25.053783904749395,44.89373957792547,-13.581198354719323,18.929020761607855,-10.857059644276791,19.875990927225587,-12.085025091390893,16.076939057314625,-5.779163513229597,9.106114251265918,-7.2601324341541815,5.686191749967557,-4.508728950114057,2.8629150873662637,-2.6267538721126154,3.7789523245796866,3.5523434273072,0.5020774429586168
disco.00077.wav,disco,0.40308071550245766,0.1649569256380365,2435.9358902696326,2623.628949181511,5360.58554549143,0.077614155226254,125.27879689683652,0.690644729271811,0.717406741056182,-77.93629375132281,88.95851555274466,-22.246683548345498,48.63049828609596,-13.934785380966893,24.37978748786509,-12.266382404178646,21.69934775139653,-10.078871013593645,14.078262322880011,-2.468629922355273,9.948263466326802,-6.011629484250049,7.545807524175772,-9.460764338833656,6.673260115146751,-0.9511540069148441,5.400498257184115,-10.919918513877672,0.20309066473056703
disco.00078.wav,disco,0.37755727051454013,0.16583317866378092,2707.867781128597,2469.359717445188,5722.335937811385,0.0996063643704565,124.88188004555197,0.8179793683871913,0.7871847868127153,-80.54612129325697,95.49223147449379,-23.520412934530363,42.09499241023932,-11.255083572792048,24.257450131222654,-11.764325796772928,18.267816740793297,-6.8538988828519685,3.9725649870039588,-4.1009840679862215,7.781912536761854,-2.388460556374792,10.832644520755442,-2.414513858574546,10.995756701834086,-2.536120653690487,6.874453469161626,0.4148277209120419,3.7079620933218016
disco.00079.wav,disco,0.4233632292393335,0.14810654025675662,2565.4863161957564,2263.7520357394637,5584.493190729517,0.11987877513781517,129.43410526863383,0.8432912003484707,0.7711381169250052,-83.53453906200284,91.29855120755992,-21.667740482756074,47.265554921411834,-8.746567425428138,21.364331406405274,-11.399856904526937,12.789295943304603,-8.167689399840787,10.764227612093542,-4.3799671143826515,8.612107628893476,-4.4008831891803135,5.669917841083569,-0.1751429593455276,6.229554186731134,-2.5233318028558465,2.7577122402523857,-5.995739331173258,7.923892577648031
disco.00080.wav,disco,0.4166391612439542,0.12752164314860065,2802.6284601419316,2666.04661064196,5543.531642805326,0.1389716634362764,121.73375713698306,0.6666541177640648,0.7747600393161024,-79.26530809486181,88.19010945366554,-23.279323489367727,39.997004201427416,-9.02829951767163,19.365634889183642,-12.954838375351098,14.658525683077569,-6.7010812158690936,11.491772190780289,-7.227977497317134,7.481732126424335,-7.3991270421323865,7.32596029511039,0.2250636435327289,5.987211187068372,0.5782427642783592,9.366204013178574,-3.764055557110901,3.440280240833906
disco.00081.wav,disco,0.46513578583187487,0.1888868682395989,2315.5190948375293,2569.686696890963,5500.195997318893,0.12739679666288145,114.04016986011956,0.7128313302367463,0.6938471012107679,-81.71578563859529,92.44597250042705,-28.54360351944664,43.13215830012204,-17.36703717150432,25.02135347023712,-6.186909701706578,14.01877970740864,-8.893848094439669,12.359665706848691,-0.5765539778652329,10.225832242691752,-6.092625827425344,3.1435322840406785,-6.345378787990463,6.2196583509373955,-3.965982569602383,5.584903117972276,-3.658772048708702,0.8255607061167654
disco.00082.wav,disco,0.3646890510564079,0.1912470901874646,2827.7975498367286,2811.4932313290324,5688.982815264286,0.10855012887077742,130.5867273799195,0.7773545598910586,0.8007423161892157,-80.12847313722656,81.15928734214796,-20.18579496311544,46.47301183787326,-11.01053081739447,21.81467181318832,-9.509716538841607,13.208163192461257,-6.150261943078187,7.0787049668026025,-4.441794702588359,10.684720411713315,-4.596007401468709,9.112603377413073,-5.974003176702751,3.1025196873121077,-1.2898486369208206,7.035648963863155,-7.624596966505132,5.566061905332299
disco.00083.wav,disco,0.3837039549887099,0.15614387825385176,2382.0964152869924,2346.7088967663926,5838.143863935609,0.1154929506097032,116.93777278632354,0.7706809317895172,0.7629772391819284,-78.67851651150998,89.7749189988096,-21.721122667309995,47.911387910719995,-10.759883912608814,22.16383534873021,-8.028036714641383,15.94280226540355,-4.817599784582157,13.698684130214923,-8.054761704253185,5.742110487774881,-6.103748633212229,10.928416070200763,-7.728926990313736,7.18427216732398,-0.9123707267211159,8.487944176058578,-1.4589839280083376,-0.029628171751701515
disco.00084.wav,disco,0.3712193511805563,0.1363600895620435,2542.4112067333717,2467.077717863693,5092.09546582263,0.13705992985978435,109.39774902438047,0.8876882739089985,0.7694997104133938,-77.3050923509329,87.91870017750975,-23.972647362469296,41.167886599348144,-9.267278894898752,21.778045655391193,-11.227960643760056,11.328765460031192,-15.432518355887051,7.884377428892732,-1.6616054131612805,7.791499714575588,-4.507986571345142,9.966663074865359,2.4170066343487955,9.975013964836915,-4.917005011448564,-0.827711714312219,5.078842777300311,10.80697483497836
disco.00085.wav,disco,0.4056536078928785,0.13459023508836357,2842.645306778788,2480.56293651773,5460.456606912687,0.12841688264657694,122.67499797498638,0.6851348071188044,0.7437941456521002,-78.01654121401596,91.53075666721506,-24.21395027692457,47.80026886342759,-13.085150963451794,22.536009325657215,-20.126737300532803,13.651049418471558,-5.708291274273067,9.828816598648572,-6.398682175151336,5.875641144675544,-0.9899023218125631,9.645389820621713,-0.5237562065307451,0.8213581141263315,-2.481350129796902,4.159666976749982,-2.8417151197956576,2.1519173688461324
disco.00086.wav,disco,0.38961687184659954,0.17699289565413304,2267.4297293304344,2819.913058245482,5669.344393759262,0.11436502156509681,127.25467317098341,0.6638532203865253,0.7439699791336369,-80.36322629717166,94.09668111129653,-25.139489743379674,46.350164013555435,-13.768736987808383,23.460526206902472,-4.96828122107663,17.986580075022342,-8.244367963333639,13.026472541796409,-3.2674491361783646,10.519763015091828,-0.6641399174187734,11.3134331115124,-3.381475790624653,7.925637184433308,-3.1492847634793812,2.2307828110532673,-2.8084812671119592,3.771165544781252
disco.00087.wav,disco,0.35015257032466024,0.1772066511883344,2096.5349154795204,2988.667049107538,6025.657696828712,0.1110848691374153,120.07541088451019,0.8042377498869827,0.720824771417466,-79.4221425572392,89.56800006689501,-25.282818151692897,45.54438319044191,-15.940583395061983,22.118709172400944,-9.509656760147568,15.386548864067743,-8.647492266308463,14.413573327908114,-6.060957664644653,9.681977720469572,-0.10810739822336313,7.761871579939063,-2.356610197597346,5.710846091055309,1.7121093806907979,4.226826315241114,1.8500637318646165,3.689236316058806
disco.00088.wav,disco,0.3742162082965595,0.17358746341148243,2589.0664332488686,2611.6901618378492,4544.7084652766935,0.1150780789284242,116.32315760994015,0.6949393050774978,0.7085497909452856,-81.72110943287795,89.85604261544826,-29.101979383854868,45.94882134077914,-7.901355644382636,22.84278549084348,-7.573034172312973,18.283687363841388,-4.290531463447469,16.610416078463917,-6.497605994827791,6.84454804451665,-1.6496030550257963,10.1247986589722,-0.6729741011529322,11.667847362750756,-1.9658902736045174,6.278469678938555,-4.9411647544504245,10.405963371927873
disco.00089.wav,disco,0.3899036523637267,0.15383568143678342,2580.6500217983516,2383.9187454440194,5244.697032903323,0.10714443575665712,109.07363257559244,0.717174566378941,0.8064742777308526,-77.7930345690759,92.77771253018315,-21.468373637749256,50.502403693087174,-17.31426765433153,18.31035065414038,-12.411170982684055,13.590810610531207,-8.901708171755747,9.659067341581878,-4.342073260603838,9.105886172235648,-6.1685043855347494,1.4733536690372908,-5.978606116136095,4.352284040062274,-2.7412383104231584,1.610997622068389,-3.4724193994892607,0.6070378345432408
disco.00090.wav,disco,0.39622541945355005,0.13853817343274769,2480.219068725907,2264.436856421955,5446.274756550576,0.10200328345071404,127.25427413340344,0.812468021335432,0.7737109345910808,-82.39245649203137,91.14156091594892,-22.92789733195409,45.428065236604894,-7.188894433599208,23.37891195422445,-7.259178347295897,15.400696246607934,-5.9730066402290705,8.609656301992473,-6.375195089638382,10.048090660447139,-2.973701555327855,9.522835468829742,0.30117867683618726,1.7250864845537635,-4.923357642830888,5.688717923222759,-4.1730908954103825,14.133304723868086
disco.00091.wav,disco,0.4154715885751041,0.15843338302139687,2546.9061453832282,2413.570789025252,5510.5492314603125,0.11667972898931887,116.3464068424519,0.7581478202784079,0.8035132544209244,-75.84648511204689,90.75610193980464,-29.023779181710214,46.61550946991713,-7.337152675166922,26.109343305887137,-7.796722441570999,19.267268865857467,-7.839847182562934,12.884308909501115,-7.042326698975541,9.876796368467136,-0.01139726808842667,6.231729765539327,-5.584330288392859,6.292466817071091,-2.6799866111719988,6.947443163211261,-3.359778577841127,9.155318846808143
disco.00092.wav,disco,0.3613097170611683,0.1850746957243947,2497.0301543383794,2176.7231077748756,5583.256304722104,0.11118088020979175,111.12312505677575,0.6454898486627789,0.7162936795993362,-77.07248932512854,91.75486047925934,-24.829880053482203,46.436542719653204,-12.081642397133571,17.710827270908887,-14.26268195567033,14.390494413045964,-8.481959859098223,13.552948035520295,-2.7280873286757585,10.815399047276848,-4.840848139231542,3.8580434896695817,-1.7637865888019282,7.5755079397865055,-9.165594387433057,2.496985440252012,-4.073163132181688,4.355050603370309
disco.00093.wav,disco,0.3758991870170292,0.15923730862350718,2607.893011929402,2471.353095123209,5249.261997204739,0.10541522418899985,111.35786352175445,0.8104053952459066,0.7461471196361477,-82.31185385037601,94.56192028805114,-25.943804342326146,49.59055687138968,-13.926381521494811,15.920266670201693,-8.793406525262945,15.745635315356962,-7.896818614077251,9.073302564668031,-5.103716676457457,7.466221626391418,-4.907048698995252,10.524896767295225,-2.4473483114097196,7.829854161995932,-2.6956055198773696,3.973947962585675,-5.460447592665931,2.889890162295409
disco.00094.wav,disco,0.30036656333232586,0.1481955606738873,2633.625164561832,2601.461257768628,5405.962742866265,0.12021510313367499,102.56169070887803,0.775453051823444,0.6006312005126225,-83.624910546978,89.43850335640842,-21.171208036379337,46.113620290410175,-11.945307008588648,21.941408831598693,-12.140886679613402,13.368049759881949,-6.717871863587608,6.843918444666517,-3.2208378491509366,7.834478798643442,-1.5233287753913043,10.88328037169625,-8.01925203751722,4.255257710318346,-4.566583063821871,-0.4381838952194288,-5.097599828628232,11.32376753579602
disco.00095.wav,disco,0.4182852968863732,0.19834575937211507,2815.819688003667,2366.4682310184744,5366.380081164085,0.12382654270360462,123.50004962778429,0.7338126387433334,0.6876255275752307,-70.13671643783378,89.57655098297158,-25.97721667954786,45.3400033917159,-12.728185767933086,22.36818672311645,-6.139158141650742,14.62635456094073,-11.488131317983285,10.515068616564168,-6.393205344229733,13.271696811740554,-0.48664280578728825,8.322575001292396,-6.836207564457769,2.3223232096801625,-1.954630215246339,6.008968907963842,-3.1238684579781646,2.559491247378298
disco.00096.wav,disco,0.38221602300464064,0.15953212079512108,2173.447529585387,2301.761206821452,5280.532204093427,0.13311254792427882,113.48949086456857,0.7944374513464966,0.7369127282886819,-76.10625048301772,93.78773222089245,-25.17250890638475,43.57354577643167,-13.99149930847707,21.276810332602658,-11.3021000629708,16.660882228074698,-6.739070547544387,12.775403573435048,-1.2221488656914952,14.58860736420053,-3.6260098197773294,11.29839131418696,-4.054980551502645,9.555020950749046,1.1845274715275327,8.025247909828973,-1.7177904764254284,1.9949255080273338
disco.00097.wav,disco,0.35816414686403575,0.15919925584957803,2956.6025084498365,2444.227917754467,5774.794304911019,0.12765927100778396,117.73051023258262,0.8853075870015616,0.5960563761481595,-83.66825083621453,87.25310311092463,-27.45914506860217,46.00878885355769,-11.129886590838295,23.181971716525023,-8.211755517602539,12.149686292563052,-11.654528200421957,12.188959046023589,-6.890696220939317,4.2885748638960886,-1.0859671463755554,12.185305719506893,1.6714826690959779,6.561023164424161,-0.12220371208129244,9.109604670085734,-3.9242473700703027,7.332033052162275
disco.00098.wav,disco,0.4082618870242963,0.17827423304685183,2687.218604175187,2733.32620775464,5578.2333168895375,0.09274031410798875,131.6154130585178,0.7041975407222311,0.8562107094816374,-80.27072864432097,93.52803295559312,-21.595694155399705,46.29042892294611,-10.474394047118608,23.2678858515777,-16.04147426884323,15.354990656694607,-11.348192528215685,11.513561431236988,-8.428827639149645,5.445144176321775,0.8148035052617058,11.208342164372569,-3.0124277548324634,6.554305950747072,-2.743748077229027,6.709629127938569,-4.028163099646415,6.981220788603872
disco.00099.wav,disco,0.3924073947695767,0.15160306008337543,2654.3426036969686,2393.59357061339,5615.038822323769,0.10693956116029901,123.74818882255069,0.8772805231129182,0.7280896237441563,-80.39172637188551,91.38399213910627,-26.30757206494422,46.39296168247999,-10.33380341804478,25.24978532888291,-11.817970138254736,12.171674279308576,-8.922732168691232,8.0967429813587,-3.306505387857509,5.514746099470766,2.9990492547580647,11.887783584721252,-2.962272691199057,8.602183478993929,-6.910405592932374,12.570119994198674,-3.7706438366014687,3.6385077583019214
hiphop.00000.wav,hiphop,0.3243220013843469,0.18972574609481788,2028.7311685845782,2418.2980370818855,4609.503948476412,0.08183384097604485,85.56510798589906,0.8380630427268416,0.5567946063036803,-62.24643501307073,81.98982014379344,-27.19256037537706,51.43276645865902,-17.75178492653186,23.898657489783066,-11.905232981542266,16.951725148092876,-6.290825499789201,13.652420449042674,-3.2764428452703895,9.056668629107111,-1.02349934083623,8.500543247155363,-6.913569607413975,13.531961143126663,-8.47493324088335,3.7837838240852175,-3.8810835554911836,12.52491881916969
hiphop.00001.wav,hiphop,0.43420576652439535,0.20987856287284395,2183.8682675247337,2836.7120406915196,4928.92320134434,0.11265895055454683,93.43756304884965,0.8160426742941398,0.6378019277368672,-60.628919980257486,81.82547494603423,-33.898400603673835,49.905585889388945,-10.471428021903437,16.09974079377781,-10.470338256236415,20.15321611997694,-5.559111395234491,12.805385676839917,-5.376239797848127,12.957845149944163,-0.5265007871594598,8.098392044463695,-3.1990726506173193,12.035721893046272,-9.372081227636553,3.9299622005562442,2.397507935808889,8.27761350082491
hiphop.00002.wav,hiphop,0.3956733563278008,0.1710280625378176,2073.636300202916,2293.581188536373,5341.802877286543,0.08857335966266981,92.81138371391727,0.7597033884110602,0.6901813904321411,-61.61617884103932,79.70721832953676,-40.05014639912848,45.15989529138518,-14.976980420035481,21.024528534406713,-5.684740081996493,11.815430663663252,-11.400525895992313,13.050102601802651,-7.095398813387353,6.687563630008243,-7.873783518485804,6.028037767502284,-4.8601650844601885,12.855787268552271,-2.7661881103253707,9.548701468162571,-0.4790709625155749,8.341587193946662
hiphop.00003.wav,hiphop,0.2960010709221924,0.1739108395770354,2511.427084630143,2297.08755190512,5416.865607704364,0.12025835230651642,88.2469542709803,0.7797469184762914,0.5802457863984527,-61.888782695591395,76.30223280749325,-33.71356645870098,45.631860519960696,-13.188800951429334,26.884236090700746,-16.983613215551767,22.649455818985018,-7.459172116754335,15.249094064334606,-8.275995604628317,11.867137355419356,-1.6208196508338033,8.704174802985968,2.0057673777450837,7.132193904738813,0.4223574013574236,6.879026421775965,-0.2434354014293969,-0.013996802904316041
hiphop.00004.wav,hiphop,0.3911316121464609,0.1653004979748547,2080.7203388444623,2713.9385732038763,4725.180413178178,0.08295047253536755,89.126946975129,0.7159639816862469,0.7059202745665472,-62.08704223249954,81.58789980183101,-30.931679857369026,48.49954195635581,-13.403932703181642,21.90974183528671,-4.662691292658948,20.809140403849867,-9.577819316282419,10.681498807333108,-6.341989658518879,8.980048832945442,0.8588336619985206,5.323395833355294,-3.5955957301293897,6.94498580009887,-3.3522309010346083,5.674150035184972,-2.34821243036145,7.619198198996299
hiphop.00005.wav,hiphop,0.39826953339477306,0.18837823222745573,1643.2021275709462,2453.9630773493695,4220.526223940471,0.10769480244703739,103.79597894056411,0.7459008709929159,0.6761458849099801,-61.79806711515899,83.7062953272704,-34.714916344183784,55.184988141699,-13.758737391157837,25.72735054190746,-11.79537965219149,20.45397629777201,-14.21305859473603,13.25603186656153,-6.210139331183894,12.176256481473299,-5.5631048176221105,5.88379669751199,-3.9779479752409026,3.75147841339497,-8.775786637762456,8.181367444456479,-0.26281528191598813,6.401272831980724
hiphop.00006.wav,hiphop,0.41908785265837434,0.16669936219392148,1963.777171445749,2387.394640174552,4678.374895102931,0.08536556424844897,91.36120677209763,0.7710715883036332,0.5508042612275245,-61.32353007238128,76.59087449988843,-34.305055785167234,48.031895725278034,-11.665105577576846,29.811598201803598,-9.961855880964281,13.34692145405004,-4.484412003362881,17.727161351121296,-5.943628466076178,13.968778481006595,-6.6550254141400345,3.401262195451231,-6.280853315864781,12.187902598134269,-7.473239770834421,5.998563845794483,-1.8975683199793634,3.461077268096565
hiphop.00007.wav,hiphop,0.36669435200488654,0.18144498268472406,2137.5675316130546,2144.029470509772,4875.261180030209,0.11410049873667459,98.95658014922736,0.755221162608815,0.6085257797907189,-60.85256364646433,84.70337452938699,-33.06320576312136,52.1118940303827,-12.330429144643517,26.26229968755576,-11.638174357159263,19.986920689943904,-10.63849831265406,8.756610965901038,-3.83100919612703,13.713214317247676,-8.354695818068095,11.4657644472477,1.0422971401645693,6.993261394728637,-5.454006554225239,6.369056020580267,-3.6516019046021038,3.149809670130795
hiphop.00008.wav,hiphop,0.3929955220181463,0.14792541049940208,1961.2142155015545,2403.4723584673097,4792.192011380649,0.10315331865559904,107.0018031078671,0.8283611228860657,0.7311653691712413,-62.9265988068439,82.30381299054962,-36.57917259533203,50.21426249774328,-15.326545875207485,28.098922704742094,-15.929929663124998,11.15028409615488,-9.640298091263773,14.405593770715372,-5.5431918725775,13.696612712241734,-3.6878819774609948,7.30845500442042,-10.976260462419042,6.288063297414345,0.08387700677339405,4.823856651998656,-1.9150392089667074,6.264080762920125
hiphop.00009.wav,hiphop,0.34954122877250554,0.19246471793277634,2577.4243580003413,2368.8935966591866,4404.827452358694,0.0970009845946704,74.20492713112905,0.8469522611181293,0.6008821956241628,-54.973091118463316,79.41801562230012,-33.77454398556059,47.416135692842296,-16.069281361575236,20.424443690013405,-12.584368863849706,17.084072539444307,-8.102400701733313,11.129209359002083,-5.749963947074725,8.999859833177004,-5.994498164898543,9.24108697788909,-3.8784311730489702,9.283522117154916,-3.361929102389505,4.95034395263099,-2.5424223352616786,2.8560076494770223
hiphop.00010.wav,hiphop,0.3692026671929999,0.2206231742614646,2067.4642478608266,2349.841859901724,4664.378967855609,0.09429242581633401,89.35008552897284,0.8423392080976799,0.5495540656640585,-56.88848558240399,81.8977483989266,-38.7286147581894,43.192768181142796,-17.931216438424205,24.272000615718632,-4.259124303927675,19.62977089492282,-14.422768947544373,10.931033485297167,-6.15963730881895,10.761050662894291,-8.944246580931269,8.595029316068816,-6.152917412831622,3.6887243121930506,-2.221213059903138,8.321631520328467,0.5231238308848583,6.723159053401628
hiphop.00011.wav,hiphop,0.3650789140057921,0.1942909952292701,2311.8108876208576,2424.1095389313623,4585.907407404371,0.09054685808987709,92.59109548899643,1.0,0.6622787320883061,-61.83356550675086,77.50283166509168,-36.475299837968606,56.5318803426472,-16.197769937837887,27.720611603830854,-13.12778473641407,18.783553623838888,-6.624764177973833,11.284291450570228,-7.923334962458309,14.97660908336599,-2.046221315312609,11.372016956072184,-1.6381711206312577,8.378726464933196,3.0533274395251944,6.13172490563147,-0.26821289839724183,0.6472612142179628
hiphop.00012.wav,hiphop,0.3552511794022628,0.15598362000329918,2504.81271670323,1940.542772636265,4659.191492036547,0.05309440096009067,85.34969683614489,0.7807240840214507,0.6893049178252455,-58.810116182335626,77.5005754300131,-31.80210884080452,50.05349676358927,-14.887299423878243,21.391985476684024,-14.970041141709418,15.524708100163426,-8.86061618053743,13.233657180942025,-1.3677220094278653,11.155165503813503,-13.122697081016323,9.787925963615072,-8.3500490685026,4.1020872261653905,-5.43650841517899,4.0099850294630945,-6.125448176120909,5.610446010356863
hiphop.00013.wav,hiphop,0.33767593144727126,0.18713335214499693,2697.394215412326,2160.7153693918685,4700.421393481272,0.060148139562312956,89.59251765623894,0.8714173722105186,0.6720039027787593,-59.76790880914771,82.66779027427692,-27.361836392171625,55.1369140623128,-16.567562788228912,20.646688040599784,-13.218454249721411,15.159051703147956,-7.645957356406102,9.456419381711505,-6.218467297771026,12.51404216360893,-5.302087618451531,6.161058531756611,-0.4755578272429246,1.3630571657385184,-3.983385167632389,5.875019929855996,-1.9522740248011068,5.541488168234244
hiphop.00014.wav,hiphop,0.3983131945942848,0.17929185121909297,2176.3883435712637,2326.6339179612546,4585.969469286576,0.10981314986490298,86.82777216418788,0.8877416887206595,0.6265540997286981,-61.56376442056839,81.8552216472324,-37.18236177416935,51.91455212218464,-14.361821636424645,23.211025932724237,-10.414095553996322,19.639769177065915,-5.527441182570127,15.898441037227887,-4.526177937821151,6.61722714637371,2.345760964522171,4.789151366784569,-1.1522104771530728,8.293851450658895,-6.522427117443344,5.627097183364502,-2.2362586587339215,8.916748147431571
hiphop.00015.wav,hiphop,0.35860067299159365,0.17476109987151292,1782.7860789957474,2712.257302762244,4425.336114942975,0.10290366296358763,91.18873736222508,0.8121599226573327,0.6824508643518877,-54.986212619089095,80.75448100982598,-33.034765947108426,50.986674610181126,-11.947405728208121,23.61125086154102,-8.773828336750757,21.33149959694215,-5.752388973951271,11.019556397990572,-6.505012902711573,10.718400966341305,-9.112526134487016,13.784760624258045,-4.036829600506528,7.851783662814165,-4.731013319181609,2.0193673218989314,-3.812089656424313,5.657612562900765
hiphop.00016.wav,hiphop,0.4002028643826108,0.18323583081205438,2319.3448032483902,2339.3352525573523,4973.6869981859,0.12024249299578861,97.6383155395119,0.8847633510602352,0.6808445032385011,-64.5094652087988,76.86600040810627,-33.63537259800847,49.96718284411974,-13.680471340581516,30.02927025353222,-9.821892002311998,21.776658617228463,-8.71595583158781,10.578352967546682,-6.173598477643023,7.5857445588425865,-0.325115129682656,11.37117322960641,-2.438462510115161,10.70782960668431,-9.060169243569677,7.764413854027978,-5.931937352913118,4.978232904603017
hiphop.00017.wav,hiphop,0.3706487722259836,0.19323473224193896,2295.637457792191,2642.121091250122,4589.335993673585,0.10863671584449926,93.29778573519066,0.6891767783942757,0.6039358735808134,-60.449634100566506,83.33687734967518,-33.60883082732866,46.497497528357854,-15.420948684141479,31.05341934637909,-11.666329995477426,17.018023274782813,-7.524781077731339,15.29017923874591,-7.3685050424401775,11.507724323114312,-5.986668490012428,11.157982805488315,-3.490920526086149,8.445903481158677,-5.277550638502513,3.5361408477814225,0.8364919139781843,4.761810855843518
hiphop.00018.wav,hiphop,0.3885510422629809,0.1738720914582696,2429.745354802729,2290.594203594662,4752.539566034691,0.10978989219054698,101.38374159331413,0.7780992567178653,0.778173230072722,-59.06027491891915,76.87121521457378,-33.892843854230094,48.85100235654963,-13.69779453845047,24.871431257018987,-11.777178929429565,15.265219870241562,-6.02981630785092,9.531617898546903,-9.326294686214986,11.10208104744246,-0.19146725846609147,7.942220708806778,-1.8970830318881031,10.220020530590636,-0.5559466881177926,5.066375132478956,-5.273140151582224,-1.622642697014065
hiphop.00019.wav,hiphop,0.3721147850161282,0.2035617473712435,2025.1668030476133,2526.0377725533776,4467.446614481844,0.09959108864580257,97.66233291324014,0.7672403650529257,0.6747579824594963,-61.24527401017598,82.11544597681453,-34.29404849454609,50.1695230232878,-10.324950119574067,26.986918427104907,-14.071055598378868,17.742408297606715,-9.227696355238983,13.240958717875635,1.5735278298224848,11.11255567813299,-11.107707710314328,7.371603084849104,-9.797116262487425,6.010605228862481,-8.961930689179285,3.385228586794716,-6.56216458890236,6.152480533902432
hiphop.00020.wav,hiphop,0.38001618087886635,0.18605924614997463,2229.0897222862945,2149.0264049632046,4979.732479239157,0.1268333684040418,95.27370062885237,0.7859260320545947,0.5858730185529241,-62.7242009122799,81.35911896971618,-31.780645919601874,50.78259852416593,-12.60033813088205,27.123034732081727,-10.480396825842247,16.02457921421623,-8.478229464074543,10.454866588353585,-5.9477131411256945,10.992590593200736,0.036351422160564084,5.070804076897104,-2.5554771070260838,11.443709774870785,-0.7234567024836105,8.498836328475125,-0.23691529439656356,8.89500346932625
hiphop.00021.wav,hiphop,0.347375654956629,0.15228146668059506,2248.733171906949,2010.9908213570923,5230.726031462304,0.11631072793243162,88.53319555932379,0.7903383522671592,0.6283821095899306,-59.84393804868114,80.38152175758286,-33.32530367936509,49.48212094097457,-12.170420089566619,26.33784333137591,-13.820890337617907,22.00533800341229,-13.074770958367461,12.72350256753557,-3.0992477967735965,7.830780685263566,-4.071333059698546,10.630018790997145,-6.581571603943717,6.7825668412178945,-3.4695114906276303,4.3447864445031215,4.905024556152323,2.7106809396635727
hiphop.00022.wav,hiphop,0.4101479088220365,0.17214397966237716,2032.6727622229437,2418.506563767912,5027.182684535625,0.11180764362598519,104.49812088524055,1.0,0.7043936635074319,-61.989276521476164,81.35862298038468,-35.79863885121947,52.77789838955669,-18.891492889097165,32.10500362720131,-9.43185571567346,12.947987946611505,-11.127086706944917,15.448243132341815,-2.470967831485636,6.18328711830411,-2.8609224487011535,3.1579803820142303,-4.268007596413138,10.33614052630962,-4.654547190308941,1.479233102585959,-1.561355610867322,3.1858434000935656
hiphop.00023.wav,hiphop,0.39888675098197507,0.1622934713556388,2095.47262206938,2036.2195822422761,4859.480648868019,0.09558642592585102,82.49292263407943,0.8355038971013673,0.6607019749100048,-60.64670383025685,80.80450084946592,-34.180066251244504,46.38701051846312,-8.830242537877213,23.587450509633147,-10.031651394419187,20.30764583168715,-9.418785381347256,14.820385075178905,-5.262542334550833,5.747080728317782,-5.996818103750265,7.162347292937815,-5.385235124038381,3.087990466490086,0.3793011502380903,10.805977963840238,0.934008927995226,8.811587672441428
hiphop.00024.wav,hiphop,0.3696609548897553,0.16727486330027927,2094.282590637658,2515.9316861323,4879.472068600452,0.09684167432602361,102.36118835356274,0.8523953083052274,0.641921574449831,-62.04272648740709,82.04597989776244,-31.87480144203621,51.655040696767905,-9.309333756383756,29.905021497194255,-10.676892495447712,15.484258021555494,-12.929962535195303,11.837854764955855,-3.7403596607515293,15.479941237935813,-3.7476588967676006,12.50616838269371,-4.735922458563407,8.868307375682651,-0.5299295115684823,0.06121717244241509,-3.240316407129531,7.849101152833609
hiphop.00025.wav,hiphop,0.38823405006909695,0.15606969903698134,1763.9755248545289,2334.159465845639,4774.945007487142,0.08474115575257482,93.14467949622396,0.8605109397786315,0.6828269066471514,-67.06775677479696,76.05714470657564,-35.913867945064204,51.71651939311239,-13.532297959349894,26.415609843630026,-13.150253825906795,17.017099688070118,-11.184987805265223,15.304582384317543,-8.761466363218734,12.55010918556871,-4.376440285587062,8.86486656463454,-5.9701311993293995,2.933374416507621,-4.942958269134137,5.009979394125341,-9.107072934743755,4.407934533996007
hiphop.00026.wav,hiphop,0.4077307210407802,0.19134435810867745,2150.7588248516986,2408.448533714741,4605.3424007023,0.10023141100003545,104.32086258995226,0.89747990420999,0.7172429499969586,-61.47865473715115,82.24981517883451,-40.06063085411916,49.24293955402733,-13.24886574052815,27.221263642143253,-9.990346529352777,18.884492067629083,-9.58717493725165,14.613927909479466,-8.858583121758901,7.46596821012025,-4.81479597061911,9.519592928126242,-9.47684553569394,8.365439142848555,-0.6818148662418202,5.768144287601114,5.123398849851977,2.9511946810544414
hiphop.00027.wav,hiphop,0.3691673850983939,0.17209866187745582,2234.7624777417964,2340.8295336660676,4307.616309388295,0.08980177555645287,91.2190344338074,0.9182857665649597,0.7521835427954233,-55.993578306448036,77.67386291098218,-37.0874288318785,49.522014267471945,-9.646323333439241,24.50372784345432,-15.982522471612292,16.496468589140896,-6.728831994541749,15.069820830688261,-6.600649999474968,12.050244020680092,-11.819516607640496,9.311487705098093,-1.4179437358941094,4.501410174536394,-5.5090156094888645,0.4006555417095736,2.769686784432082,2.8395380689353
hiphop.00028.wav,hiphop,0.38723129833586334,0.1920783408296675,2552.4135898282907,2372.2984006825855,4611.199572177554,0.10059601472855831,102.2726422123383,0.8063861974879373,0.6357789542170648,-64.62227342494609,76.33610784618432,-32.406825507780006,49.038126571079566,-16.822562729762133,22.85209833044817,-11.744862419399455,17.28163471870325,-9.819396431157758,17.047971783432217,-1.3859511544150998,5.169934981273011,-4.017221806571127,6.669413704135824,-4.744753341583281,7.927835155380083,-3.638159750792758,6.691379641882899,0.01891061809575234,5.8837304016209595
hiphop.00029.wav,hiphop,0.3605949108749713,0.16741600786059352,1962.058940676393,2246.2943464462705,5486.723926664485,0.08611994638857134,82.45296950044944,0.8455942289475818,0.6036803976620925,-60.586779710547674,84.22713789923627,-33.352619973324906,48.410021204889574,-16.27342775277534,23.492240458282943,-9.375781135259228,17.075557111640588,-14.379460507362452,12.855040963796966,-10.611078003383788,16.552691805264708,-7.897003741541693,8.514405703926808,-3.225391795896589,6.13402551796231,-3.870091204398578,7.265481858482631,2.5786478763888363,7.302527245451893
hiphop.00030.wav,hiphop,0.4243554163572063,0.15906761783812995,2313.4725266510723,2427.9442893704904,4922.881952086857,0.1186434795595336,90.23368680166357,0.787559730675673,0.6650753653771715,-65.33460818269754,79.28944385263347,-35.40259306785636,47.238924151079225,-11.828822965930268,21.81327904797015,-12.407619145091388,18.879471675968905,-4.939645315571645,12.96833069535744,-3.1915392176153685,12.101786191831382,-4.629627331492572,5.7314597751796335,-8.303742582713046,7.3195162042575594,-4.628090621707841,8.757783275043876,0.23756955429573257,4.44616701668885
hiphop.00031.wav,hiphop,0.3452686122817619,0.19021471099214546,2046.4101107729698,2263.4764938724443,4457.204491624696,0.0959224846709007,101.36153867256449,0.8195967303821177,0.6579448354007321,-64.57684479013574,81.65637375418953,-37.341213817785885,50.352552857474286,-16.062655847749923,27.51453165879831,-12.471709176085657,17.823220936430847,-7.542758557633621,19.320820546789555,-3.3346592089243368,9.734181680954173,-4.990406028154135,7.425421619026697,-6.849987110559086,5.341747638801034,-5.316446891135827,7.960105151387657,-5.213584573606958,8.999631684140134
hiphop.00032.wav,hiphop,0.4025613915085649,0.18041003458735336,2250.0637222930136,2299.6893642693803,4894.529543971717,0.11432138694812884,86.37474830195349,0.6973286328865015,0.6590662188751627,-59.0269020772686,76.63940359567646,-37.20017411274235,47.422687177849575,-17.173596807102747,24.028951737876437,-12.799641912842242,16.047619034794618,-11.274491458499785,12.313646968241855,-5.496925395421316,9.051110390905466,-1.523998929976095,10.52426314326236,-8.772537570576088,8.57118329624156,-1.1833680522432521,4.695795095627426,-6.485592761909467,5.024200278233408
hiphop.00033.wav,hiphop,0.37976874045553266,0.1575670752693361,1959.756156748013,2384.240361638381,4718.422982782213,0.0917410195201641,91.33271412202751,0.7317778900943744,0.6207566473142975,-58.40002490815696,78.95008975894613,-40.01591741537766,48.581923166829284,-18.210475390520582,25.801408889385193,-11.043487789858723,13.023676124741908,-6.722961088253433,9.663441096164325,-1.3224531285529455,9.853671206498149,-8.739180495617486,5.5740417879219555,-2.9557141246379652,5.826100330304867,-3.2899617288544225,10.838340698091118,-4.097732192687226,5.17988857308712
hiphop.00034.wav,hiphop,0.4225953346211916,0.18541026950932799,1928.6794529283989,2490.9700221117846,4392.948999775795,0.11910211293099449,85.41705916001618,1.0,0.6936827712664446,-62.38983770888394,80.06004141500483,-32.73906715509961,52.35098142268012,-13.672991220071408,28.75647711089833,-12.368906839903108,16.8998469942719,-10.040591963773831,15.575119695916381,-4.904456879092062,10.873850997070768,-2.6142972522284538,2.846842776438435,-3.0697935283745488,7.655706666621147,2.0064242439021154,1.4142360532089988,2.6715598971302743,5.2262273867739975
hiphop.00035.wav,hiphop,0.39466968591980134,0.21351837575218752,2362.152253601115,2472.066292103261,4884.801915030812,0.09074782797508435,91.77208700391685,0.7627589787101801,0.641916981293414,-67.00779209116529,81.28711870270264,-35.36521176135088,48.991388789999704,-14.34072574817957,20.69930823110368,-6.212190010136153,17.6916976155372,-9.437533298916568,10.103811369601233,-5.9281608526522165,14.160879670819842,-1.8922513717038978,11.563313253421668,-2.360803144998185,5.924372417312171,-7.350489501110106,5.396883684400095,-2.7076143936010317,8.146383319013722
hiphop.00036.wav,hiphop,0.3892817132737946,0.21224623055807096,2489.497708007635,2317.830790289263,4171.704781183046,0.11878362850912222,102.87508178584595,0.7107030727278218,0.7612435576882973,-58.85364848822245,80.48205649437696,-30.15565023725802,54.03405551969185,-13.04600714401439,26.41965119743595,-10.150817128408923,16.799827698352424,-9.165304349196964,10.293048536216372,-6.999119327216756,8.900098363993202,-6.905916108864994,9.41023950794539,-4.971942552101732,8.506704161055922,-7.866961839881296,5.659935617678101,-1.6053450794675128,4.068112280489358
hiphop.00037.wav,hiphop,0.37482821900572305,0.14829507978540285,2321.2954209338986,2516.5690768620725,4972.738052971318,0.11358090589163275,93.61223684626002,0.858294494452075,0.6588504250963177,-57.93734784122252,75.26831109160364,-37.68074290393403,54.76069897109927,-22.381307466288618,24.579466210523968,-8.483175121175796,17.720218003374708,-10.215033214352093,13.3882650304459,-7.05936054000734,10.092548478270817,-7.050143109560389,12.326023259867172,0.26979476319698303,6.599829033665133,-7.15946826207373,4.428470489059814,-2.5519659803088928,6.516616630709624
hiphop.00038.wav,hiphop,0.34975960330487965,0.16461675362715697,2352.1352275717613,2569.0035897671205,4582.44208419026,0.07800174419073506,118.27294561030307,0.8826643389670971,0.7301733579502849,-57.39290617340748,79.62663011085674,-32.39852933269944,50.47817959332867,-14.72618430549728,24.659254395307634,-16.34214400038927,23.81428469817942,-11.82460176080323,8.919929271068217,-6.638579648269102,7.11558455946848,-5.155138371680813,11.063291545685306,-1.014091298412331,9.444192164865045,-3.916896164357041,6.148775482984758,-0.7763628473075272,-0.2733622718262172
hiphop.00039.wav,hiphop,0.3971175410035958,0.15085401424832337,2658.069319781298,2327.187284764495,4735.2936879818935,0.08645439351143218,86.96023974515448,1.0,0.6731193834754942,-64.64760733544351,84.51263870205568,-31.420273174575705,49.15636261313514,-14.079909173910487,24.955167761736778,-6.082260286659203,15.611129433023729,-8.561968170672818,11.715564007021586,-10.299121213853564,16.574914765164962,-8.544699737307237,9.660387562463328,-9.222101819141006,5.8027883822707205,-1.7340935356996274,3.525798061492912,-0.23959444779303496,4.192876724335752
hiphop.00040.wav,hiphop,0.4148024753719584,0.20723521826680447,2132.6510478539976,2413.811914690732,4864.208979265281,0.10729023943152048,92.11505596995413,0.8352168767474273,0.6332611361475718,-59.654280399083945,83.8938205806054,-33.061750276364435,52.10376691833011,-12.830789027593266,24.538573666356893,-11.043518869261408,14.744478964992766,-5.193577031049129,4.651118702970338,-6.261445177006276,13.422687931450824,-9.091603800888024,10.199339752850554,-6.042299339737081,5.893590204433394,-0.16217711808168644,6.59417077765545,-8.103067603653088,2.070723380805205
hiphop.00041.wav,hiphop,0.4092600720466628,0.18897885436385994,2599.6271145048568,2702.8765669223935,4680.214204448623,0.13554856707604232,92.19583735881528,0.7429865172472779,0.6140523968000283,-66.77017531586826,84.82105702474784,-30.21571403286841,46.95347768356004,-15.683652865145717,25.28682263233773,-14.88105915642634,12.734693906186514,-9.631072811330736,12.03676171162226,-7.165233722966326,10.668148187802894,-0.7114410244220233,8.090721840924822,-3.488671003835911,9.180611571234808,-1.3375712204617538,4.156729426656474,-1.7108686306578924,6.64261946050716
hiphop.00042.wav,hiphop,0.34614945987467666,0.20527078021593015,2536.3177810428224,2269.8995540199912,4867.784506421859,0.10763417385006548,87.63508674936998,0.8585291076550475,0.6367943566247456,-64.40375453291641,81.37748394793567,-38.30042724881311,52.817608554986144,-17.013633225401666,24.516143699016563,-7.883163259660275,19.489144939586534,-12.238421758723636,9.955250287602748,-7.7979083658711765,11.183932250069999,-3.9251005552016958,6.4706930860113925,-7.501628456843077,7.844750215257503,-3.545580197370486,12.471647662343212,-1.8901890303107631,10.442758483100825
hiphop.00043.wav,hiphop,0.3448884920568698,0.14853574120876584,2025.982973494893,2614.043360661624,5414.635556392737,0.08626730819071049,88.31547176192353,0.726481527183,0.5406010267512938,-57.84476490667011,80.6690609088865,-34.968536051978376,45.79983038850986,-10.080129954514017,23.48992978585158,-10.399120725550572,13.636315784265827,-9.571575568860112,13.874123368715752,-5.018774345840077,10.463945629709876,-3.516432523853682,5.608438631901117,-3.40788218368102,7.341273050440832,-2.3049819474148174,6.217035651957545,-5.819638321740193,1.0466007436730789
hiphop.00044.wav,hiphop,0.3135719544234635,0.19635069019690596,2415.53150194704,2551.8390524199817,4907.376486861508,0.06600321173422835,83.78631606571787,0.8336332334074489,0.6209745853860318,-60.66824463945606,81.10675160872474,-34.96504487694426,50.362311396654086,-16.917195998496048,27.94603295836477,-13.292314826041153,14.00805275093812,-11.312997038456185,11.95460142591406,-3.01799163489346,9.873196004695622,-5.558444656896947,5.254009725712118,-1.643552230511271,5.044143537929843,-3.300083576824008,10.440549230645594,-0.47371000685208653,0.11523785685447674
hiphop.00045.wav,hiphop,0.3269146929094258,0.17871379099761509,2007.451877025039,2516.7384145739397,4814.792072737742,0.10048077153535795,86.34605454686118,0.9593106924229364,0.7659273909512525,-60.835754171270146,81.059117745245,-34.70774797080706,49.220939409676795,-17.49621140319839,21.745096037558568,-15.406791796576574,19.215720076647436,-10.559023434610905,5.265121449578409,-4.665425338205033,9.885216152607532,-0.9599809957965615,10.119367191273028,-8.436020788930891,0.31097007781005637,-5.158417153013812,4.124677737919042,0.8294776030005,4.97338720313128
hiphop.00046.wav,hiphop,0.41401065494295525,0.1535033388859473,2443.0528768760896,2529.7780476175653,4093.6180609990815,0.11783926761891159,92.74766793413082,0.8513635603094805,0.6045589491315695,-56.17425896123408,76.44244301228339,-32.50372394487816,52.46182242772601,-17.922502284516668,30.950120798267722,-11.305414559347442,19.961677830813073,-13.581362386007267,19.353190009025695,-9.67367082067527,13.074659298297792,-7.984315153795086,7.143033591456952,-1.6337378683436588,10.082658141025473,-6.813852747342306,9.271416507170981,1.1349414853995823,2.1861397734653227
hiphop.00047.wav,hiphop,0.42795942780773333,0.15086284743503922,2125.0454834444768,2486.220472336558,4501.251800354088,0.10195728628519012,93.92860863042637,0.8050340584061823,0.6938523092936268,-60.68508237797292,80.69462320644142,-31.560584367536293,52.37205863007752,-12.641948127557374,21.55246119334966,-10.425622273496035,15.364503627091485,-12.844244939334079,12.784880961145095,-8.71288555995477,12.371853156519933,-2.5563936209140277,3.2921212907056745,-6.48490761873067,2.6206399842460035,-4.387887829778672,7.365527009606473,-2.726864294535165,3.230722277998594
hiphop.00048.wav,hiphop,0.41900529580439416,0.1339028565480742,2497.374378703645,2302.0281072320126,4772.6618464605235,0.09008954993419838,104.34310484431295,0.7215217202555791,0.6918734616522703,-58.41768404442001,75.1669916963445,-37.75969451133846,49.55546439950531,-17.659995104053124,22.55322468634255,-13.049587989229313,19.948743994938518,-10.028153330634433,16.23527858341884,-8.993273347978064,6.244233218579643,0.7790362171634015,7.026125617003466,-7.9327360212164795,1.773838174684509,0.22531036142681682,4.976086456019822,-2.7611292051991954,4.522394865240082
hiphop.00049.wav,hiphop,0.41038828654009346,0.17640940332048158,2718.8107557665253,2424.076903329761,5171.624668435413,0.11007859786856611,91.7084214379357,0.7730423211183629,0.6605047768205865,-58.46970380637818,78.28224185562041,-34.50098340214803,53.70861493477879,-8.790156782790964,27.563107961048264,-6.411720940859153,16.111877366380632,-6.894353243822119,17.015558525743817,-8.688999998915987,8.543229663864972,0.2137142855057501,6.074703432639181,-8.023390097967132,11.583944720918534,0.5902896749413156,7.296360731951308,-2.1371322639374823,3.684426483185054
hiphop.00050.wav,hiphop,0.38845846621427155,0.211596139148031,2297.713225228415,2790.052668104454,4485.7203050259195,0.09770478868507597,89.01553065868868,0.7331886765470134,0.6261540533195997,-58.74801209501868,81.5726905398561,-28.488643463166333,51.393402409170676,-11.549589588961151,25.19828273889693,-6.965833198642214,25.195347856764208,-7.4067446070721505,10.022022953645255,-7.646415068331505,10.845802909615486,-3.6305058942480626,11.095275403153115,-2.619406956309877,7.020954748767816,-4.908595323606386,7.203414783792688,3.56496207244197,8.059785816283265
hiphop.00051.wav,hiphop,0.39604111848908596,0.20059133847645502,2175.7871942198294,2308.5122737050024,4538.275213471907,0.09612070065845843,88.62395282632735,0.9166619792521711,0.6085736522146181,-62.40816514867475,85.8277315364919,-36.35412569324403,50.46058537175105,-13.646031525769764,21.589920643237555,-8.293548691490793,19.91135712123368,-4.324847964357655,10.9623341883457,-5.7026226225715195,10.118067264982587,-4.208334516949934,4.636155754268517,-3.667490863923333,2.7206082657287647,-1.9249977864092358,-0.38594737355555964,-7.55476050287176,7.455646149319995
hiphop.00052.wav,hiphop,0.3635948463441565,0.16024283852735519,2504.1691242151096,2458.9727191191146,5105.231568436824,0.09550636891518755,113.43702955120003,0.7716388911552163,0.8126136382849944,-60.18409812029974,75.03646881526176,-33.55145376275567,50.94428768436549,-18.15396544271769,22.233342168595854,-12.074092929254977,19.049243445743944,-16.411989848638203,16.15936435757141,-7.483493921444932,6.004757546805472,-2.1768003456442075,8.929146061744632,-0.3515026696532373,8.313856788939267,-3.0045435088441383,5.541810165059531,-0.5518617183315866,3.759406223572009
hiphop.00053.wav,hiphop,0.354422822337605,0.19219818245309286,2221.102431711114,2406.042176652421,5181.282942654113,0.09629185088396389,92.12027140433432,0.7720280390839254,0.6669880144653462,-58.950516261959734,82.70232539537167,-36.73738651102063,48.62654909122944,-12.623587802563591,25.75663901008859,-14.718654378578083,21.9196622032035,-14.095351705200752,15.352854259791256,-9.79563610799459,15.657365549456582,-9.63379918071687,12.456751955618245,-4.2449030800337315,5.900192290483768,-2.4438100305967163,7.8957010174734386,-4.7132015069926085,2.552636824494283
hiphop.00054.wav,hiphop,0.39948814595338655,0.145853140927008,2133.154181361583,2947.3236517486994,4461.195462393752,0.1152170418763963,87.31239385028951,0.8607236115837714,0.6601392614683965,-56.613129794451154,79.39923851956168,-29.03334608373544,48.231990306244455,-14.29733875920132,25.735830796652824,-15.365904359848246,17.14238323506264,-8.515459502284777,11.70363687061174,1.3227718963696047,7.484128979201408,-1.4617265955787166,11.56937943944636,-4.041586403512814,4.404372838443259,-5.30476596117531,4.44609810235047,-7.357223845838789,1.9896037226021281
hiphop.00055.wav,hiphop,0.33552570453909075,0.20691750006355433,2373.692478477644,2541.4753377957827,5006.091183039682,0.10050451435001245,103.6854426570331,0.7711389875414609,0.6941538927322264,-57.75882351652763,76.03637230443161,-25.710233311572352,50.08569728833276,-14.574031648273222,28.770634095024764,-9.255134000969328,18.11423405818938,-8.609611685705874,8.487554407156063,-7.669397333549929,11.55163064847688,-3.66832148287134,12.663497250012261,-4.3615031746699735,2.838140459707401,0.17019129232703367,10.308268038546048,0.6947337185686884,4.509098987427526
hiphop.00056.wav,hiphop,0.4113315815562974,0.24857820956016427,2273.030462888095,2163.887395395878,4594.800232656747,0.10738214000456077,79.1615655128155,0.8335522459929655,0.6158727031888522,-55.39463478056204,83.9305845681629,-32.406245624744685,43.51196296845641,-12.236840615856224,27.11654015818074,-11.23216686876496,12.809333621563542,-11.33032172756118,9.499531691397802,-12.045025318521272,9.991254545755616,-7.393466364328339,16.875916740806737,-4.506315818313729,10.88125946759788,-7.707297074079674,4.409731241985391,-1.7093063718970563,2.2755381541769886
hiphop.00057.wav,hiphop,0.36733397945585766,0.17564098187512922,2203.2184029110213,2733.9213431463622,4932.379199901028,0.10519265844411956,96.31723819476056,0.8690101101869689,0.6570452940366088,-60.962239114436535,80.50044817855483,-31.52958815325958,53.37871456530915,-15.721195427065233,27.303531084004334,-12.583753989119003,18.10161164830573,-10.420570144662593,12.455064583281299,-1.9760097913509593,10.27726344201771,-4.594152474343046,4.6583466622261245,-4.927731722898189,6.276055288765814,-5.487430456330215,6.064996235110691,-3.287546870682963,5.239987565730747
hiphop.00058.wav,hiphop,0.38364509029456806,0.1608849128435471,2170.259643503362,2413.92737089695,5214.504800904854,0.10185078759193611,86.70451856066057,0.8519203807395082,0.710519389068565,-57.24988058223295,81.64257959130686,-32.823229473553035,54.31986212428589,-11.773119617947021,26.700281143352974,-8.794073341229746,14.755046711207818,-13.506795757020843,13.47129595193149,-5.793957871048385,8.368269839460227,-2.5224419905168713,3.411409240646292,-5.604316768173412,5.545133365367155,-7.908905355298378,10.484193021807911,-6.077603805989969,3.234979828076942
hiphop.00059.wav,hiphop,0.407239392734154,0.19292090686857463,2028.3650607030506,2522.8480576669144,4901.424567530377,0.132995533431672,95.23152332854643,0.8087006543145174,0.614293114626078,-62.23273010086671,77.52269271359553,-30.886703558264234,50.05390974504941,-13.30425862807581,29.542742799942662,-19.075392426622393,21.836621294101125,-8.833809264649998,14.305145114921332,-8.485209665244753,7.734626804654445,-3.5334623305610364,16.15379340099441,-0.9900600615552957,10.796568764255621,-3.5760038107842593,4.199387326243116,-4.3424148547369805,3.535178825909936
hiphop.00060.wav,hiphop,0.31841652700488426,0.16550161314216796,2137.9293687880313,2368.4355286089285,4846.112538411552,0.10343676302938416,91.88059702045632,0.7734845530925794,0.5463843066634351,-61.72592582520538,77.08264808693899,-33.60179975516419,52.72786219008108,-12.184286798820182,27.27085820838346,-12.400577206357465,16.43413330357231,-11.241308261001198,8.477503250194749,-3.024438898476427,9.475866886210078,-8.739020880862622,6.520525872869296,-6.600920369297657,7.12907345504538,0.20240355321205783,4.956031351213251,-8.757600544350947,4.432458994523239
hiphop.00061.wav,hiphop,0.37531418299708413,0.17550159538128957,2124.5077667048595,2439.1390345306518,4823.149390302151,0.0976275452881003,95.30113089154372,0.7856133741481717,0.6330499573582563,-55.859630131243804,81.67806622914631,-32.5191618171716,53.678313756002204,-13.4221674581256,27.785166037408512,-16.73803548621078,18.61246161598808,-9.548155385442982,18.03305227269943,-3.2170634045901,8.108664427620461,-3.8816175244123823,9.50304400034772,-2.637005700543314,3.9434725918760445,-1.919950604285324,5.315545952135297,-1.1526507078331987,2.826844504633491
hiphop.00062.wav,hiphop,0.362448104858102,0.20347684040733405,2039.6904883319678,2224.004207812431,4781.946559974548,0.08642164437221068,84.91977094189761,0.8284060776966635,0.5431958481869308,-63.02388670474092,86.16228674877092,-33.62157482309297,47.760309943190265,-13.745354765201409,26.70199143095989,-9.016756739729285,17.61853191162981,-6.070506891681332,6.8846604253534815,-9.16892439142726,10.491614205209368,-4.011099401576626,6.264653136994075,-3.2217400262105227,5.1284792539382185,-3.830877282681497,9.074321401995032,0.7268124906657993,2.008819017910213
hiphop.00063.wav,hiphop,0.3482824561393969,0.17177653208893368,2244.650739765415,2281.5782720565467,5164.224854979884,0.10321084762562834,95.24868087899543,0.7186768936844022,0.7155470891654219,-68.46050646672208,82.50216635554811,-32.19706478698769,48.70279643816612,-11.181269348257729,24.81070734113696,-11.81270489001767,19.01858636221265,0.5597247354331643,17.033301724249014,-3.896606397861246,7.261586540196415,-4.569230523561523,6.56062771846084,-1.5336674581515615,7.42140092720457,-6.373565038841686,6.2433737502555084,-4.548252409148916,5.453648664012641
hiphop.00064.wav,hiphop,0.3542276805090423,0.18054975266721626,2400.0939723870188,2390.450641453481,4663.189106489664,0.10104914331586194,97.57746096634283,0.7314253384094591,0.6789482863590457,-56.0473775429478,81.72097088983014,-34.826737559998314,51.919212520096686,-13.642510631691952,27.260803327479444,-18.071794832948832,13.339631599010204,-5.985512551550289,8.484162471515678,-4.795384092842385,8.943851031903126,-7.98856773678799,10.048949271442421,-3.396899488850288,13.331027956289132,-4.874433613607668,10.320330360207521,-0.9427312568470565,3.016934355371863
hiphop.00065.wav,hiphop,0.40397739372551733,0.19131477008907902,2257.16865897161,2447.933164159312,4591.054539134064,0.0856131931211824,98.07553739058066,0.802084846054938,0.6637791153022228,-59.16053521216717,80.79586503435142,-39.2879794129222,53.858756259364576,-14.636453544297964,24.39204021153355,-10.70746198449076,18.70962658084459,-6.698811931530893,14.613951016452823,-3.8464613130111998,14.052981717182547,-2.349126353087084,8.518541339014313,-7.368703468230498,12.003393799013544,-3.713170120041338,4.580677759918434,-7.210180453293318,6.0154193159363345
hiphop.00066.wav,hiphop,0.3844665981186131,0.14969770127501036,2340.654808426635,2310.325454273741,5741.610252551043,0.08945958211863698,88.51845334241766,0.7500179020596506,0.6958380260861649,-61.11832738339426,77.82525753870351,-32.879134970238376,45.858941193760444,-13.124668361253157,30.344199149802574,-10.300176501494732,19.913694948779774,-6.389819349277548,18.129124086026557,-2.370318119942687,11.319009166819072,-2.288325798091996,6.3421952236046675,-1.6711192277580338,3.9833320864487574,-4.10106725589488,-3.247686525429712,-0.7957110218976138,3.0683839666749417
hiphop.00067.wav,hiphop,0.41333435645613387,0.18780385221210805,2474.819178940325,2204.9526219589434,5163.435113005871,0.1295878451654499,98.11326639945516,0.883227920695383,0.6764046328177036,-61.57400634169609,82.28357711810453,-39.51824873120621,48.74673462523755,-20.313170407011548,22.88903086805475,-10.073864724319316,19.51618012866139,-8.847258913393581,13.511202982186033,-11.657593853592628,8.882313158287255,-7.0440548193056305,7.022820928456378,-2.2012641165587397,4.418478020484068,-4.814042550382233,-0.26120773712854906,-2.882369541128509,1.7364873568591408
hiphop.00068.wav,hiphop,0.38237608786068933,0.1609778390651507,2270.9084491098433,2373.9565630663783,5385.214620564812,0.1054582697067979,77.28289701950158,0.7188088924717833,0.5925712642727476,-62.78954384517795,71.09489470929245,-30.95136105849877,52.16067205071622,-13.437069379524685,23.178030863587253,-10.716969686970211,15.886919027337356,-8.385428099346928,10.238250322490568,-1.4511346483319576,5.289290037754466,-1.3031485114675068,9.116747484051992,-5.468400986025973,7.5010087650872155,-0.7999559784654573,10.100240210083191,-1.0605709305994035,2.3279117442131683
hiphop.00069.wav,hiphop,0.3816689037129737,0.21633586473324745,2519.5356171025246,2563.5774260623843,5078.490457042835,0.10849175135909814,101.27003867607895,0.7834696971422476,0.6120083417465457,-59.79298949778882,77.54725523966692,-38.16506226613156,47.8391642702362,-7.544058226398942,25.40837390222753,-10.914276490917036,14.332911578987238,-14.53125887637789,10.542842070643582,-1.6854132443737555,11.002826398229564,-3.2042147256668234,11.215698117606184,-5.774048139394833,11.163896751920102,-4.898422797666546,10.21869707778766,-0.6730935315939781,-0.36713546273896647
hiphop.00070.wav,hiphop,0.35755971540198395,0.1443012293425579,2482.6564265588418,2395.547624255568,4020.080146017577,0.10363620322579488,87.70268590089344,0.701295531597334,0.7127833639767852,-59.67814240171026,79.11970579306006,-36.19827434295805,45.46016159252668,-18.913646698752327,28.85475035462525,-13.421648609357158,18.06620310281059,-15.132991428603223,9.045723892613482,-4.1705624403757415,11.1331352803415,0.26012559617294695,13.028868994893678,-4.692132917454469,8.418860694139813,-3.949810328709222,12.164429455915945,1.4470440881571989,5.509055272573254
hiphop.00071.wav,hiphop,0.38601184354629053,0.20889700574519615,2365.9155694227693,2680.5530430726153,4032.2232258093945,0.10491842392248198,87.87652108254892,0.9605102390102394,0.7068568884190499,-59.90149257269608,84.6068929364331,-29.65065644002248,50.223220015778445,-7.584198682704427,24.90597654199083,-12.643562851007726,20.59761776575303,-10.06137219342694,13.256019327384681,-1.7716967278472708,10.05765655665181,-10.085053378925924,10.10195816354759,-6.088880737157185,9.595813471883638,-0.9114308525212631,10.414201044499567,0.7225969023780907,8.270732850974195
hiphop.00072.wav,hiphop,0.35992709719586863,0.19607972991781003,2643.6902578720583,2276.043016445382,5429.908402104485,0.08975974863198005,85.18423003960021,0.843696035468387,0.6552363834549412,-57.26474962808321,77.11471273768039,-33.69637970823713,47.943336285549485,-19.46676676821173,22.213791053401646,-14.252701097867455,19.56478548105752,-5.543359010793994,8.5803801103742,-4.944116777375833,6.46990544268728,-3.112743772957999,7.131808256988757,-7.1539870540698365,9.398993546042725,-4.760767816335285,5.052108145941905,-8.659967262669129,7.839654084270421
hiphop.00073.wav,hiphop,0.40462725563507324,0.18010915688562626,1944.4838117288482,2617.686452100257,4566.807814773723,0.09119969824849118,110.49635245087624,0.7637090844712616,0.751471819812111,-58.31372321375215,81.17051657864026,-34.15399837233647,51.1291656856676,-14.184178227178379,24.844244923671816,-7.466150627667773,14.062018317602165,-5.935625687953871,15.467026896062656,-3.9048026360117962,13.350938282920385,-5.277798185805179,3.39307777251937,-4.216877979143457,4.026417347126337,-5.195577629574192,2.272740978502765,-3.432034575331503,3.2101289180496524
hiphop.00074.wav,hiphop,0.3086729051021869,0.19400443822564578,2694.0643716009763,2509.122694829332,4728.9766152130205,0.09717880406485677,88.63211305589459,0.8272033267093566,0.6305200192559429,-62.523145291194886,85.04866516684349,-39.461462707129314,52.15499462958274,-15.303592881952596,30.702495445197236,-10.977406202255336,16.920283388450255,-9.743121595303492,13.119720083559283,-9.428372084989203,7.699391424646265,-10.354831907575573,6.231069304877718,-3.7182805550186506,7.900525147853563,-8.937989084989205,5.588364890867399,-0.309770147533603,4.511263419871295
hiphop.00075.wav,hiphop,0.360986340626666,0.17175677709903572,2141.8473290045554,2285.3884993605498,4860.838233835697,0.13261532341603177,86.05040066475853,0.7945485893870858,0.6201041055240828,-62.06206330307488,83.29470741057028,-42.112656119919315,48.40682248886397,-12.545058791040114,24.117717074834097,-14.462516876550874,19.32227026331629,-6.280970293808544,13.631906335645175,-8.403661079438649,11.36860995745523,-6.206147900824369,11.235560645681483,0.44977665456977256,-0.8167302670655978,-2.666797580413102,0.7927981891571179,5.325365755989312,3.5956263986114285
hiphop.00076.wav,hiphop,0.4023911972547612,0.17929366280810208,2089.383083856188,2234.0304515080634,5354.987710585266,0.11233907090267467,107.5486726990205,0.8244362668126158,0.7177035036836268,-60.801574696965865,79.13875339065497,-38.125660797432104,50.25203057277305,-17.367739784658593,26.325726766492608,-11.489969343059371,18.86304613102717,-3.9746101809293224,12.886846150703226,-3.7298189914397155,16.154528392256744,-1.0801487921148571,12.459509095364535,-4.9200646465615,7.6889291667033905,-6.954828876089826,7.496743202893244,-1.176619467158475,5.070155375468543
hiphop.00077.wav,hiphop,0.4108158436472858,0.15584450355151205,2576.9725702320693,2562.317643829251,4775.278107121809,0.09576905618273909,95.84488972198875,0.9416680985651023,0.6644987223919583,-59.56790729406232,80.05435543287761,-29.653927661895583,48.89335069118893,-15.088522795857214,29.390306962782983,-11.55896749916141,21.411176580136566,-11.733840170708875,12.384122435114458,-1.5466978846793147,7.9709808527093635,-5.453897119309122,9.770055692674436,-6.96746355397896,5.758569644134308,-2.6620899545230787,6.140045202485884,1.8410560625114072,9.62437158449676
hiphop.00078.wav,hiphop,0.35431745383997265,0.1822253703833498,2384.849661684953,2672.9425438438557,5051.471604060996,0.10236370102388498,97.33234025586104,0.8739015067469007,0.6186105613452604,-59.42160362248119,84.37748298256608,-35.622070306082016,50.388339927642335,-15.727549348578066,18.058421513179375,-11.938229468295962,18.90537579195862,-10.537480172642706,9.536089153345817,-8.641819379344948,12.292562848406693,0.9175743191407157,13.147300022716298,-8.033038014491655,9.563881931652109,-4.98948712742787,4.253198812473668,-3.385926793913852,7.118200849566291
hiphop.00079.wav,hiphop,0.4087776012934711,0.17803937857440424,2233.785851798395,2483.567473782443,4998.798088833485,0.11564338560137793,81.72502419592641,0.8216021871843223,0.5530676219401652,-60.15282683719021,79.32147413695772,-35.14024836170811,47.600771335668405,-19.461869379622286,18.71668741985529,-12.39354046279452,16.70699668250118,-11.02781299441148,16.967645388494983,-8.578314560385934,14.250502246416408,-0.12846876719222866,3.147298599631857,-3.722855623003091,5.800910527492028,-11.735411834151797,1.666076240794757,0.3248083213254227,11.057597758133793
hiphop.00080.wav,hiphop,0.40708034428097745,0.18647264945025954,2245.7335236737827,2702.8793246366604,5551.883720685174,0.08919735980713721,76.00010751751768,0.6521450029383038,0.6510944527986814,-60.14117562232316,80.54972573137616,-40.37195297887014,47.7404332616346,-15.886442441702346,25.62351515009221,-13.195776116741277,14.888021405095973,-11.35370097780757,16.6249698578417,-5.2656461411895,11.836470420866656,-7.696621432631989,0.13852954379812665,-5.5693129206534895,4.40028833672351,-1.9529631941157621,15.857171141045526,0.08549805285476753,13.207880478150466
hiphop.00081.wav,hiphop,0.3970630908601835,0.1674022752485457,2319.583215624177,2720.5149479059874,5440.346908712434,0.08936993947935382,94.02546956559439,0.7056586496263083,0.6938289421055504,-55.339935902832316,80.11939836234805,-37.00215216308038,51.08039285383269,-13.747622905910502,25.24343149554886,-11.463854626992141,17.478555448591887,-6.012135215320782,15.20868233549538,-8.949309441432447,6.968228190524216,-5.763123251079686,11.210511372315537,-3.555827758327556,5.070548769632034,-2.2154442098225093,5.007568441433184,0.6414593806723943,5.999175305201142
hiphop.00082.wav,hiphop,0.3705416543764357,0.18463037544092922,2513.0096119048403,2297.466586221652,4940.929943576506,0.09694309489301006,95.4158694708968,0.7676348046723416,0.6633262821738318,-56.6765301527496,77.18897905626167,-38.988215309975246,46.12563330653911,-18.51198759060057,26.78596986367799,-16.217579057596396,17.10631396576941,-7.145132090067876,14.24997718164578,-7.156676939887456,10.572771195265318,-4.678564010787295,8.327277133355441,-4.6325041559637405,13.706282304270882,-0.5720672882060978,13.441952752536428,-3.490889398761504,4.745100209335558
hiphop.00083.wav,hiphop,0.34003622704170056,0.16380866395820853,2630.3826297325004,2306.033827828484,5471.748455050561,0.07934956608980165,83.57224772741378,0.7927015023181263,0.6102084328938429,-57.23073812264961,81.3523112515588,-36.24894577203208,49.600052580445684,-15.9571887593541,22.25603879402281,-14.663888809804865,21.083651674300228,-14.48449478378142,17.852076092335164,-7.028982676806696,7.68247418082352,-2.7807221279081924,13.455649752441351,-0.6471026751881279,8.505556148079673,0.2605904691655079,0.8505072685684016,-3.565491624464445,2.266489819925466
hiphop.00084.wav,hiphop,0.41673916193645527,0.17233043962152225,2419.081311356411,2496.454249647955,4498.192572342712,0.08919562685035573,102.3505415265178,0.7579613881052468,0.6900579112342157,-62.34762385897933,79.05814343925242,-35.13848583190992,47.65140046910753,-17.881340861951646,25.858820010332327,-14.534212226373528,15.568027332903982,-11.817159431105912,12.766275861006045,-3.168895096800476,14.5195859089368,-7.177754257981336,15.450932379993633,-7.014114582120388,10.25064556998361,-5.165089362046327,3.387230190389969,-4.234268470353166,4.842656901052643
hiphop.00085.wav,hiphop,0.3973991651310083,0.19339736075809644,2061.202996930422,2221.861328247972,4479.176457322758,0.09632968396421733,90.318755166473,0.7439859630344163,0.652175516577436,-53.21229357499405,78.48585361449454,-36.3005354636106,51.678984710973104,-16.676448875210383,27.006893445154546,-14.15562812033712,23.496358822731903,-7.965675082223116,11.139931152769865,-7.766075098407822,8.458600741875895,-0.88175100125338,5.19374697719615,-6.003825011378514,5.315018329223722,-3.047063900270814,5.1866709220596166,-6.4736834941713886,3.8005319492135974
hiphop.00086.wav,hiphop,0.37701347950445097,0.16743804329840434,2387.355097809533,2565.4935171756565,4772.564655094712,0.10145812380276094,74.71155202120583,0.7863117782270534,0.6304094046674175,-61.27030974953783,77.78821497082411,-28.166933221907207,55.45723157058742,-13.597275262553529,28.416731834440142,-18.677806253874234,15.637345678113881,-10.409873619519454,12.292059703399161,-7.4698320629218875,2.34992112545096,-3.8419261438743204,10.63096238484182,0.8056963747699442,4.63507220567511,-5.610489473339706,-2.0399534578934073,-2.880700509772659,7.703335343186515
hiphop.00087.wav,hiphop,0.36164696413421843,0.22286889637087295,2198.681032842095,2426.45861117194,4322.913921796442,0.10230830517762919,76.16544164117843,0.8754958364010516,0.6218418149661896,-55.92212572699047,76.94009384369693,-34.51831364510774,51.691449678159515,-13.673155085009071,22.404102174595447,-19.17594566866842,19.040880890653444,-9.457499034929759,11.29998822111568,-3.7081639088536016,9.8652413855367,-8.957585158303399,3.2056431327113355,-7.386889795399496,14.17903688430036,-0.8316696782016813,6.565837025925036,-2.5449827815574144,4.257821180157693
hiphop.00088.wav,hiphop,0.41501587950077284,0.17018808516193137,2365.3840821368585,2337.282968947513,5479.054821142272,0.10913432761367456,101.96445451746901,0.7732472180249409,0.7352735100688799,-60.93773227618407,80.33010447179855,-30.094856988141625,46.87167482973074,-14.3902568060838,26.31401577555618,-10.439986857597571,16.647646520719604,-2.7412076975757564,9.115204343979219,-1.6233438341025916,13.645196816774916,0.7026663688110544,4.23531870387654,-6.606494463669131,11.475829177484922,-8.631117463890927,1.1806232968787587,-3.4649233601344753,5.575981365866802
hiphop.00089.wav,hiphop,0.42776675220946325,0.17629468170139284,2128.352170387092,2456.050188785357,4964.35876915304,0.10461859733255408,90.57611033638923,0.6635931108865479,0.593779614306143,-55.73918674419761,80.5612068139298,-35.96756635732117,53.354505645121925,-18.390349897106844,24.323955598860977,-11.58672478447789,16.67586749011611,-8.697711531295203,12.436918205734704,-10.198029143357626,10.544433645637168,-8.985055374538604,9.496845375290167,0.12240747245032857,6.156930408171837,-6.514449389912959,5.619036560385059,-4.495913324235595,6.783527007894408
hiphop.00090.wav,hiphop,0.3755603375743144,0.21419526503329145,2482.5979191354677,2372.4455091933473,5050.463173790582,0.09210145386255732,92.27165508132134,0.791085264291975,0.6843415045474404,-55.70103516987127,82.39594462157343,-32.234190196143935,52.76910031170719,-13.34623223299587,21.582141522369195,-6.897085441750501,23.413232480095274,-9.701638809940105,11.887906254351455,-4.162765041253875,11.652438505550515,-5.605838206259056,5.249923033237188,-3.0828964277506685,8.654309614526635,-0.822536555883608,7.047878317062622,-2.8133454450857283,7.982006118518834
hiphop.00091.wav,hiphop,0.38197545492697754,0.17070153971270557,2213.869323590856,2085.725574154503,4736.215361537512,0.10832654779812004,94.71826417711384,0.9416531338384948,0.6420447449633917,-58.538060510840054,82.37822052891731,-27.971428975137776,50.43429647335292,-18.13256153659207,27.543786260065847,-6.40281793209463,17.032353869320136,-6.476755384180753,16.68618416568676,-2.9488033680895396,10.376675567420733,-7.095421274639438,8.756161355959243,-2.624198638367108,9.724667572275187,-1.9981648560028822,4.860276100378269,-0.3338610315506938,7.580255203228461
hiphop.00092.wav,hiphop,0.39138830169243444,0.16327625770923349,2213.718793056562,2570.607739754244,4315.943766939434,0.06660232966413263,104.06466280115217,0.8609132204017503,0.7205789856303259,-63.23045092088117,82.21258419039961,-34.17425393729491,45.247017266454804,-10.727149757178427,25.476049970856188,-13.188251898237807,16.866030762044346,-15.04566571629713,14.78000979889409,-5.214428378262824,9.417759603000714,-1.1645443776449835,4.848422943012463,-5.790317429102846,4.449975235718842,-3.836384939314659,6.202410075771669,-0.7099594285659354,3.959079640684648
hiphop.00093.wav,hiphop,0.3536793279453532,0.21372013899540887,2732.328038357714,2425.7916009387645,4535.126871542697,0.12013181196563441,80.42594314937227,0.7932181340236137,0.566791434242831,-63.47860665135147,79.15992730123469,-37.59251623752189,50.03796339244597,-14.918468496982609,23.13600482943406,-13.11154006978161,17.307453096288867,-6.5704618166417195,12.554711796807442,-3.525894777641708,11.757438950663968,-3.285407909297774,13.16353791103792,-7.358172639237729,5.580450681078659,2.2898964008987077,5.228050498232197,-10.445371069717549,4.391094970556344
hiphop.00094.wav,hiphop,0.3840481859048975,0.12765773765137578,2516.7871279775895,2271.5317565041914,4914.99709031563,0.09461027681983906,81.69318864636767,0.7343593492291663,0.5595953156025014,-56.742984272449085,79.55738543569954,-36.56559654965524,47.19617326222931,-11.411549335421622,29.392603817570762,-8.445768303879959,19.4773120174625,-8.130509874387865,9.352186546072296,-6.737457380133172,7.948419389960691,-10.476536326954129,12.171130257496097,-6.0874898391768255,10.587825722305922,-0.3547607977199636,7.670153929900256,-0.16134778471044875,3.1540583537788773
hiphop.00095.wav,hiphop,0.43573550453871995,0.18086250861906097,2310.386337023741,2283.166259958005,4474.092158728064,0.10515944013214135,93.74010796751028,0.7568518107277937,0.5796040689393933,-63.80976926198264,83.58840115127332,-36.839761443950216,48.9832743629725,-10.648979223722813,21.633548315540757,-14.18098447715117,15.69369951431792,-4.1457945565018814,18.98015050174724,-3.745310323793487,12.35015417246272,-6.741065008558193,14.841985460712849,-3.1969112369240142,9.55933079334922,-3.3165748163128623,5.195902238017168,2.9891267787883518,6.619171039214921
hiphop.00096.wav,hiphop,0.42354126383211144,0.1851065634349009,2080.326692715382,2294.998272081872,4836.037834862614,0.0886024967593501,83.14030873097848,0.9161133625429619,0.5845326541999936,-59.58542175662604,80.88840076965681,-36.76445937596171,54.35239839892622,-18.35142528361384,25.784875790742312,-11.261646880870249,17.837236191407555,-12.890737839815948,15.612452655590392,-3.76946798899621,7.973294414226351,-2.8775383783839144,10.124723058902328,-7.841836436083325,4.438213256285928,0.4148443346687376,6.928248555426151,-3.6929088374318786,2.4245723264820738
hiphop.00097.wav,hiphop,0.36453818605653737,0.1711104094024459,2080.8073934741496,2086.482459771006,5199.004650240275,0.11255950508917165,81.81395638554513,0.8309049036450934,0.5616904263100558,-60.784701669679606,78.96570026037904,-36.28350264715362,56.00884125222886,-16.32097705402857,22.575208524799226,-14.287744288491144,21.131330869205264,-13.956306995078805,10.712131250693439,-1.6595314796653984,10.73195856399294,-4.424233984891661,15.396439380431104,-3.2609561411545034,4.875441515921253,-3.846231170629046,2.593703072908294,1.7678111200470905,6.723685152610146
hiphop.00098.wav,hiphop,0.41373242449912667,0.2042596785709874,2167.1578438144934,2229.9444866383997,4781.900411042184,0.08490858393817192,93.3196550032722,0.9105677504667751,0.6415417239598123,-59.550014730276786,79.7184631513299,-32.591817282686904,47.99665281713513,-21.589338784929296,26.41260657812614,-9.03649673607602,19.339122734275605,-10.920691486404042,9.594963705441792,-4.516507404659036,10.424436858804022,-5.377377882974989,14.467390028981374,-6.840400282543995,12.325111063382398,-2.90464828538808,0.4932885693873761,-2.5376079629574226,7.878488229798323
hiphop.00099.wav,hiphop,0.3690483490158509,0.1505044291752321,2217.097093640766,2245.7089726994927,4972.135040380786,0.10960099724101417,83.54983673801514,0.763535675590748,0.6511440110229036,-62.57653283489688,76.75352559251601,-38.53607339538876,51.05611583887436,-14.072526841447608,22.947861908862876,-11.984743811615298,22.581397152465392,-11.922180470754665,7.1447721729686515,-4.634773272838888,9.668796508295234,-7.130075260445304,10.956240712064723,-1.48232456599363,0.3751659403597216,-4.957793727994465,12.952548693590565,-0.2497852526054274,7.028310914891449
jazz.00000.wav,jazz,0.35518682835894433,0.07034137650399452,1909.336832018324,2029.2511678906965,3788.6645238634655,0.06316982044073893,99.37647137893008,0.35293107485545777,0.6733024828993125,-183.5054726762978,132.62812802618114,9.15306387422521,12.16888370570977,3.484948187764471,9.508222069733453,3.206787033993132,10.847771905558728,-1.3913531141343238,10.005313851805871,1.8158332358764797,6.512281495831825,-0.5390526121101432,4.957362525605624,2.5611534519991457,6.670738979277821,4.004840185150929,2.1239804956310095,1.664901494995839,6.030639519866154
jazz.00001.wav,jazz,0.30128851895250824,0.06363166292563394,1753.2073326026957,2061.927772836293,3920.310252751518,0.06453703833203098,85.93112436496232,0.41969471554367743,0.5763259095021886,-184.46980861392066,131.20838531779884,10.97914302353668,19.083112082798422,5.116683548708732,10.634141963937894,5.548684816633775,3.3666352727493374,1.5605292648008147,5.965230647043536,0.6981723764962013,3.5495482747885516,-3.4538118712794468,4.421526712856816,3.9475739700033854,5.582730313624388,-1.5230783105402745,-2.022916107943839,-5.046201851093357,5.948298355551444
jazz.00002.wav,jazz,0.29134753135592517,0.06348973174010128,2014.2422252155152,1609.4977380137816,4122.292578316271,0.06419539319161248,88.81133347809009,0.38021192582808694,0.5969126614727639,-178.67754060328286,133.05560269833666,4.265073367242871,14.338312396773032,0.9303648431403833,10.612959651964958,-1.5613909968499726,6.535961590483742,0.5477634126430087,5.362623824897192,-0.2487091509968654,7.040861497153271,-4.473801099193919,3.8068073781258764,-10.988511392524387,3.7419999050475714,-0.9024423911245268,-0.9503492904339139,0.9471582668895722,5.518092731555202
jazz.00003.wav,jazz,0.3057194675720317,0.0511037101951656,1783.0050524877424,1659.5908000036552,3368.866520312561,0.08633603242475754,98.4974338384983,0.2496426428843067,0.5795157945303986,-179.51374292205966,137.58717172775306,5.14713562412155,16.349137822489524,8.991030522469156,15.663576963875915,2.993668279579629,9.520407783657422,-6.3995532828844315,12.299257643987968,-2.726470639288364,2.199586524724876,-1.7656184033188738,8.535020242556293,5.6241381426306445,3.376226038427533,2.9942525178109656,2.1296121460565116,-3.113386419054552,6.430231012364873
jazz.00004.wav,jazz,0.30133617558930836,0.10071061546743765,2009.7082659538169,2010.5265275122974,4240.141164689024,0.10148519049778608,96.59805309628551,0.33529647052668554,0.569029207248247,-173.26595323370924,133.68095397324464,13.405110571305219,12.77623389747155,9.614796922736105,7.89964722455376,-1.5751574008520297,7.3744807071387495,-1.5953271028849119,7.788899356383637,-1.154184781577571,6.883107183655764,-1.8730644192558819,2.0046778869435844,-2.75068164368822,9.134816394093079,0.6755127966808074,-3.9512866283591332,-1.560627040362243,2.290598097427627
jazz.00005.wav,jazz,0.3753619904375114,0.090573974317798,1565.656432703617,2335.304035643041,3589.0938723194827,0.08669494716612416,88.75993202080078,0.2081469523799282,0.5624281705595848,-189.7510004285871,141.33626798175874,10.643598756659248,12.226067944655906,6.357872089940363,10.568002108540497,3.862800186841974,11.628594203408806,-0.8697634590750459,3.3604820816970395,1.4833256431157533,7.406998333653397,-0.6977925756359652,10.532662566042317,-2.313466368584957,0.3004260850941951,1.254274282519805,-0.02481357074049484,1.4865495724346869,-0.4990247675183199
jazz.00006.wav,jazz,0.3079927315120434,0.10781680840078331,1668.8825286504643,1756.2067220768868,4009.737576047275,0.0522343707456996,92.45645415882346,0.4461248896407196,0.6936322742892526,-176.33857082675678,132.75833450333855,11.788026018958359,13.60167540136746,3.183033099468103,13.609638346876856,0.35133681242124126,8.83461378806294,0.4667384076919163,2.7877368709844923,1.8982785660689623,6.680842681036861,-6.958871835611262,4.83226333371203,-3.318920302499863,6.291225919237883,-4.336199510342274,0.9305690941113678,1.0860736529653972,2.1630208824256254
jazz.00007.wav,jazz,0.34288874770141914,0.039631560279814224,2080.3828673734756,1994.5260385818888,4075.9013745503134,0.08111360253849863,97.90711908435965,0.29726414312710714,0.6389740375039136,-175.23131000141228,139.15631334496913,8.14120005968893,6.545087141393463,4.361930797084644,9.13689133561265,1.25068216387885,9.585617605494205,2.6286377379649895,8.970898641298572,0.3371274204061008,-0.40231210576790843,-2.0235991980798866,10.91226935064757,0.12265020440743513,4.103458705331596,1.0784578193215737,3.2461388675179697,-7.149336543257769,1.2814270492667943
jazz.00008.wav,jazz,0.31886321504615933,0.09562990798506826,1759.534578924459,1603.6279504116505,3750.5312046601134,0.055942630276358825,88.26571487134866,0.33326727626267355,0.6581216422507833,-176.2237162807198,136.44878983553275,11.896069670851064,16.419135818514004,5.303981530581405,12.090791904888274,-5.256326401208262,8.333265053914499,-3.1347751038667546,9.488707717632419,-1.4414659156505816,5.092844264803491,-5.51521562276141,7.050492667038554,0.881984360821428,4.67084364702151,-2.439068556506467,-0.32091953481439006,0.6707983633377159,-0.08349523074415366
jazz.00009.wav,jazz,0.3330467888803202,0.026781747944665563,1652.4910887186816,2223.4156237767684,3753.820039798518,0.07050190496796489,113.88181228537086,0.21312371049588516,0.6862912403307353,-181.20351951524216,137.57505369901617,12.62696908968471,12.401979873052122,7.993862966427649,8.790055698034877,5.6349188769475,4.902071905633827,-0.36993479719848166,4.529498053870319,2.168091114697141,3.4316563503014867,-1.127345587035268,5.520434192989148,0.6357754490783583,5.660857822419515,0.6333743305340003,0.7452532541605064,-1.0490962360762515,2.077016945622836
jazz.00010.wav,jazz,0.3274877742822315,0.06705656704303128,1753.8406841931094,1626.894305097021,3833.5743495591373,0.07071668433334145,106.0149633083287,0.4000128405925668,0.6106362334801433,-181.07533856792003,134.40021023064475,12.228709916300797,8.789179366459814,5.1235385508468045,11.541025647379918,0.015536344155441029,8.223884029450542,-1.8811095274495337,3.8112812003388283,-2.225259550393951,2.8679240225989675,1.0508549358089976,1.7951443694938667,-3.708730021143782,8.3037860005186,2.882220035472106,-3.5845400819776003,-2.2943048695576005,2.7273889151681323
jazz.00011.wav,jazz,0.32971265201694483,0.04019014268526214,1981.7130985644644,2048.540395452693,3768.6655712141187,0.08835092736068181,101.61831994056735,0.4358864703401478,0.7589526633682397,-176.69634125781687,132.47547762326542,11.899585536015746,13.007196405124255,6.512463652850833,11.429840521059443,-2.150401937367958,7.634463166066895,0.7957710707412068,4.691129427017529,-0.05587017282772089,7.417693331003207,-1.0917791926922669,4.673798430124778,3.1502722356679254,4.419589749675678,0.602472869023421,-0.8742381389240821,2.013078034166546,2.9904498481758157
jazz.00012.wav,jazz,0.35851218301104226,0.07093757086606624,1386.746699973201,1593.9782436109128,3857.488267315907,0.059447096034527705,101.49414200888398,0.4091386115601885,0.6722610491486188,-180.28908385676468,132.40383148486433,9.952666933300987,13.246519701616805,3.883230439622886,9.029052865872517,1.3199201903038422,10.76652036952126,-0.38937248761408044,9.071107009770296,3.6135648539794447,7.564833953168448,0.6034056052055332,4.9804966284505605,1.59607612715021,3.2680822157887186,2.9537095378715956,3.842317415869053,-1.0795213823411636,4.687552640308418
jazz.00013.wav,jazz,0.32274440017932704,0.06787735984775368,1654.7601679202025,1929.883392617423,3948.7619153945443,0.08133410008389556,100.82715037967165,0.44797149125800284,0.7416866534998966,-180.44989887351258,131.6537399894094,13.903389556535718,13.410665243907845,2.928985629968286,4.611406733996346,3.7138491594928893,3.1356421263433356,-2.2507764230752105,7.764710383545176,1.165763757225116,3.044887555345299,-1.4024599809772158,1.3822164207815408,-2.645190363433548,3.7986457804587213,-1.5049400363893728,1.2673548794729925,-4.3941200448527,5.398868494418412
jazz.00014.wav,jazz,0.335301997795132,0.08585810743674405,2008.0850649233726,1751.461682401771,3474.561930940192,0.03957748448626684,123.1233832808179,0.3880331747746099,0.8136490822988127,-183.71448343300636,137.98916527692901,15.572772629948997,14.819157752916055,1.967355510231196,9.583610797163391,-4.6802845748716795,7.886339896934475,2.4629014179389874,5.892727066879457,-1.8524186640669023,6.582704348336099,0.8120745408486578,-0.9797166875155483,-0.7335311131636346,10.30795537268773,-4.0050487369440715,1.7437435015008007,5.825238366155109,5.3125254696310265
jazz.00015.wav,jazz,0.3045980995767182,0.07412270759245208,1749.5776640030354,1765.3470752220999,3574.0117623774213,0.06380050800790207,98.901991504614,0.34012934554471735,0.6070515581300694,-180.12384232017712,140.14535465453633,10.246608778788389,14.005218663205364,7.262257415115496,9.525041162213864,7.60409877487733,7.988262472114765,2.10149118947449,3.7361868528201816,0.5092677600099873,5.8252804308312625,-1.169518373977624,2.494726716490839,-2.9140904969571233,3.8470579919389576,1.8868173290894208,1.6185116111176057,0.8618037873623772,1.8862559656016913
jazz.00016.wav,jazz,0.32295578074716164,0.0659911003464555,1753.5945158736617,2385.6472822271367,3709.0720045825988,0.07767945437646565,101.50418884262477,0.37897465413623527,0.7453401688244263,-180.87349131127903,138.16516364682766,8.997379005800653,12.120082442567877,6.096188624708579,6.6859949316936795,3.6069206750498277,4.41752403172605,-0.9570240914185599,1.7048109104257758,7.472501028208189,0.03812132115105715,-0.970558778810787,7.429912822990041,2.109157725761076,5.554026366519412,-0.9516851646644267,6.053266839011005,2.740173272406548,2.63689885298143
jazz.00017.wav,jazz,0.32721742273179777,0.06392154704769255,1568.0695948333923,2122.687175586169,4059.2727977605364,0.05473836288455119,96.76971867883047,0.38852614268328567,0.6612536498585987,-179.80711536423726,137.84058438493855,7.75834807453977,12.46095902546202,8.709859226428925,8.612065774356106,-1.7891060607311986,6.54461017370039,-0.9901582057320024,10.664888183177295,1.774478637130212,8.442561849896727,1.4599209270403581,6.838731014845942,-3.064246379740954,2.404193533939547,-2.9697459390706467,1.3685359083889,2.052314972804223,2.4037498544367404
jazz.00018.wav,jazz,0.3593444245688089,0.047171684155455626,1850.0476701396478,1675.3054956635228,3632.9617642107746,0.07910500133834719,96.28397946540625,0.4440901283269565,0.6130783062536267,-184.99106993458915,136.6710888674634,15.232030702227199,12.011865179490323,8.666582540320386,10.130270226449234,-2.007074565079228,4.605484095943512,0.04735432008195016,4.78661313622769,-4.938738930274717,-0.08211784367621533,-3.540157983779518,4.581427024993355,-1.0192022578094142,1.4962861274997652,0.6056615828744483,5.1200801595880625,1.1823795313024437,1.636073985831258
jazz.00019.wav,jazz,0.34784216019982067,0.05080299395567411,1705.0160920889298,1863.8041715919337,3167.066359545004,0.06170188756573464,81.40032255283758,0.5529742438130363,0.5583805201513253,-175.24165760573607,135.1142535171585,11.694592396467877,13.533600604947205,5.623789075885023,11.951468919965308,3.993657243182547,10.324320170223071,-1.104998130117529,4.558920982525935,-5.78252897580281,6.5696570335308095,2.247136133970328,8.847945039753789,-0.08448209625847669,0.7005606812742924,-5.091288429868366,5.125000199250051,-5.388829700332606,0.9781877667686998
jazz.00020.wav,jazz,0.31327079516169065,0.06861089724297961,1757.160520007168,1924.8665601461635,2754.6228582725143,0.06821983864805191,80.16339540710499,0.4585774458472796,0.5728564749864631,-186.47111017567005,132.55738596784389,8.28977398244604,18.572098852665015,5.589913225250735,11.033334833051741,5.543664902661803,7.711567136226532,2.2625638830972097,8.051583341795975,-4.859408480708237,9.418950732889488,-5.260905340212084,6.752099948433544,-5.551219110716898,4.80371036445502,5.585744634450518,1.3610640303493662,-0.7690669285594389,3.8313199979505477
jazz.00021.wav,jazz,0.31011810632112374,0.10636557407485644,1788.438449891739,1842.3694885202694,3410.9000652365107,0.0540057729474047,92.97796010594008,0.3719461285073123,0.6242853967223463,-181.97452582241132,141.29652369105733,6.90971477053153,15.439897762938525,6.777563029282616,11.890323986751199,1.824178772652584,7.277892284458071,1.3546424737185194,6.799564949934602,-1.77687650430254,0.3143642848267074,-2.403771166999743,0.5603495088776267,-3.0014786501989796,3.0996697155508786,1.0762084319898486,7.341358253877218,-1.6122191367114413,4.323876905825452
jazz.00022.wav,jazz,0.3291788007331351,0.0959199534127958,1865.2457439191253,1718.473343088463,2996.9338897480693,0.07266892549501258,93.77239201679687,0.32157490032395225,0.5882675848363343,-179.51707350723854,139.5231230979401,8.773982962881876,16.770810933225967,4.693200949347222,6.131853732689821,4.204434030531252,4.715923867917886,0.06487989178069412,4.975438754984085,1.6792323036970753,1.8255470225879398,0.17260972340587943,1.4806077779538973,-2.533315636986355,-7.905600682620307,6.276295714853726,3.651670798478696,-2.3020424578144936,-1.3739670649989817
jazz.00023.wav,jazz,0.3051305374136198,0.08433759069638903,1371.583014883015,1874.5148045270191,4219.724655361935,0.050990804960482944,98.64308031010924,0.5762647852206206,0.7015191326474484,-179.62222853854362,136.519909364727,8.797403994970892,18.89889385591032,3.8020099312993643,4.122455173792069,0.8260906881786205,5.09979641036989,-0.8435820365922879,5.222747822758107,2.5922695994147222,7.0858781799931565,-0.21020353727381025,3.991163766002215,-4.1765740265739835,-3.543525712997033,0.3394800341783495,4.383923610720977,-0.32500164973376755,0.39543703163989896
jazz.00024.wav,jazz,0.3339350649564264,0.06833335598751307,2087.148838394792,2121.891101572291,3935.8278199581655,0.07936601171314855,87.67866068438835,0.453039496164208,0.647611275448785,-178.1807258148265,136.47782846043916,11.358287763544197,23.102599408648786,4.771442990144243,12.80901214248799,0.5870305692079905,10.371924751663016,2.817959670697366,7.093278231406044,4.0077408271295,2.3471718909187476,-2.4616628250046664,4.637140258070469,1.642420560452666,3.5382885638848,3.8572771095316982,0.014930387101041998,-3.4217354684656636,2.924385009609514
jazz.00025.wav,jazz,0.31768459171658914,0.0808572744071644,1744.5195418266992,1838.7964376877778,3573.771849896697,0.06843273342189778,95.56014960121335,0.3837494362941258,0.6381708941552046,-177.4300046403918,135.5820630135174,16.770257416506297,15.482113653835386,3.347427589014015,18.012026124589195,3.240879133143006,10.97037436067845,1.7763089496074747,7.869033087893246,0.6069621540574226,1.6937463056718043,0.10258714268423597,0.025416088449282892,-1.5230885092376028,0.8231476303101384,1.072410557546172,3.002378742014704,1.4434376722955604,2.8618897182472613
jazz.00026.wav,jazz,0.30179523974640804,0.06477993021296641,1934.079232250897,2092.214201912992,3198.6259154807076,0.04503608551231031,92.1848849343623,0.4836166065625801,0.7064375200130103,-182.77413564120351,135.921928061209,15.503293999420263,16.245934431721,9.26450985569928,12.996179710249296,-0.7305961186837324,7.430055729508766,0.1042634348755437,6.31240016406402,1.7489868603157137,6.226054286826225,-9.808602831334346,0.06147918072182179,-7.5621427449281295,3.5260957219660023,0.7214629484032832,2.8496748758321555,-2.876784803143849,4.022432015359968
jazz.00027.wav,jazz,0.34148787489405585,0.04489701865589685,1456.7923597102256,1899.9762964791512,4227.123795764675,0.09349614113297963,102.50723488358442,0.3416002662735939,0.7287442637878708,-181.35727279442713,132.69747888997856,3.5680995051340174,15.307146595042958,3.110397952587874,10.289291138585513,-4.898073088711184,8.509480017751061,-7.293363491914883,9.263820759805656,0.5656737024052534,4.164005685726236,0.6881595802462375,1.0657772120093432,-0.7828734531553228,5.384322115381007,-9.28286774727417,0.6583269209674287,-0.06793239040912283,1.4111191467627004
jazz.00028.wav,jazz,0.36371305478682214,0.047521977501542315,1625.7681513109542,1555.1435752644793,4128.600327945601,0.06430564786086801,94.49272889570635,0.3958013854151429,0.686159524780415,-178.95790978945163,142.94365264067127,11.361807665211323,13.604263712492756,3.315929787428159,8.821723142749573,-2.5055107738895135,8.119592622474759,2.3504043186267514,4.1599091981302925,-3.4221401688523345,9.5478354388827,-5.279449469863495,-2.2034551294319034,-4.458705830942148,-1.6212981513728888,1.1586781923137455,0.9178864986512794,-0.6590611350715196,5.45880253092432
jazz.00029.wav,jazz,0.2992599541651167,0.08550178823491282,2052.2645598406407,1817.9807503575412,3857.95799944471,0.0643727313120653,105.39278503072632,0.27428086499389814,0.6129473316089563,-181.17380314472263,132.33322557282068,8.449872671710343,14.34142025265858,7.160040595508756,8.777018264302196,-0.47158393186925984,6.945459869723304,-2.307435839419853,3.197983493811857,-5.839050440730907,5.208434348663236,-2.7061171197911604,6.898836217704015,-5.342188276176822,1.3737493348563634,5.438721661976246,-0.8188285512935485,-0.7095997562883719,-1.6475319484761055
jazz.00030.wav,jazz,0.2795471746165706,0.10094621966175357,1784.2078985274295,1924.0621908827723,3006.289317709322,0.07338112082162455,107.2593755679506,0.4919581648662824,0.7356393198601229,-183.3884567327862,135.93937025157896,12.002754881429823,9.616669244733295,1.6361612255546456,12.664471965230325,4.628137330015786,3.354250899135823,2.3850643778075176,6.285910197460853,1.3430268638214544,3.0964360296981757,0.935550489442706,6.531486323456874,-2.0540048063671352,3.053257638519858,-1.9455648885139607,6.954916846057638,-0.36081581797729784,-0.7660729755315456
jazz.00031.wav,jazz,0.2985252225837575,0.07253541202284226,1900.6662343556422,1659.551167872906,4246.681001029857,0.07263012941083424,101.7316477837553,0.3922248364941251,0.6824566275566387,-180.4448494137822,138.0533879071079,9.976214237639889,17.30115065547813,3.6984574299422834,10.586921584936947,-0.4117610327182635,11.64958469764861,-2.5012417221573475,5.025061667216021,-1.9448812373642346,3.938145836978695,1.1674873083288109,3.050026705790069,3.1817735916232186,0.5445747416094955,0.5081324098281208,-0.3273579679377998,1.2629183475944001,1.95215081906969
jazz.00032.wav,jazz,0.31534813865904565,0.09376949933007048,1619.1316257889794,2005.57272837124,3330.864030563823,0.06969027800240561,88.43539737421244,0.3469986282954608,0.6275255878746534,-174.55605249803077,135.3024116113793,14.96400494760012,15.660969875072754,3.838747266575183,14.618069567802081,3.3110528662202565,6.071835218351859,1.4117143782008923,5.122215750277169,-6.967102588513887,7.807919477796853,2.284802166925787,9.513826089976826,0.266431076585788,2.2538297277524024,2.5049682821357573,4.549461095956719,4.914843549409266,1.8661171308006734
jazz.00033.wav,jazz,0.31503263082297217,0.05568911160482946,1857.4924173450404,1621.3128997184497,3871.6305805018974,0.07681752682798684,102.68056161966697,0.41105801892014726,0.7617010184503054,-177.38401960371942,133.1787684258729,8.23246285090706,12.36097855975609,6.653849998326763,6.99958323628013,5.250176430750057,11.96891992503663,-2.6370488068513533,5.443354396221439,-0.9501370559127589,7.651949481409003,3.8280301268296313,-1.056477178605732,-1.9545421525800486,2.201949913318959,-4.202009564659643,0.5446699420878152,1.2833068330518334,1.1639632914813285
jazz.00034.wav,jazz,0.2736613649417776,0.12748165396019828,1803.235573040836,1920.1049434192014,3215.725772926534,0.07191059242956914,96.68628972766804,0.24891812698276752,0.6090608144780344,-177.61522194697815,140.83205295000133,11.101496215129133,18.309249834880102,4.53273407425037,9.740361517958192,5.2729370828583955,12.988331867538408,3.903290080396865,2.800910773845543,-1.2008766709457372,5.8325740534288855,-1.7790338905225873,5.1635726302467875,1.4617304350068423,6.008429255865421,5.05761045666457,1.011676685825496,-4.092099494517942,3.0747037820433585
jazz.00035.wav,jazz,0.3765143309355441,0.06046048280091883,1887.3693954127439,2025.2342426450757,3667.0047165706133,0.06810387081565572,90.61256635422886,0.21746703420635383,0.5842045884951568,-181.1709124473351,138.2922680622681,9.690615812945873,13.442922843245555,2.3270436741397087,11.97041748552844,6.075071499291815,11.190307165602379,1.8184490992754072,1.57316176085118,-2.0550227285313145,10.841912686669026,2.365851475745674,-0.6125096547041746,-1.1667715695978143,4.089295297983116,-2.2864753890786598,-4.927612064226546,0.29647213504929515,-0.3632747728613177
jazz.00036.wav,jazz,0.2964847478274595,0.06290639280138484,1723.2648170690377,1898.3650970627764,3290.6035353772995,0.06469685705548885,83.94061303677796,0.42488312522944627,0.4719635282208594,-180.86847024130086,137.75755846103087,6.82197793817552,17.1492906109722,8.467198136362676,0.07630014250783468,1.5459112892727729,-0.6273202828848259,-0.35462533671283825,5.9784863670560195,-8.447631957732515,10.774515086239596,-0.1419525770961252,1.452929703753894,3.3961382824955546,-2.3868396619269507,-3.687513100554952,-4.898366571009696,5.403135589618001,2.9970391144160105
jazz.00037.wav,jazz,0.33978205369545483,0.07602002467836952,1864.753552228917,1914.0539885012781,3694.8224699476045,0.06961405154334427,93.13126555544576,0.39627001878282647,0.6629219744960054,-179.6683526413436,130.56668367674004,5.965039994174772,18.248524301749175,4.079017862349795,11.754176041107822,-1.276359729167189,3.5805623700604103,-2.530789837595139,5.33230478768576,-2.995420897853237,8.881800569317141,-0.46143009538761537,9.546815855685576,0.21322446221425162,-4.2376524537594324,3.1681248193756635,-2.5286548674098643,0.6916010016340174,-0.32405217299153444
jazz.00038.wav,jazz,0.3842813310339256,0.09879195854860272,1601.6358716596483,1877.0756197382,3685.609324377226,0.08095121107342416,98.2332152986001,0.3180084080495307,0.6324966254097477,-180.01344538913037,138.70337093629408,11.283513581608132,12.679755220154952,6.94511833312937,8.83904548336552,4.671224015560524,15.581031254985817,-1.0764791128306486,8.404815479179113,-3.236179996113189,4.663208698426107,-0.9113131393836962,3.4189490198668584,6.389041066325071,2.080220775964853,1.7605546163546038,-3.790260607970297,1.2959896901088308,5.42616377705674
jazz.00039.wav,jazz,0.3041720797226285,0.01979555717919175,1742.269646234535,1903.093093069395,3853.4262677605066,0.09816354553120152,94.95957079519755,0.3314969501071776,0.5977525004134187,-179.4057641489052,136.4380627764555,8.363033816912246,17.33604823717737,6.396152230457527,10.129695068934671,-0.7072441622323762,6.55440705354583,-7.289265893047634,6.707361192594101,-0.9209761337576943,5.56543697326846,0.5129570466936808,5.157464459296669,-1.3311495419381059,3.1460041294882575,-4.212949250088508,0.24883806293172261,0.15141316105038416,-0.20756072773708167
jazz.00040.wav,jazz,0.3458045238761764,0.0568273583808994,1793.2610822496633,1920.9818182267604,3861.197157763643,0.08151186761042453,103.55226088774351,0.23151950388934933,0.7480283857296945,-175.4180753274162,133.5536271470356,10.709940738018549,12.327504959607655,-0.8451355201964539,7.783854203372841,0.3795828816091691,6.935447805944554,-2.8767422700179637,3.799724499548283,-1.033018964885223,2.6893190506695737,0.6305729976500836,6.044981954192318,6.141163238493469,6.377039796370386,0.7293091749852433,0.13920710999696384,0.8812420550219964,2.9797878797490682
jazz.00041.wav,jazz,0.3046006073298302,0.08567462793505756,1470.380397063625,1856.0080296032481,3794.5504607610924,0.06368623778611855,96.34596477256584,0.38897713110461757,0.6195173058627346,-176.47829720527739,131.94588698423155,10.954477982229655,16.24094369484712,2.1541342963730994,10.21931276314223,-0.7288965182341065,12.173127425167836,-3.416348810928639,4.038308717304107,-4.6726750250667415,0.926903819397344,3.7736458726468802,5.628324021737686,-0.579119722898368,1.0302691099592352,2.722835433140305,-0.47266731810235907,2.3809178829903086,-0.6175338298169084
jazz.00042.wav,jazz,0.30066476894372984,0.08516564772235843,1922.7654688311534,2007.545128101417,3232.6140594851217,0.061299097014157575,99.25518992958811,0.3320575230471927,0.7407551002424201,-187.20584083185165,132.66378145389254,8.471300491390505,6.468169005684697,0.8113126092914271,11.875868537626205,2.0908509096588914,12.719408066128707,4.635679337654457,7.29913913581184,-0.060285252997865135,5.1977933257367015,-8.96524605363847,-0.18367853997822614,-0.6979734907031978,4.848077126243014,0.8690094364144221,-0.6773949031469728,2.812218847408487,6.447332086263909
jazz.00043.wav,jazz,0.3481396880087402,0.08979198659180943,1638.1548404089579,2093.6681420861437,3651.01552376468,0.07567333292783007,100.92345474259767,0.3902810315647671,0.6354628315286261,-180.24640999066213,137.96028485244847,8.675572584061271,17.680041787824436,7.211212011853016,9.10318780894051,6.16640031085873,6.933359986427882,4.528640587837895,7.302380944622918,-1.0475977553605407,2.336595858987039,-1.2647806904051238,3.388721459516739,-4.774889155752716,2.3471537318469986,-2.411409540291257,3.7579753069363453,3.918841427184609,-1.680747028885722
jazz.00044.wav,jazz,0.3713692318510077,0.06742897931229741,1554.9957230122973,2036.395860437473,3443.740932610733,0.06677394985952759,94.76577404630336,0.33466096545080803,0.6915715042937328,-180.85890420868256,130.69004462346226,11.653180372647798,11.383252946928735,1.5402194819742236,13.577818614931948,-1.5890196976306354,1.0506654292175286,1.8685844548844868,5.088409711556609,-1.6529653634143493,4.0564988199494,-0.30499018294381963,1.7418422742907964,3.428344623697293,-1.428691440928195,1.3346247500313693,3.9263630116297517,-2.278955282500134,-1.071203335833455
jazz.00045.wav,jazz,0.3505152264251047,0.05018278491966571,1628.6672118498866,2059.7156132427544,3612.1594317386584,0.04104284498556344,111.97647315642811,0.35759913929760273,0.6997739098412846,-179.2326472430209,136.87523039101222,15.8833128738744,10.019795551782911,7.477856626777838,12.22902908215023,1.5885052673776499,10.361821084448668,2.8028220529096406,1.8541116450389872,4.249299517642491,0.32371324058557427,-4.4059488437163195,3.214636979127711,4.774821539561169,2.0752301107398408,-0.095801670152432,6.29623581171369,-0.9009544276964182,-1.5353101387920267
jazz.00046.wav,jazz,0.30748295494285055,0.09741583667611556,1764.1729994110274,2247.518486630127,3858.277224191754,0.05832786595409775,98.40861043572063,0.33174255054864965,0.6356106376015139,-166.56274724692273,138.05587353010142,12.583293967020019,13.130459054075809,9.708752198843236,13.298246805378811,7.644863868073313,13.499342445195348,-4.437267864292566,2.670481532190278,-4.011363446390909,2.168178070002689,-0.029642907218828674,2.2995896437125474,5.2177956222875554,8.714039646244913,-0.0193847822371193,7.865978648449371,4.464403881720606,0.6478803224682235
jazz.00047.wav,jazz,0.2597235396792332,0.06564063230078541,1621.0755737843053,1937.1710125262496,3631.2299004061624,0.06894526488348843,102.18947793103331,0.30299824423330574,0.7037785561198603,-181.31884845905103,135.59994659959105,12.872229535696569,11.32680068033691,4.156119041991292,9.644397297913407,0.45719308528807723,10.699488488398872,-2.1611650764014145,4.333798801672984,-3.1297573988561935,8.276166234316406,-2.4773323372366503,5.380136172650669,4.927115303690222,2.775544738948244,3.336182040099472,7.014062252279384,3.0815746801212414,1.9495960520667788
jazz.00048.wav,jazz,0.3392632327699584,0.0442524281372931,1593.9913683700097,1791.1584673062546,4384.214242060999,0.055811232286171,91.38018598990536,0.31648632158008133,0.6706662855586831,-179.57213582199336,138.2602769310797,12.013778998232063,10.858830459827798,2.5781666899688878,14.095986244827465,1.390105266269585,11.562775454054037,-0.44904284374595116,3.097030715134436,-1.9097823330001185,2.095850613350912,-2.6966582872072715,4.602777119695737,0.5348152711070613,-1.7705739697628946,-0.05210402252729451,0.24015279332074257,-1.9452444268764373,2.3980538573992307
jazz.00049.wav,jazz,0.30348644381932366,0.0976427598969335,1987.6123752502122,2112.729092909567,3426.7814315783944,0.05356251747621017,98.65623943510492,0.3879721306970986,0.6395197397604752,-183.52720334000088,134.87544609219577,8.78779164924258,17.06504111111406,6.995318154564439,13.302399416268152,-1.7778866556401143,9.203174923080898,-2.1823971187010165,2.338757367566746,-2.2858067108461304,8.206114940403854,-2.1169550607114527,8.696363979877336,0.6466355465610005,1.8177285630582691,3.4801452867192255,3.336190316342857,-2.797678165340116,7.5764079067415455
jazz.00050.wav,jazz,0.3277843646925943,0.07037592383970984,1578.8934660188768,2112.3168881693928,3781.046399576457,0.07743857270442862,93.93974925179386,0.46672804575280546,0.697864739372767,-182.00633471634336,130.74902958095703,11.744119178016772,10.27995915118278,5.456047333513338,8.658264685638079,5.655995632366763,6.821468327698378,3.3218189160114124,4.457371666910921,1.999973015178833,11.181024631510496,-4.2041414150987215,4.876107165192724,7.246347247730196,3.199766480708765,0.18536481068894478,4.365496842053059,0.12324259228426251,-3.121677983711658
jazz.00051.wav,jazz,0.35396862124516815,0.029941031722696153,1666.6416697723316,2117.336634848197,3475.210149975025,0.05759455261303394,105.03411124133248,0.3319108170532491,0.632766631175399,-179.17645803752015,134.45123010476223,6.268980657433474,16.91085761998461,6.393462816731701,8.920734950183103,1.1260039816251606,9.41117822602747,3.5710842592561987,5.151620369672026,0.9640654790244334,6.695600651253797,1.637921878126929,4.117927596230396,-3.7369765421990735,1.612502540400092,1.0285603973449438,7.455393135144779,-1.4520588695888352,4.414362330582197
jazz.00052.wav,jazz,0.3101583064796972,0.07220937511772273,2053.0793498527187,2037.572664655678,3165.545254540665,0.059412874642826144,108.04977075553087,0.41135024341027965,0.6477446343524476,-182.45685733492115,137.1104805681335,12.98323084365289,15.053565904446524,12.425941402808306,12.472457090366916,1.2695567911012988,5.552881855701967,-2.9246529139171242,7.006263961441109,-2.4663311347402206,10.021231261950273,3.3989354087535784,5.8991996424916815,-4.536988518870687,0.9833433823427851,3.7670325772233024,0.31080140061469397,3.366425201758573,3.423811769104283
jazz.00053.wav,jazz,0.3215515365443956,0.05594334374129119,1731.1512312950497,1934.1366318774817,3961.3886144053927,0.05471396599049368,95.89746525979108,0.4035858505545828,0.6927494126085247,-182.72539301256833,131.05029062133835,12.02189545513015,10.44615265515989,8.854939144286504,9.532221707551276,-2.6425932468233393,6.558739341789517,1.1373708992077116,4.401896737335067,-0.9399107535269575,7.220235097115859,-1.6065710061628589,1.1888269706015993,-1.8969519921155231,7.24452040937778,5.055193035999552,-4.059778521826825,3.2730837275744307,2.7504431481060685
jazz.00054.wav,jazz,0.3477194803736045,0.05899023479464742,1396.3472980997028,2005.207981956543,3270.657958551049,0.04717561352772722,87.45278894021227,0.4480731025932268,0.6349205818272559,-177.65260193437598,137.0072257634891,8.737199306248701,14.788579278367633,3.465687413652381,9.369016681403528,-0.9017642139431978,9.171452881623004,3.225362246945269,3.5501609105370404,2.8438089362040277,5.340564489433826,-0.2767630707825601,-1.0982885588225546,-6.421786928697202,3.4323490883390457,2.3691963738960227,-0.014141330934857255,5.010281701749268,4.204807922762946
jazz.00055.wav,jazz,0.29274976244876044,0.07061697334107014,2245.385826744682,1676.338479496053,3784.894478620287,0.06315883170914988,103.6551703273481,0.5013818917054705,0.669395034291987,-176.6432631848785,141.6636101828159,10.198824212032704,17.354666062482558,3.2286776893901754,10.057777927093637,1.4699747218752723,10.390807776975787,3.6140278072707765,5.671035452647622,3.60086853719877,9.590142324684887,1.5405612295397022,2.451920404834815,-2.835486450219708,0.5628559359298837,2.8474982107144826,-1.6353046224680927,2.0305129623330216,-1.2433280434723386
jazz.00056.wav,jazz,0.3447063835952592,0.07034439165461122,2016.7277123719655,2105.461824097829,4102.272894200739,0.08991228077433669,99.14904667190558,0.3072965546860317,0.619182772269777,-186.2605455879478,131.74900249971571,10.206470973113948,13.321037457524513,4.459593186770446,11.478146258384204,1.087804225802726,4.634513598762247,-0.1597010026902964,3.304528539681465,-1.8123594909371894,9.028330893269011,-1.811515912288524,9.312872660043235,3.2949079608139096,1.2620840742628705,-3.333371299247327,1.8423375142394198,3.4599832901906673,0.5294272813139353
jazz.00057.wav,jazz,0.3472427089478642,0.09416879978272177,1595.1948699274787,1778.3108041080543,3849.4317112444523,0.07027771324462356,92.51150778765057,0.37182556415043305,0.6433921765673186,-184.69456327486637,137.29692931944808,8.563923433182426,6.648851328605703,4.928387095071642,7.775286223319477,7.06646657690803,6.243664937240095,-3.2929300907358328,7.523798009886048,-2.9813421040227497,2.6616313962433034,0.5285041484732178,0.8785980763313015,-5.371820974598359,8.177994006283011,1.7384962128019346,1.2073721450169046,-0.010431629105808067,3.517593074348468
jazz.00058.wav,jazz,0.3492001234884026,0.05488049417369977,1823.2293051931365,1808.793248282157,3533.8565644205814,0.07041039301197358,97.94657141557862,0.4588453518642058,0.6916539707641995,-184.52450762811654,130.92653037880368,8.89084994572212,20.485875787325476,2.445224502495193,9.375331871161741,0.3909619191304343,6.33786684773576,0.5347192317151667,10.202331828586955,0.36790519964176727,2.589407115718723,7.259688532409621,4.235719662883378,-2.73166286914634,7.236289124032768,-1.4072118538314555,6.988740964962329,-2.6119283729,6.290091166764108
jazz.00059.wav,jazz,0.32603142992845086,0.09582104465404868,2130.3531417403087,1696.1306877061743,4046.520137265413,0.046866441433618934,89.62252515801417,0.3357272432166051,0.6612663011514462,-179.9009523691954,134.49859174751148,10.438705837067083,16.77386876788042,7.004744371824058,13.282500506845393,7.460104438302318,7.935912882675569,-1.5632668863927488,7.840608387555565,-4.4327644487938604,2.9638876036651656,1.9981428391783695,3.6276148755468873,-4.624577375074117,-1.4694091960955227,0.14615003818142186,5.42568961090403,3.3856373325935594,2.332641508678512
jazz.00060.wav,jazz,0.38026728257288384,0.06790359268119076,1722.2864753205179,1437.86153624698,3443.4229677935746,0.08078022552362742,110.51169069487763,0.33358122930661727,0.7375314565704436,-176.85936290303013,135.03362445958768,3.1501586274183087,15.741869998722757,7.2842918721826795,7.157731314944623,1.237536407376839,4.533511873613707,-7.7104426457410575,9.08101323536297,-1.0112456014055549,9.793024990114947,1.5719665757185317,2.937370715003653,-1.249541980313226,4.698532172310518,2.9006502502672302,2.968011892226034,3.316779435868453,1.1099937899765855
jazz.00061.wav,jazz,0.29008569359642944,0.0687038149287774,1791.0369781472368,1683.7236289469283,3132.147270548682,0.07471079444710142,94.74914518903661,0.38673272754703986,0.6373246611738461,-175.43819729471036,138.785283481185,6.287938929882495,13.40162036075866,7.550012803908779,11.805808711309727,1.875626113010643,4.587199385107294,-2.047620138460637,4.449697297361131,-0.16901700664269814,10.111181464091713,-3.060640704364384,0.9218942573342797,-1.3257594304838298,6.095216941542176,-4.34064890028211,6.360902452624844,-0.5160940863470085,-0.20296000694012095
jazz.00062.wav,jazz,0.2719943213971352,0.08413041546841256,1715.765760951693,1930.7269868958113,3284.7158906460227,0.06321355948623465,94.10735002916209,0.3919525515697434,0.6194249462905673,-184.60254288206167,143.18549923588984,5.909787257987458,15.544377020827618,-0.31608348527212726,4.008857690146075,2.2934794755568024,8.52310276330491,3.784496972407151,7.198640523047118,-1.4494321562373729,2.151199267804987,3.4970362047006454,6.786553738150672,-4.738988433245273,3.113891184631906,0.4321566945794903,0.9630390301829928,2.3155514574203844,4.495199415044532
jazz.00063.wav,jazz,0.31428542906584683,0.06438261508404684,2049.791692533506,2067.9110006252026,3625.3261364679347,0.0435618644137992,100.75200085044028,0.4558466771934135,0.5400939217692324,-179.24439165504592,133.7499240396128,9.337437159611346,12.277857141710038,4.555432128789074,14.175974728543995,0.6608045035534531,10.896720676379552,-2.418993656638831,8.276268577968118,-0.9950324331341464,6.056074486367842,-0.9785402317075375,5.924875697323626,-8.702755353801274,-1.2594759403727087,1.251241494025934,-4.130615061688707,-1.5917410669416279,1.8369774768900506
jazz.00064.wav,jazz,0.2951557958716131,0.05616877194612453,1804.3164400307185,2081.6730920403656,3264.542716560817,0.05937412705718945,92.14991221338364,0.20628961984981772,0.6526477603160641,-177.19584676251452,138.04992962194765,7.387700870677783,11.244905854439573,5.064816642775054,12.487821059699401,2.464551344931152,8.867913907621285,3.4254927832087008,3.7825903223078896,-1.6599102600190898,9.903816535283605,-1.590433369292881,0.1979891021002862,-3.0080682887508843,0.18546044633627323,1.071487757103812,-0.6878410107663369,0.8131027585837338,-0.20819565562194953
jazz.00065.wav,jazz,0.2562986438480532,0.07613239573963845,1779.6927363093778,1993.1964068275913,3364.4544732921604,0.05630683286960936,101.21173486785237,0.5215215658024785,0.6801024062297628,-178.72624471185856,134.03523694672288,5.369108434378946,17.902288257462175,7.725242717258485,12.132322075525583,1.4541636849727442,9.791168299215622,2.681285392163492,10.860476054870123,1.9655783139423257,5.191463675100916,-4.924759766273114,4.466974893015223,-0.23026781245207684,5.127089325954913,4.061675577970276,1.7145484638296622,6.302961569439335,-3.2778610601217313
jazz.00066.wav,jazz,0.3325802561738488,0.054029592156319445,1368.5556000622394,1863.6806122661515,3089.989555552665,0.06557858152950775,98.27815398475565,0.48948331274687595,0.5931638207046367,-177.2746645030627,135.29424135083937,13.086547460828783,13.704746474906617,1.0032662397096637,6.347502021352401,-1.8754223610013483,9.433442458761965,4.4307660666440984,4.305145420034339,0.8874058947733503,0.4296738255931407,-0.459036252468103,6.00568784901138,-5.344374325830605,2.388349593060436,2.1477514214566957,-6.801311941688432,4.006359185105228,3.0610381276731444
jazz.00067.wav,jazz,0.3415018294315203,0.06174561441610472,1405.455503686929,1996.1313321370512,3571.093386104221,0.06848173183148482,106.70085588159162,0.46096510990900785,0.7961900804104491,-179.5384373133795,132.92636268662665,9.43474945927382,16.24699011761582,8.047569556978932,5.598898145683844,2.025612845537507,12.828624971115108,-0.7206266130075606,8.793035564607314,0.4793525816480153,7.86758181957494,-3.4292816247997973,1.5837949898032577,-0.9391843236331359,-1.5966653617209339,-0.8092218198349732,2.758629972547001,5.353906820849318,3.2081545678094647
jazz.00068.wav,jazz,0.33875685412619305,0.09328951694100013,1557.0684822209887,1870.2851207732226,4448.894407131363,0.06681316666423237,106.93144599025766,0.4770990301738486,0.6270872367440817,-179.0685621689822,135.4402424166157,10.989876363521304,12.73766256062682,1.6492414642635227,8.571969999937446,1.7066150087473915,11.554953342800948,5.45193245917682,10.189793538669534,1.5805556323455328,1.9869792131012307,-2.2266885249684867,4.629778157238993,-2.897317114228525,4.731616957583853,2.1614583247628634,3.6088701876964056,3.075403813672744,-0.7137736411392219
jazz.00069.wav,jazz,0.34798486112276594,0.05608709099759608,1561.812809471423,1995.7809041535488,4025.555746769643,0.07532020229564015,98.16643219018036,0.4248123060881206,0.6749454666165403,-183.3778526884062,131.27213956516525,9.763522361579636,15.239570507307912,5.033997135103203,12.02830484094974,1.3535698515069803,9.688937545714568,-0.43376030197934357,11.470076886109398,-0.75785881982066,12.022167834577031,0.056034773272592986,3.358968488235353,-3.6983439287790234,-1.3286657221730804,-2.9743268531884706,-0.6388189274919696,1.1844600612365301,0.4215038868194376
jazz.00070.wav,jazz,0.32560781157663493,0.09563956724753372,1732.4383296730293,2274.248205724025,3188.4661568812808,0.0657412467743761,93.68549661111217,0.4749205284845607,0.5393310307733645,-184.32934586753345,134.67795953264712,14.65413316302848,15.677525502111921,0.945357637207298,6.40850022192931,7.018969108534858,6.136595603611278,-2.828890117349292,10.432117681892581,2.0332910167609723,8.822178929800387,-3.85012564079745,-0.5753169230430819,-0.6005005319118832,4.005378399220992,1.0938054111144955,6.434551806917005,-5.201301270024745,4.579085153893297
jazz.00071.wav,jazz,0.28710124867558046,0.08711470641721683,1655.0086590957244,1753.485076739708,3386.5340525677793,0.04631584698835157,98.32343151866773,0.3381861287471635,0.7080277797400178,-178.07983175690126,140.0644711587084,11.098982450623232,16.56203330124022,9.20029943548344,8.11701191191991,-2.4647746384690983,8.60028217738518,-4.2679004076432125,13.361816018776171,3.36649487623683,11.491928999904742,-0.8126590700106121,5.651720781104793,-2.378426295857932,5.648774416760256,-3.646629636153171,-5.629279568424336,-2.3721318584657,-2.3664204268519473
jazz.00072.wav,jazz,0.36433780208478606,0.10631354910160633,1469.4141855173777,2132.508809353823,3932.9847442252694,0.04445334972921686,94.87785975254705,0.3535869022300384,0.6931917440034114,-183.68633805271503,134.70338212302156,7.942196488151146,16.42002355015543,4.349623904936212,8.394262888178815,1.360110273103766,14.108128498520337,-1.2506989083581677,2.8769843451486388,0.7503007074678956,4.56942599173113,-5.245701792599418,10.694489005607398,-2.0574368367599436,1.8663916381159464,0.47950605572429233,7.190350307626518,-5.039235979556987,2.8279575482616193
jazz.00073.wav,jazz,0.38261816485380884,0.07257457361479297,1502.933204139304,1788.6885664670826,3672.4088854148767,0.08796205873459793,95.28531324467151,0.46613214379459456,0.5855514833151736,-184.33115510878517,133.55159793394515,14.314086165619786,15.206623918541307,5.8694335866998575,10.834238786720581,5.327623947760192,6.169337922386438,2.064855325464697,3.5073520084346095,4.9498179677622804,2.5988266871099306,-3.6471679092358626,5.649009440464148,-0.7606347057030285,3.9805572187828027,0.6819413864769541,-1.2711765964223165,4.840076787238452,4.680626617667328
jazz.00074.wav,jazz,0.36076849853801346,0.05943338221779152,1833.3047089430343,1935.5263232022444,3994.800919170528,0.08540372197744428,99.54440642366492,0.2785639094525399,0.7622746184431278,-178.33203769892958,133.17468887582658,11.219626414800086,10.466719354642429,8.166059202413132,5.586364767162541,1.3374965238887522,8.733363348816649,3.1165191359462807,6.319634029303122,0.9048886208376508,4.915499274651341,-1.096557852832848,4.256431751044892,-1.5671737625571238,-2.0597107292443066,-2.304970481089885,2.7343245233350952,-0.7473630104661567,1.5325727534542803
jazz.00075.wav,jazz,0.31029938991683853,0.052728032145363646,1651.3801078047413,1844.770286010053,3601.8000991896474,0.0739006751670457,96.55559767291409,0.31762757954460646,0.5921793892774887,-172.20768837787432,131.61055490920631,8.44412499620685,16.551000907541805,6.082581828697043,11.562597077684718,0.6718487914034736,8.715674211918643,0.18403099272259094,5.063605897376139,-0.2637707746859803,8.16609664025212,-1.0666006703059743,3.953358539069276,2.2044831046279527,5.88408107945644,4.75180932289045,-3.2686907034387307,2.7153575495081683,3.804740136206538
jazz.00076.wav,jazz,0.29343042806740205,0.0750317583599769,1960.2243495515997,1750.751393952628,3754.8968501579825,0.08107030513596526,89.4318434997481,0.3886171446043882,0.650417831956176,-182.38839451662886,132.36254040271936,9.594866194411678,17.404919150711077,6.931202003576329,7.415761812440973,3.9565036553470585,5.492180671500474,-4.830509393980304,4.898569286858306,2.3689081147572066,6.967881656424121,-1.0047154221195829,2.749883549226827,-2.1692864083492935,3.3263547175823884,-3.2053124575374863,0.9556779643961084,-0.6467083840793064,-2.0532233753544924
jazz.00077.wav,jazz,0.2948465524730728,0.07821013582972763,1751.9023679881989,1844.4228775851911,3281.0003968617125,0.09165274738383826,91.29616628256545,0.420127424580939,0.6179671691559306,-179.891162122085,136.3728292258211,5.889230232376342,14.980151267539537,8.572185946939536,15.284505680476009,1.609958080234607,8.125043621650727,6.633999085804598,9.404772844797595,-2.851853707765657,3.1430496473416314,1.8696483853618058,0.9668886098628082,2.263180254016559,4.0028998912530245,1.5531622920812174,1.22979858955984,-1.8894744127392296,6.385978492604961
jazz.00078.wav,jazz,0.31259788158339574,0.061781298468522775,1733.9725864240381,1934.7439838892296,3239.211205648193,0.05952692758689633,93.05574340875154,0.4676224243685479,0.6046609093828238,-185.26730357327415,129.09871631128155,5.588859595972848,19.084614608544335,5.048619798452155,11.503747260421608,3.6094631813639877,8.168551755176962,-0.22434388995392462,9.133579289454422,-0.5620122570620801,9.197292437790242,0.8624898358695987,2.146611179556916,-2.4914020716098086,0.8176055806371618,3.6526440658521464,0.7848471411633418,-2.3954183903988975,2.95933412338046
jazz.00079.wav,jazz,0.3170849868088249,0.07589137025150329,2127.962780778769,2064.3527450671945,3609.4536940056673,0.04687364923690988,94.00030002233092,0.4568836882036243,0.5939490731006501,-173.57708911100895,135.04324968790664,10.146545179628454,13.000064421126066,6.490213270327155,6.525994580433304,8.494677767304372,11.952053913956034,2.952889335591137,1.828712982630572,-0.38376018862674743,8.627259194042013,0.7793161980732175,0.9936726860986753,-2.950281265925966,1.6441915859820282,-1.8103135034658226,6.586336507130922,-5.763039416469768,3.9677574189765097
jazz.00080.wav,jazz,0.28123089875214646,0.05077497025097865,1348.0533266262564,1801.1702023914042,4128.756078038725,0.07197236363697168,88.41310762400722,0.481371813950345,0.6931143667684614,-179.68786055688275,141.10424747445776,12.464692373873843,17.047957521877763,2.58986387850113,11.882195456864022,2.6503738328134796,9.55948700801308,-2.053756857423992,6.3842966530769605,-3.450584500644874,-1.4413962998980958,1.9949137057351503,-0.5071669450685521,-0.6784406056527518,3.9990063883471194,0.9796890475891646,1.1507627792052495,0.8136344258399202,3.4129012093554865
jazz.00081.wav,jazz,0.34204894447255957,0.10466882678768527,1796.8388302996411,1911.5287921031863,3282.644862127467,0.07453919485849006,103.33906482512455,0.38461574525746983,0.7147521183034189,-180.87754858064804,137.01297795626678,12.73780694208923,17.695883600191458,5.353532978423902,6.880095545148846,0.16426084207453773,9.785471971654186,7.346436917220681,4.977837685403754,0.36751303516442,3.3318423275617897,-3.921901132747302,1.9710524092679123,-7.247415930108015,7.060305188723252,-6.690390758743841,1.2085153087981015,-3.5343836860501634,-0.6531406460866132
jazz.00082.wav,jazz,0.36129567979216004,0.07402133980062785,1556.92076816366,1793.8869161506282,3332.08157284527,0.06734681491881679,99.38313347830154,0.5516459818582848,0.5768717122437454,-180.10443694427386,134.05329692239644,12.839645583150347,16.06445435453518,6.771086624344837,11.035258558045248,-0.7959733758506187,11.633796489479039,2.3955147138470068,8.74658937517423,2.792150511521494,6.25302530195588,3.4429772123524787,5.132918715359923,-1.657175764073826,2.980188268549906,-0.07153130440834939,0.44182603372837104,4.895666545110663,2.888886096511003
jazz.00083.wav,jazz,0.3228421542749872,0.07776548509852868,2345.970903347429,1696.2896460520612,3304.2365208993033,0.04729143473829506,96.1392060925161,0.41964147546618885,0.6372558969298815,-181.6191803944553,135.4272145998844,8.493676525510907,15.930527481548515,8.342703040227814,12.03109140940242,4.643040041495607,11.257755234520157,0.8484844803561087,5.524076921870696,-3.316759212649587,3.826465509092837,-2.571056598030683,6.195016979862735,0.04034766378258858,5.090273588142904,-3.481010568300454,6.295248452723237,-1.2809411145202871,-1.3000499262239877
jazz.00084.wav,jazz,0.30682346705534563,0.11967531985175017,1672.4566267016864,1841.4826351352335,3532.763361779613,0.06577069424852817,91.74819147358997,0.41145704665649047,0.6978354634358789,-179.0571320535639,131.66650410330004,8.966962285198875,13.345417799695111,5.1588184047044034,13.99135501468695,1.553351611937351,7.735535393388828,5.332934456458288,8.628617975014981,0.7222438463196053,10.874394845905327,0.46943376438203943,-1.9595814259325675,1.497997273641082,-1.7760253713559502,1.3560161057473432,-3.1412307223877196,-1.4005662311997584,0.9086464111703865
jazz.00085.wav,jazz,0.2968964267830474,0.06302296005617601,1956.5123440721104,1771.4884758112803,3790.7993078286895,0.0535152554058905,96.48400338886297,0.42590714130619606,0.611988591877308,-183.93516129873208,136.47563445173665,13.369241198021918,14.762804941537883,3.628061280329887,10.46702616306516,2.1664397562961413,8.728707622133754,-7.5847353009411425,2.7926871265021105,-3.5356903163105615,5.452602885534688,-0.44236634913320094,5.9085414660521085,-0.22725475236868964,-0.9022052111620074,4.3410138527551805,5.815754910267099,-3.7745918700807772,2.9981158831225487
jazz.00086.wav,jazz,0.30213726844270955,0.07277727978401097,1960.6620559283742,2283.418767937773,3862.9471967999134,0.07242402102665205,95.28143065353362,0.4145707896808941,0.7252939596171667,-180.13412627027876,132.34166204595704,5.14093040345012,16.53914360223075,5.741864376883218,8.06227548021311,5.078042377121893,6.734669406837108,-0.4039322754743856,5.9500076001061695,-2.0528582264142643,5.707595197248713,2.4545454377990032,0.5725543056447315,0.4655604154220263,3.516476008819323,0.46129148863411873,4.615533709622272,0.1478922756514761,3.4406877857171088
jazz.00087.wav,jazz,0.3414759388871344,0.059912695992387875,1809.8366921627596,1854.8582307020863,3553.5613770980367,0.06316907905282503,101.76864323277509,0.40653157672146034,0.7013596138387403,-180.05255208868724,130.187636962589,10.094105248299126,15.190613865470452,5.727787811460381,8.218812418942774,-1.5864091499965358,9.873819934682833,-0.8208196696025066,6.5137321430549875,-1.844380239664887,4.981814522679215,-2.3478560438074245,1.0957492325385156,0.4211949823059715,1.1906397353216398,0.4918544426844319,3.231380665706234,-1.760438146809245,-1.6116569031189547
jazz.00088.wav,jazz,0.39278256841559156,0.059444562481091485,1874.6834317202317,2249.1034389226224,3876.467711398863,0.06349335786758672,97.4630688997191,0.33339142242089215,0.7095713297218338,-178.30118787582393,133.45672254521477,6.873475578704666,11.036298787008924,7.959542011412602,10.361119386866683,2.6449536089982546,5.531154122412929,-4.390509309913218,8.887840724134897,-0.8738828890083078,7.721703980172861,-2.1577993795466925,3.289546470889425,1.1398945298618965,5.197044238951574,2.3926968680578624,1.1143962406919115,1.8436417129526035,5.327298396430156
jazz.00089.wav,jazz,0.31685683964955397,0.05973023272451893,2018.5495206633532,1782.1997679607648,3820.316773990067,0.06712366534220209,83.26747506812352,0.49028752539828646,0.47436035002809473,-185.95238420027283,136.58199023844202,11.581213596034345,13.087260426367394,5.443466270909735,2.4057098626659856,4.120926393411798,8.749176461160792,-0.1369285600013862,6.062524446413316,0.4797625285790956,4.913295429506417,-6.6221665081936605,10.588996703567569,2.6024024582853533,-0.8548339858644844,-1.0354116914297713,1.2918974295318775,3.2365486995268906,-4.477806805959304
jazz.00090.wav,jazz,0.3050297520671063,0.034787271133249933,1692.9808968343323,1814.9498392447172,3627.892923583949,0.058926884014862256,91.99181286887581,0.44957253534105185,0.6677029353054134,-178.34580497166527,134.46929972852746,8.284784253324432,14.643442553937687,6.503486210205356,3.469660897084455,3.182335791112574,8.927414562004394,0.18645271825718096,5.552059734384975,-8.69835815779724,3.6804402106987824,4.36831613323212,4.038703886704917,-1.9218695160241543,3.050718586770338,1.0643186058840257,3.976460734068393,-0.6866404894738255,3.274758807181051
jazz.00091.wav,jazz,0.3702995240828408,0.09012501598865431,2218.060043171396,1781.781335496691,4186.666327625705,0.056139895401161086,100.82852917392371,0.45859812233904795,0.6525681248069902,-179.73610716757716,137.73138330735551,7.869187305064276,20.00815037864294,0.8462101258179535,15.819074328185152,5.003978404398776,7.730823271016664,-1.2080046337101944,4.478915211626929,-1.4073869207710445,4.854512415353521,2.765678739903745,9.905962301153751,-0.40186023803797677,0.463114536031787,-1.637178121908582,1.4507276461661465,-3.0903663158903267,-1.5368242063221365
jazz.00092.wav,jazz,0.3829138163711908,0.07605227051892509,1583.3733732639307,2046.9886426643884,3187.578856317604,0.051559819281934205,91.57566079148604,0.5323610624692027,0.630764724679154,-187.32512096070747,138.63019779952677,9.080855907512927,9.451775982364783,4.049949536109771,11.56301168981471,3.212147499598908,13.395244937494457,-2.5583035877097915,6.140160360794917,-3.0987078357352655,0.3734213174383312,1.6565821169178645,5.38980870744256,-0.1489646509034419,4.2803705797759335,-2.05641855806526,-1.01708526195458,0.11294211650808082,5.483634207234842
jazz.00093.wav,jazz,0.3682423140636064,0.08590865413614866,1755.8348853536193,1948.5611072919885,3604.05785076388,0.05261084990450858,98.19717902568435,0.2932138545929206,0.6620355600411644,-175.09168466821103,137.46857766835006,7.2306424472904105,14.78271279107315,2.496871064735786,9.81245869546837,5.1233234495736895,9.959023814929711,7.452432242236007,9.577432207522715,-0.3879988567669256,7.031449922399879,-1.6073295225500073,0.6174872587405114,2.9173297348625615,6.026974430794944,-0.7231626437818928,2.821807210794015,3.722817562154419,4.53905427861806
jazz.00094.wav,jazz,0.27610696246250904,0.0748724004297965,1716.4736949023272,2100.3401258449626,3960.8649585739313,0.08777911742267068,89.05684529023834,0.33727107727550093,0.6896672916451657,-181.77493744602734,130.43570105725706,11.597789462842195,13.358344679202082,10.369372310925202,10.88855366196539,2.4807778599249968,6.892268325152729,4.772506001780914,7.075663379669463,-2.2254985544686194,2.617748880183659,-1.2204191636926536,1.067059488535583,2.0866323250368324,-2.4250261620727027,-0.4185420849992124,3.8304006352638034,1.0263582603289714,-0.1518489190470067
jazz.00095.wav,jazz,0.3398077612011965,0.05227921223228185,1745.523068700638,2017.331482956464,3762.0194728225897,0.05787441482870798,107.57995613251491,0.40693556571884276,0.7405746060438885,-175.41269697998027,138.3525616463238,13.360388218993132,15.578039789548416,7.381805362731529,10.640789723692949,-1.6279734033352402,8.908231377515127,0.7690829512153965,7.751188084565458,-1.3839909256401857,2.715633329708448,0.9695182495256813,0.06018313824325627,3.376457407569408,2.3057458163850226,0.7365845161685047,3.675674459844716,1.7720641345325727,-2.2269528998552044
jazz.00096.wav,jazz,0.34472259741632794,0.07606307656752548,1622.9477230882783,1765.0599488297355,3483.081421280104,0.048518874700842624,111.77813912789621,0.5188921060114675,0.7417530317784078,-180.67019524902628,134.4086760361878,12.274197118521904,20.27348069850585,3.2888097812097703,6.647241872130028,6.6429223207858135,2.6385842372466453,-3.0255924247579387,5.259426322467442,-5.681300403415094,8.336447188419795,1.5707158115153002,2.275620318354049,2.838842357533243,7.347877285211479,-0.33951194487019065,0.6479954672959776,6.778806083227435,4.163485466252466
jazz.00097.wav,jazz,0.3276897395890656,0.09727091893279226,1810.3861270006043,1808.9882945345462,3628.0559161706437,0.08357981430979602,82.06251546920629,0.3769575408448623,0.6768873029386038,-181.53560520328054,139.63832568129422,14.244231458079438,14.803412653533146,3.2943820853329977,9.137923377551097,9.993843476004304,13.62327334079973,0.3761729154202149,4.1755393451387715,-0.6488768932562106,5.731480779850294,-4.730076212828062,4.24012380764578,2.9672129744351903,-2.3980700436494207,2.4797518954117446,6.124393910164339,-1.6816720352831045,7.082527274573169
jazz.00098.wav,jazz,0.29928988812654966,0.07882165323720808,1688.645463067274,1844.7406557107313,3383.9453255846843,0.0784786322129303,104.7904436618516,0.3948462240338249,0.6249657530483298,-178.79048950009684,136.2660430782321,9.349854965840718,20.601693861542426,0.3082122052980383,3.3481488692392958,-0.19250469909301282,10.131273602274348,-3.1675339123015225,3.057087244421774,1.853064008534464,6.387643768393249,0.13118272888519944,6.344286758396585,-2.275578859818653,1.8630477778254262,2.4293378176842753,-2.0346603423435985,-6.428159539195639,0.7001474791164368
jazz.00099.wav,jazz,0.3479261986719708,0.07511119397973608,1921.4583008246032,1537.0670241238304,3710.4238829132223,0.07780796756963568,87.19362061911453,0.46896460724372363,0.6214001324963898,-170.78598989518198,128.4682917933098,14.107343103024252,13.817525710421778,0.1485448566798695,8.419134569305024,2.8324377240123977,11.11240000869513,5.165892864396526,10.265679266113029,-3.896146062113483,8.390494076798351,0.17385487136262112,2.0361909372130365,-1.6357317804324432,0.8704720216658282,0.11127702580936752,-0.18897364688236085,-3.0839822196523174,3.437357383348316
metal.00000.wav,metal,0.4488619164477891,0.21624805999816776,3373.5302607871945,2653.1224944308797,6194.028909206061,0.15190733473518545,143.9405953204533,0.9567838183220915,0.7137553089207467,-39.94987784578608,59.51841218758622,-48.66285171299661,55.99403238373348,-23.12774946060148,28.35343842110324,-16.459477846636457,23.992825612771377,-11.33283655759591,10.296776713546043,-7.750116087359577,12.954765739750282,-6.985699548758874,10.817342069279892,-4.42906962380883,11.29379879290674,-8.724639962388203,7.267048884081053,1.5250082941731868,10.249983924893868
metal.00001.wav,metal,0.4555281078332734,0.23073649367911353,3430.9269496804177,3045.2126402892,6254.822004183602,0.12745851335067518,142.83766145900404,1.0,0.7571734133350053,-41.41161741858825,60.761926542522104,-44.625708411367846,56.391926913315395,-20.326253068500854,24.14971451994372,-13.147138004746049,25.667035769403924,-13.151830866190377,15.594609978772894,-8.490221692193936,12.542732025675075,-6.114508760899285,13.304350857292082,-1.3008825996471631,6.5577863325234516,-4.92798547832289,10.704858346774234,-7.265007144177098,0.0878361544632904
metal.00002.wav,metal,0.4367894785869543,0.22992692822140984,2955.5399624092815,2595.842810258318,6033.932687390686,0.12899612140983346,150.5479665648368,0.8555601210401889,0.8512787315464705,-42.716008502544554,60.63413307229635,-42.389465475759685,58.44052433347938,-19.43467975873773,25.47577236059697,-17.22581836126943,24.268263642085017,-4.23818563246407,10.071351806829064,-8.60332338586828,13.2368417944305,-7.848300459717851,13.548565960982373,-7.60019801198094,9.461542980649924,-5.56621571349508,11.658293248864318,-5.029093509106817,4.944378611140452
metal.00003.wav,metal,0.45837067112491464,0.19943922681814272,3113.7500113527144,2371.9438181364117,5919.2232894798235,0.14773196913836203,137.07441992371014,0.9064341654540966,0.8386833948163098,-41.73755842344079,67.46852621964908,-44.353011637541805,61.307049335773506,-16.277103203784403,30.959469187842195,-10.383458128591968,24.73378684911347,-13.57035728950337,19.879444225063814,-7.208401937291164,10.81596087401849,-5.164842914037352,14.336980473170788,-3.6348647172733344,14.467178497654192,-0.7404083263035348,9.569480100206487,-6.078204248223473,5.4608024579696375
metal.00004.wav,metal,0.4321499241925255,0.23393263002435494,3227.4666082544386,2730.5172738392916,6342.12247038201,0.15280685342614103,138.13131019496012,1.0,0.7156340689729269,-35.63377155348391,64.86444341472452,-41.99226055718522,61.09152130287784,-18.961896767267593,31.662763428079565,-12.572837132736664,21.01350752023828,-8.895602608421292,12.74658812926365,-8.015991719978373,14.50790977281683,-3.014947261152332,12.382366544784203,-6.1801773138672065,11.690123335106112,-6.00809871735626,13.254227221246733,-3.2540126924989927,1.3811229173821182
metal.00005.wav,metal,0.39415949595950345,0.22087287273759176,3127.9650542652107,3054.538203291197,5936.52523183502,0.14259193298955894,136.52462874334356,0.9105876117429277,0.8961659592910053,-43.40900866946797,66.7611272722035,-43.821277922956824,59.927485720925375,-18.44169013042479,26.519938854170135,-10.031032476589328,27.77453648537056,-11.85868590672206,23.269318391840663,-9.19708379464976,13.20129598156884,-1.70433280867646,9.622986619331272,-9.144647176638315,4.164848803143438,2.182479691707977,6.412926048083667,-3.5572102902554956,2.661707765036837
metal.00006.wav,metal,0.4584501783798757,0.2043688028155083,3001.747394467736,2753.913675494909,5927.58392546405,0.1393212659572866,156.21767671602615,0.984260351801349,0.8923434023065161,-39.355405871608404,63.83259471207031,-39.01154304073522,57.563528608397796,-19.36722151410821,30.34507669902842,-11.973712478600595,25.30952181638092,-12.096056413461213,16.87199947933915,-7.014395738258155,5.183575033288179,-10.766968807433326,9.184808927834087,-6.684796029130607,5.402152734107603,-1.7512522858791102,8.006355263052418,-3.6440836421605116,2.23153417647784
metal.00007.wav,metal,0.42866365407265633,0.16746630488002776,3067.4087378388317,2711.373060385396,6384.670244512525,0.11853847354781079,146.7985338935318,0.8666854984108365,0.8098710104861275,-37.84620584253201,71.04234117007923,-44.84592372359196,57.548713624079305,-19.433988657470003,32.817087472497434,-13.137007302381793,30.229338617391235,-14.146012707284001,16.756694439757894,-3.3532461397453908,16.458477711055597,-11.850233779573141,10.989927139880056,-0.5464377024539013,17.671928971197413,-1.8886123487475448,6.8964101189105484,-6.0276094573121695,12.656230072592548
metal.00008.wav,metal,0.45186224759397275,0.20303866146229166,3059.368726733244,2755.833573029167,6490.332328860841,0.12850572013681313,140.08647665499606,0.8177652350101632,0.8773124019364743,-41.02485540031095,66.39896494754987,-40.73322447427102,60.659610427121834,-20.338911427847204,30.581764430651802,-14.81041918844932,25.738494993633836,-11.06748480738363,14.366796941263262,-4.856452829330749,15.691453069075056,-10.014991880461391,15.598351654304317,-3.9058646803745436,9.849809850439796,-0.9801261052104557,6.299070826987164,-0.13750645742722822,4.869673590786434
metal.00009.wav,metal,0.38575147960868983,0.2000448744178613,3213.4043665806453,2529.8156988009614,6863.526643116377,0.15983925180159464,155.6675133282637,0.9599822863741929,0.8966462558457368,-43.58113556273283,67.98735053047247,-43.86049963488875,61.70191687587678,-14.935064565641355,28.18211104815747,-15.378424649631954,22.980012764626505,-14.80630621637612,15.43720353616948,-6.521150568599092,11.023736185881507,-2.0730317708126638,6.467226314549018,-1.6316862792999745,10.983556424448015,-5.7064857626697725,5.226774295310006,-9.240847851727356,3.614474962758498
metal.00010.wav,metal,0.46141529965008987,0.2188782854744265,3332.5961760783684,2588.4232072875807,6547.487156037297,0.13123752096873367,137.2753999503213,0.9414298226263459,0.7815344242477049,-44.628466447111634,64.45305589784903,-44.68069375070613,63.8050758344882,-17.18958296860082,33.6598295976985,-12.838927504819475,22.997838276849926,-15.686834719415678,16.449616593805825,-6.209618668007558,16.372313848111308,-3.941134374804559,14.721150303816266,-8.095993674095716,8.020747121555715,-2.7119478590161874,11.482858072227684,-3.4356859375167588,5.75266212255254
metal.00011.wav,metal,0.4506142091800894,0.19748258345709752,3421.480909964686,2541.7555032406167,5628.493701754244,0.1421510051278387,158.58766961900452,0.9969162504266887,0.9322582882214485,-39.875842713078654,64.54286750818648,-49.63472810877935,53.22184122628744,-19.41118298467741,33.93764758302068,-13.967598885515804,23.87079858115604,-7.248847363081381,16.986300554323176,-8.367965300922858,9.544425583049804,0.06663768891625743,12.579643337461041,-7.830805147757992,5.48649699659629,-0.24080881921326203,4.887674910775024,2.561502472506663,-2.269388391272134
metal.00012.wav,metal,0.47267785593369926,0.22973789622323929,3123.718884611375,2668.417481692483,6961.75544700791,0.15260588287601803,137.77437112883638,0.8124872035176894,0.8255187523905018,-40.00321340061224,60.44039588787347,-45.166180576447005,58.2781961007774,-19.972129795079915,32.17777083494521,-10.522170157607894,24.72666710910786,-14.164322249490617,17.10674538648758,-7.810678635523928,8.003613136107298,-4.8053016459231825,16.57001701375314,-4.902720187438988,4.217451960823798,-3.909193986674143,4.3588634030802496,-0.40918347934113664,7.574594975175387
metal.00013.wav,metal,0.4248726983957577,0.21337671468288358,3057.5531396768906,2701.4894089816175,6029.71774253046,0.12118370378497843,154.1095915735572,0.9191679218802433,0.8862631236092967,-39.14415414649752,65.96606143896564,-48.521453991295274,54.972479506344456,-21.766077574075975,31.18713459725086,-17.18384960242294,20.9352359389023,-5.618107758751295,10.463728345586393,-10.265101987731496,17.689812205721786,-6.13379601598567,8.882044503503268,-1.4936932489666397,9.165691309443334,-5.044925185132018,8.577106781112533,-4.974326428148299,2.9475268113357647
metal.00014.wav,metal,0.42659209217095756,0.19978006079847985,3102.138662359296,2763.793182145381,6598.571159618064,0.1589188747827524,141.754107986942,0.9899531686351255,0.8562040772613502,-39.01654385255205,63.56162176714862,-48.08420343739233,61.50600566719968,-25.12058768657915,29.196481702295067,-22.660893046945795,17.99079272992521,-14.631401815342274,19.29017262288785,-5.9356759267871935,10.338195948473274,-3.8118906146107476,13.66286889014119,-5.481994545124165,4.846865567358929,-4.623736930198342,7.706322784483591,-6.697363172490678,7.1011403787899035
metal.00015.wav,metal,0.43839435562907064,0.22890085399788374,3155.784619433489,2831.3717463206967,6237.235190244439,0.1450267766105643,141.81807772603574,0.9032400627502439,0.8987302730107377,-46.13130610457949,67.6302799674628,-46.86162262633698,57.74988546707064,-19.21526754780378,25.53117116294699,-17.448069215838608,19.452581060461025,-12.664194774555284,13.587586935517933,-3.1966439430821936,17.391049549493864,-12.06598056824419,12.63296811429721,-2.424009682767276,10.628955607173316,-5.974340479275083,7.267713313524376,-5.2448239643330865,4.739207906523514
metal.00016.wav,metal,0.3937010491399847,0.217704223567309,2799.439657738986,2663.9757802389354,5862.996408815083,0.14510224542687106,139.56464351245688,0.973246427829963,0.8774464495899523,-35.23165919168588,57.41598623293853,-47.50258228162135,59.09074176866396,-18.61901654485555,25.048936487536412,-17.946277220400646,22.39107160797133,-11.745335275419999,17.13285521926028,-6.668972819335652,13.015783299347587,-5.419034050105522,11.167219319979104,-3.0057107308269124,2.282032000307325,0.6330004609137037,1.3865538473590284,-6.237485450713477,5.319717610049565
metal.00017.wav,metal,0.4501783867326953,0.16009466218400767,3094.3751352116333,2842.6311070948323,6648.081340609967,0.1315400551225381,142.59331770435975,0.9007081496885897,0.8150912087150447,-43.095479652185304,62.33224351258725,-43.696869233914896,60.394846119818226,-18.52524047722858,30.64204316910251,-12.886984196557213,24.634641994464985,-17.22514985959831,13.437071048756913,-8.694127872470117,11.931967423537976,-8.0102717214541,13.736071012964917,0.9398451048717957,9.558485866745203,-3.746976903405366,10.548368765312993,-8.597519265610309,6.085406821315232
metal.00018.wav,metal,0.4593710747640255,0.20713692005597778,2854.687884019607,2666.55499018204,6278.760098379328,0.12837021577126811,161.7692902084076,0.9117042895193643,0.8489518707102,-40.280863957211835,67.72358191311348,-44.94775725300531,61.45678176013201,-22.61453178299947,34.463065339210544,-13.31486691624467,25.14310470663283,-10.904518102574492,18.47465211318635,-10.619157679031682,10.525768749931313,-1.9605582133319102,15.679225841851892,-8.44119679915723,9.749208203591436,-5.2928314014556825,5.908905591905415,-2.14548091393365,9.422888797096224
metal.00019.wav,metal,0.4435498741985258,0.2136097510016193,3202.972235987032,2635.204288755438,6444.2400052557105,0.16294698550683598,128.38272272559337,1.0,0.7044824641424517,-36.31501686836661,63.08892317038142,-48.65301413281945,62.08580768126624,-18.907489810572766,27.002439291115024,-18.758999271505182,21.437555537526155,-15.61226085051359,12.815581081229118,-7.653137628735699,9.10238509723471,-4.720382129920371,15.47043078765043,-5.445666244701747,9.390453185956753,2.054290198506461,4.437196647867959,0.5737055855422257,9.212572793737447
metal.00020.wav,metal,0.45562952017521346,0.24583495701465263,3156.114993191724,2595.0726907921317,6683.100651927199,0.1589926331756934,153.84251121194632,0.9535601665855389,0.8410996913641323,-39.42591323766516,67.82669005270351,-41.9269446304201,58.71097161877621,-19.05388131161783,26.07366508654213,-12.045149690982447,19.65007372982481,-9.644233921285359,12.552086267829514,-4.9057522806979765,12.965505570068311,-8.34407308685084,13.074069143241577,-6.771085075415992,11.248665112335384,-4.822334426142165,2.836858623111011,-5.947248721442811,4.708755873938147
metal.00021.wav,metal,0.47104567071245734,0.2380228726105845,3424.7722824644284,2997.6543388853743,6112.83721839318,0.13917269710361754,141.70976060535568,0.8962791515759139,0.7393368668032607,-40.04424315405053,61.14330321886667,-45.10251564460298,66.34731242868895,-21.528035288992125,30.5843220168842,-12.28005484257215,22.84087387589772,-11.122547436173113,14.91279269893576,-8.695633925183698,9.119968433436515,-3.4618649733317772,5.775525030157713,-2.0867349848533934,4.7889048457642724,-1.1121781777700432,6.938547421363457,-6.695606064399241,7.737895935238909
metal.00022.wav,metal,0.45786302605227325,0.21123842703792928,3244.1221097357866,2288.684790959517,5837.79129858869,0.16138613395703091,143.21064580641666,0.8010229338840922,0.8020966127519629,-42.770201417575244,64.50211480558123,-46.112252951422946,60.53679518681448,-20.208398154837724,34.07921776511105,-13.726354200840992,23.373014833580758,-8.504528628316436,14.833693748711255,-11.785632330075455,15.620910973896748,-5.592474755675663,11.418053623696785,-6.899989764590709,7.149434000689268,-1.4598329836874693,10.953967394412832,-0.6485297827600247,8.378884816336425
metal.00023.wav,metal,0.4470708861177928,0.22263045460156314,3064.924063135804,2917.8582929894797,6169.197695328348,0.14754968820821118,138.56789601636603,0.897256077051964,0.8078218816685111,-42.41181513018149,67.3935554764349,-49.04410275463509,60.29768887014322,-19.602475709473456,24.567601265040956,-16.323071461570827,22.767098614144427,-10.713816020117795,15.387078374199502,-5.969335386557853,11.672051228291878,-5.95904126377483,11.754961606959661,-2.2190011137974937,6.972845992753404,-5.460465617554893,5.993310524812356,-3.9965931484258,10.278702774239294
metal.00024.wav,metal,0.44718175957989464,0.19737820509662315,2979.9106068822653,2767.0981003697525,5982.72227667353,0.13111989938777863,155.75967732939318,0.900929949722145,0.9318321307866937,-36.234030431407184,62.79961372649311,-47.669887669671425,59.171603740556506,-23.265883162020874,30.363101635508226,-15.61695573556016,23.081740047658904,-7.809169631301536,18.452454942310958,-6.532280673762932,6.101854761096246,-4.669872053692874,16.167882982113646,-14.03156754894055,11.068147628926877,-4.4780757242693925,5.450614990931166,-0.5966142482641397,11.129117701821992
metal.00025.wav,metal,0.4532569218651326,0.21257616097476947,2911.3060351183685,2726.032974082118,6605.609252333556,0.13619420460649406,142.67693606679362,1.0,0.8889711075484623,-36.5496139648191,60.619142281823564,-47.121566037880385,60.224044918362715,-23.003412673655447,34.80119189666788,-10.769063080228065,20.39936398784784,-6.648244180177546,15.987243709840174,-0.23183084783285324,12.434058391575109,-4.271421749014734,15.199710323508675,-1.1670999505765725,10.53219619840768,-4.423420958331508,9.542398099979359,-5.448552515628345,6.456401156592348
metal.00026.wav,metal,0.3967207740250601,0.18438236719839396,3110.0853528278885,2927.210020320901,6624.031624558621,0.14077131556411587,158.97591758540398,0.9044750887322741,0.8002680578553638,-46.546303882602885,61.45642717821285,-42.55012577021331,58.09559194959784,-18.617124074428094,34.93885015075193,-18.300290887733418,23.43549919538767,-10.383110782032833,13.41778603458069,-3.937367224264751,11.13687883335157,-7.151258942739028,17.33483965525392,-3.4316997728998455,11.775871649056494,0.06467879456551628,6.048578001622349,0.7494632911610375,4.49431765500699
metal.00027.wav,metal,0.4136612983198511,0.21456000055383728,2975.587033011009,2847.9881578782893,6393.523729300769,0.1346316337807433,150.39604026523858,0.9279854050090923,0.8475816324764107,-39.85394834529537,66.39038106699866,-43.83045705186774,58.91025245324151,-17.458666377681794,29.33281754676103,-16.964953465826156,17.595935053697946,-9.050464557002936,16.037170228582024,-7.367382924468456,15.137408747098547,-7.432218694793448,6.876802254577615,-4.790657893354345,9.923884656240887,-4.788547198481118,12.421212734228508,-10.458499703164069,9.360169913699348
metal.00028.wav,metal,0.45373460951092676,0.22913541555400918,2432.8196901061806,2931.0999809886484,5940.74806127744,0.1343846203242492,143.63525868167946,0.982593442772158,0.8706036221659254,-37.32147833704211,67.44756053023555,-44.241218387360625,61.24776797717277,-23.27226114746674,27.746919579542933,-12.313619328975504,24.511628460186046,-9.828601750666737,14.456749715030417,-5.268523604168912,8.516266642558925,-2.767920570413181,10.217387596262329,0.05251121902189748,4.435673723803545,1.2902121377555655,6.915607012509614,-4.1384377680352324,6.58451645695679
metal.00029.wav,metal,0.4090876326159791,0.21855341997395386,2952.474746945829,2573.8085644237462,6470.4100826052,0.12847651757044726,138.85444611995615,0.8401767000202872,0.7955076389517685,-36.065193910828235,62.462199079691096,-47.194899795561724,60.58176583944461,-21.11238930139858,36.68446330004895,-15.48758389402877,23.005655038652115,-9.168693645602033,18.773733597588553,-7.300137255327862,11.516617539941997,0.07208560913777085,10.7007191740572,-6.325070313285442,7.062453035117945,-9.180409608120268,10.46484725671149,-10.04420519130248,5.982831477285238
metal.00030.wav,metal,0.42385418097185845,0.26479930384462896,2733.6697542572747,2537.8014083428156,6252.366239461423,0.13903705993796248,140.60364327351965,0.9435209672478265,0.7642855258322115,-38.92842136301518,58.03554397376726,-45.07730806763177,58.19892991720928,-16.95113617173009,35.26593321189991,-15.993156506251074,26.172177787424292,-12.948348841891232,13.10162043061273,-2.762289103443141,13.56232933420202,-5.986684432170557,13.061532425295946,-4.177354894609498,8.792341776175446,-7.97930448192399,7.1883897885162,-1.1302337296245817,5.631685722939569
metal.00031.wav,metal,0.4570697728339116,0.22767310047733577,2924.3727363829184,2462.549047590218,6244.987525024441,0.13413657327843118,147.6905744769735,0.8925489872989816,0.8230700380009067,-36.84079084721526,65.4446089058837,-47.108181196281876,60.05292542620506,-15.863266270994952,30.881360064824168,-13.221147571724611,19.743296390417672,-8.920741868596199,22.954306781391406,-10.374402927538561,8.454318076884032,-5.473373268494555,13.626515149533232,-5.274169016150784,5.840380811872012,-4.3257524853411695,9.794276818332364,-4.221095480838178,7.821765053264765
metal.00032.wav,metal,0.4649413235571973,0.22480461251540895,3094.4104457443414,2849.2819065407307,6000.36471039697,0.12767935249460616,142.86742172056813,0.9106496436148426,0.7955857326876068,-34.50859457500368,71.51597962848288,-46.061115126766744,60.27515684924509,-20.563528460191375,33.32249772035447,-11.083063314479858,16.66820860393106,-10.571967599803124,12.079535976516555,-2.725183526374165,13.320744090631194,-8.470048615087908,10.276035836186441,-5.866931774798475,10.575338828657447,-0.8742621874675653,4.5553781240848705,2.516263502736342,10.81707032346253
metal.00033.wav,metal,0.40374029297226866,0.2214560358872462,3442.161708822863,2921.925345601947,6182.139939483237,0.1542150972185181,168.9775863337531,0.9584127985480969,0.9020335361795732,-39.4827404437258,65.73965628649195,-46.573610217000294,61.32487520344265,-23.763203179182504,28.003398398973964,-12.725265671535606,16.735387445373245,-9.29049722401567,9.96405590288289,-13.193973736628944,10.503063770832345,-5.139408471541949,14.975790809382165,-4.827131710521213,8.26033917727203,-2.2612562560455878,5.387303538596197,-2.581754521960781,2.4016612261339203
metal.00034.wav,metal,0.4324777155062624,0.21740327348301194,2939.1464157101163,2729.707314576793,6355.492378605875,0.15963181018508701,132.15493277549768,0.9439160873842366,0.7575678779229423,-37.390713825471124,67.2617361955764,-43.47636046479413,57.88850022579161,-17.343588251179714,25.409607213770006,-20.205932110778313,18.17238700029423,-12.100424430980718,18.02549320296488,-16.92809742202857,15.968228495639359,-5.606663411464697,6.296682957230675,-4.697159089131257,12.27757624403526,-2.2016769540812233,11.297219187661899,-7.098739888191333,4.757984294584786
metal.00035.wav,metal,0.402259233084294,0.25435160410088636,3227.872568697326,3212.4617260123755,6136.33666330397,0.13112988682476542,143.8573868912388,1.0,0.8211592163733781,-39.626687206279165,65.29007210866045,-44.88150971639343,58.042804618612564,-20.4118732037311,29.459692195945927,-15.022693979023947,24.830550454458127,-6.718115896126522,13.47869571199088,-9.175980874363145,9.52496430478144,-5.438695388333182,9.38495162746707,-4.280609498774034,12.310880731334361,-11.577495057413826,9.475339668802073,-4.380561146693637,7.381266803953167
metal.00036.wav,metal,0.403105916867494,0.2439252197661375,3282.656123608057,2802.3033867376757,6577.629001233535,0.13081569299241738,140.04300996248568,1.0,0.7867748302208907,-35.66309486002574,64.02922678615691,-43.494316830418136,66.29774855776527,-22.11867006220423,30.206285252534347,-11.837450506088079,24.853832166629594,-12.983445930718075,14.449808687434437,-8.699407797635155,16.343573298454093,-6.83731756907984,11.234347077450394,-6.2803594127702755,11.11664569438796,-3.533424887249031,4.989698567725313,-5.906472342104983,0.004183300333479245
metal.00037.wav,metal,0.4050603577262315,0.23587891607264344,3364.7521076024536,2823.400505379093,6494.121270224238,0.14010210925707026,151.1993164393119,0.9729022578465507,0.95,-40.295335942530244,69.0290242512084,-42.37765775454642,62.20632985861248,-26.03447397638546,32.787568684643134,-15.382523936727459,20.668220516695325,-16.44873912353374,15.98323859809545,-7.899345209545272,8.090994234555586,-10.419840518681076,12.459858440384334,-2.384884606815869,9.570848729767265,-0.5474960509469113,7.740845046945505,-3.163053823200607,3.248915913777629
metal.00038.wav,metal,0.3831927406733885,0.2570932426771917,3326.2598100499495,2449.347737915074,6354.513167740948,0.14049930533344498,142.80806021469564,0.9172785721748048,0.8545936831535077,-37.54547342358558,66.20717350708462,-45.361555123137585,59.52831984932664,-17.189557049232,31.390334814348186,-14.7819316108937,21.892296107199677,-10.964188471163133,14.594953934321651,-5.535383548075369,8.7724243144864,-7.234369529299446,12.833318286338072,-8.39864844006282,4.2809743720514986,-3.81076697371228,2.9106255366605875,-6.896410662155584,8.269782355519297
metal.00039.wav,metal,0.4238564422718279,0.2457097389941797,2859.037131812509,2683.088574186189,6439.854593622716,0.12444227604806635,153.254095235997,0.9908543106532831,0.7942385028006169,-40.1132253886258,66.1578702087759,-46.770170020584175,55.56040528347356,-19.16462363165777,36.63372885084768,-16.16095229747307,26.707723543854126,-14.256866465284405,16.646636905029855,-5.685432407371642,11.974759002085905,-6.893206946643693,13.178382564051121,0.6743653458076624,9.901760773917394,-5.5481805295910425,7.430745328220951,4.559122936936124,6.404721349014384
metal.00040.wav,metal,0.4121675890426608,0.1970986416703492,2734.819781177479,2765.4451692923144,6529.124697488576,0.13604955730052187,144.88023665575236,0.85636306325691,0.8499473107004464,-38.555514038298625,63.39450719849709,-39.92864199124248,57.48868101975926,-19.149570187943052,32.54495165911381,-15.231868500448147,21.434569543316528,-16.286598451348986,20.072024487148852,-8.509679605002788,13.612096274804475,-3.9818385364195774,9.11510452394674,-5.5925858128736445,13.003447052230511,-7.351592997221335,14.383754224271769,-5.234618355828822,2.4614476300784647
metal.00041.wav,metal,0.43396927062065604,0.2641669652867974,2717.806812881559,2674.6171706718555,6466.692756039794,0.14250474937803295,148.05537336002408,0.892557353426218,0.8252215578035212,-40.4452679414776,61.610335736291745,-45.13405920432057,58.8337641189855,-21.410135555464606,30.961519237795912,-20.46197847959791,21.31272968985054,-5.047938703155417,12.741670941023125,-4.14349851054676,12.163968362738096,-7.808873426644254,7.038075021410581,-4.580954104144304,13.360191317444029,-5.167633435590291,7.75711572578968,0.031112550570995712,7.022612374038843
metal.00042.wav,metal,0.38283172660826265,0.22197774431710368,3402.4469821331195,2693.3505864358503,5340.478699682918,0.1478232248738661,143.41234848364772,0.8036724468863026,0.7538359023109897,-37.07467857013357,62.80285176321476,-47.722489142207976,59.893084317204995,-21.932608994959818,30.300145883333236,-15.608160088310012,18.40001325971907,-13.533593395684154,17.328259963927312,-7.874245879284123,11.754172552824507,-0.18784727646184685,13.193112576156606,-2.4426762055359723,8.502094776615225,-3.3395644289461752,6.706700031422922,-0.6673507034276152,5.66880028770287
metal.00043.wav,metal,0.4366713324679167,0.22321222604310337,3096.366623718909,3228.873852088039,6066.683252876847,0.1318643270476196,150.55277397449404,0.9023864800739856,0.850002584336908,-43.25923286006685,66.47467375820776,-43.48722826654755,59.054423820229665,-17.855549934559782,24.425624958799226,-17.120560204543033,21.490062441367208,-15.516847490708859,10.753860887743834,-8.923687895115341,14.082060261182226,-2.1536748257204636,9.358136350383882,-2.8003524871352194,10.909626114227002,-0.34417547699651063,6.949426908937995,-8.395501485554021,6.210557557268234
metal.00044.wav,metal,0.3995861877709083,0.20552989781875985,3039.7561711893636,2638.993026357154,6349.545743413528,0.15254734474629425,142.05811533379227,0.9816558005286403,0.8334587329982464,-37.19351681236466,64.43422444668106,-45.23678002732367,58.87679865600328,-20.486745619875485,27.649535614962378,-17.64779185843054,24.327296155848174,-15.249605049553804,15.04264573090629,-4.953971641187011,10.941897614989179,-3.5137786389432755,9.226862837819475,-8.153490819050582,4.215522435297538,-0.06182779218201606,4.589386455096753,-0.7584402296247204,3.000158919619853
metal.00045.wav,metal,0.4695215175381946,0.26413565449230203,2762.6939880619325,2504.7438418514134,6570.596152331129,0.1496956438504872,151.21537483808154,0.9040995559676499,0.95,-39.64585159993068,61.349112269469444,-45.759445500128834,56.3892993113135,-15.227175924337685,28.019006211599653,-13.522549545766132,20.58798056505346,-13.84616192928754,10.269237456156848,-6.205476191028298,15.89754375788755,-8.747902744095455,6.364312655003986,-2.5900518717865126,4.061275952681247,-0.3414011921552236,5.286814631136139,-6.309878228473879,6.745387263393875
metal.00046.wav,metal,0.39885582144965687,0.20585777837413582,3170.7963865342012,2262.7597793100035,6874.846736074913,0.14265460198698607,134.65627190077177,0.8686203704570526,0.8545433385409341,-38.19684119477769,69.16034197185563,-47.04822853441271,60.88975151145241,-18.72029626464897,32.085802500756714,-11.618156629703792,19.84820828246696,-12.342510803281442,14.169550763259565,-8.157835620069127,14.095298346188926,-10.962106500782106,14.328114708377857,-8.41754637279125,8.077889040908305,-0.26817422510162636,8.984029153950216,-1.9814101552090204,2.458121864114668
metal.00047.wav,metal,0.39867742192528477,0.23882512793337837,2982.171290903122,2610.9158628060272,6637.382937869149,0.12625129681945707,147.15388106309007,0.9534325860934153,0.8516927676934256,-41.55530689563251,63.26043445561002,-48.2350924913846,61.44799507812392,-22.00444757455021,32.906233863501754,-15.673665124771958,18.824648531736887,-12.713441646445261,14.767428402590577,-4.972689764815842,10.892999432245404,-6.828631143600978,15.234640116477307,-3.475198035609953,13.98811804801049,-0.22286498780828534,5.338512234911436,-0.030147436799676797,10.575909876223776
metal.00048.wav,metal,0.4759843939697026,0.23976191967153376,3293.504598981835,2645.521012138401,6006.916270477649,0.13671674021653812,131.6816879885379,1.0,0.7796416819861315,-36.12600781280512,61.3055012683352,-41.752125236993365,58.51535802546204,-23.853108224927524,34.881354156479276,-11.678064991977678,22.63537726055735,-11.89818634459511,17.318530056457355,-7.416114266247767,9.623172137485586,-7.236156809354766,16.88215349611611,3.0164702278840423,13.68800551569205,-2.5653281795121297,6.986752901894195,-5.394557681690898,3.8031527687093925
metal.00049.wav,metal,0.4134019702393972,0.2630232808285154,3461.2564592765198,2834.330110188371,5963.785388255511,0.15539583890066552,143.09106377191515,0.7777592449084703,0.8509465210147447,-42.525739122502166,62.57583971272989,-45.751223980704026,58.50503108117276,-20.102770457312023,29.753008349948384,-20.627427278542896,26.5608339666485,-14.950130168846039,13.14280484460858,-8.985659755370893,11.674995457892118,-1.6230605495044834,11.808270356164703,-3.300603547671397,9.823608562749845,-3.305615252503681,8.929188509261026,-8.798202427706816,5.250244545481414
metal.00050.wav,metal,0.4648678333171347,0.29884662021613373,2859.138213492098,2776.1543928583833,6100.1336977439805,0.17271477855845274,134.16973791366814,0.9999951592252704,0.7327759622010459,-40.955700004182496,64.89706000775057,-41.790924954781175,56.76849952152442,-18.009850853457845,30.056333170163843,-14.18161984114206,24.874998144055425,-15.847670079015863,18.431784919445775,-9.706714559268274,15.287620364930477,-4.996327096386359,10.371414855448833,-6.770077907272464,11.469884983065992,-0.21714494355721747,6.401445377419446,-6.399019697344191,8.082633128835678
metal.00051.wav,metal,0.38654407173898897,0.19388975124834057,2887.45994489442,2625.218913053025,5832.283838774594,0.11291800135927632,135.91644644530302,1.0,0.7461094705635479,-41.02080903386251,70.84009538709668,-45.14752239008127,61.02759296918878,-22.83812005475466,36.490424561100426,-16.623883467415286,21.31568594664545,-8.048823966097906,15.454797265439144,-7.856333651974355,11.154935037632612,-6.824497134171682,12.111506032484275,-3.3411704324056832,7.070254706362299,-6.298241368440789,6.172591733427311,-7.203762042599305,1.2287092244421078
metal.00052.wav,metal,0.43891501441674724,0.23877191606350223,3274.2090586290433,2271.2415708354015,6214.227219534859,0.1254686206661116,146.14989950256685,0.9165741184952495,0.8776577184468551,-40.057459271204024,59.31199431524633,-47.901257618398624,60.01735534447996,-19.72966871230674,25.782969576887993,-19.609379110638365,22.16873601271954,-16.21100191815158,10.994111720497642,-9.335421537894025,10.534661725984048,-8.635201432017904,8.888789129825112,-4.958492830332816,6.8395112889605425,-3.7879089350054818,6.858594391647997,-2.4970495338400327,8.634616696309935
metal.00053.wav,metal,0.45517743536171784,0.24576420942132166,3267.629379379432,2742.9403556775246,6148.29892682595,0.13618358615775664,137.97778154851352,0.9503623432841246,0.8522860547425224,-42.177002808649064,64.88834642400867,-47.03208668616531,60.628062990562846,-21.64815015184985,27.781468286117843,-17.039900084796077,23.5099863215367,-12.290248215991065,14.714734809999893,-7.215786492358368,10.756451347597048,-2.62044631894289,8.07840153892023,-5.560914538451845,4.785704334998997,-5.040623175670282,2.9610935068801103,-0.7610504323226213,8.299511301016736
metal.00054.wav,metal,0.4535251052117343,0.22057744960348935,2924.025919057982,2555.938686233529,6835.5602193271825,0.16353515655699694,145.98044125560617,0.9087492772735738,0.9158578258434484,-42.08350948415443,65.68654762428773,-40.94412808380463,57.49098450100612,-17.512329243088665,31.561682387531608,-15.118549626694683,19.019699202600652,-14.173319280309828,16.868353218551977,-12.27001038464416,12.39223157705475,-4.37684704781501,13.955660518427301,-9.195071223380667,12.94874189148382,1.086090482539806,9.230454703140783,-6.114145744273982,5.015672134919277
metal.00055.wav,metal,0.4285720826464448,0.22540927017461113,3104.3963105287203,2750.609725721031,6268.238634931307,0.14597660641768365,141.3158126307095,0.9229450626414025,0.8011330388413272,-34.248221396487786,69.39170235852296,-43.33411742995915,63.97592699180321,-17.604615983066353,30.543813478542166,-19.516714023059052,21.21350823962458,-13.005113676055055,12.60077448072353,-12.458486823819849,13.478158039701075,-5.0264870328875615,7.497809059797164,-7.237635519308569,12.48366681946249,-6.6330895405496815,8.512396711801408,-3.569334898703943,7.519090413186189
metal.00056.wav,metal,0.4043167704203071,0.22180166955080213,3133.7445154691754,2741.4325451212594,6327.675850286914,0.14716913980891164,162.5341626564065,1.0,0.8775423029221882,-46.954728941057496,66.78648590216592,-44.4412426202962,63.18312557755074,-19.145342300854047,30.175811818577156,-11.61328021236833,25.806341765241527,-16.159680176342995,13.55018143858125,-8.316778877866035,12.295312871773751,-6.677949610056746,12.302621533585658,-2.0116856320486995,14.168129132162184,-2.2632609286813015,5.442998964640671,-3.442128675593455,5.773943276221329
metal.00057.wav,metal,0.44543920719943475,0.22776336066867886,3510.079330222302,2616.9276356541163,6434.662686818381,0.17732067096616136,140.3183448247712,0.9616118956936284,0.7789497680366912,-39.753739301117704,62.65934855558707,-41.85959728952596,60.44195657709419,-22.80619177994688,32.52170309337502,-14.461001883385238,24.858456331670364,-15.442987883843246,17.106473236745984,-5.6799749160658735,10.72986752929279,-9.777008180904453,10.875177513888818,-1.3156541186572142,12.37779099190217,-5.28528530426673,4.150743690870672,-4.2935391610487175,4.594567047804263
metal.00058.wav,metal,0.4433934034991433,0.21789996994191757,2949.3471576525717,2898.76735210692,6349.149053605692,0.1485312347909641,131.20011652694987,0.7560588103442171,0.7201231479038417,-41.44163027682033,66.72906805284143,-52.026740611221896,64.77855619311596,-19.488301919689622,34.08088497884973,-17.657910247422386,23.511579802517474,-11.744412210087637,18.45305893916366,-8.701374102799152,13.419645627022765,-2.6934140436863996,9.046471118324675,-4.273267302531051,3.336413288332955,-1.8924909428099266,13.863987630387468,-6.733308143246086,5.725856218716171
metal.00059.wav,metal,0.4564144390274234,0.22062834946933102,3133.0199102986453,2629.620100525745,6150.14671141923,0.14069958769621932,145.33337137711484,0.8554846990738152,0.8416990433668792,-35.29439818387202,63.742598619233284,-48.71176494862388,59.54575179604072,-22.14383843637289,25.984974524034183,-14.582494614802137,19.869153888546766,-13.874142500559826,16.460282141156167,-12.599523786087005,6.775291049246626,-3.9873834164942052,5.207499197827751,-7.930033085922064,3.600481393834688,-5.458409400546497,9.284176242953496,-2.66298615380287,13.175620168371852
metal.00060.wav,metal,0.46260746853367,0.20137684299686798,2860.5889990347177,3187.2038293755904,6671.900202006676,0.15084054410904357,145.59881449772493,0.9718817253980013,0.7718918905923473,-39.528882489409696,65.21369419237705,-47.71241652930444,58.38442063929456,-15.454470819669332,29.624475239115412,-8.786486092400668,16.77796169053785,-13.566390558677243,11.358164346259244,-11.628267361675503,9.51538288302211,-5.054071119688227,11.800478513241162,-7.0378709588828166,2.316601327990254,0.4330786190964586,7.142705851890931,-6.348870510903417,6.8247923432102615
metal.00061.wav,metal,0.43613335511569523,0.21354647070000068,3129.706203128301,2492.0946287265565,6565.969495111769,0.12704699357864693,140.15544275757256,1.0,0.8857808585914089,-35.24267629586098,68.16739471539971,-45.972216551405346,55.37690079269861,-15.784833243191319,34.112087966714924,-17.015928460060486,24.76356711347368,-12.996533381792215,20.503830650535185,-9.544593987211346,17.935953862645512,-3.641638357205263,16.39263453405796,-6.391391808949638,10.21508881333258,-6.9078375950330955,10.53196775635759,-0.30287540148862657,13.19107175460356
metal.00062.wav,metal,0.44446119391658945,0.23448188405012188,3005.8339246992437,2797.4482870743427,6167.038076959346,0.14373791138262998,146.39612529236635,0.9218156101320664,0.8521327246734733,-41.12588550914026,63.86080662489848,-41.77000604549318,60.526240925479236,-18.958801183399167,25.628085693043392,-13.729625004508831,23.591270391925715,-13.195015868066259,22.255089028782074,-14.867681792552196,14.35310140731164,-3.8615855851354137,12.624748795998237,-4.471361883084131,10.652037967875113,-1.3954735613323184,5.822337248504018,-2.102413133459731,5.450049473930088
metal.00063.wav,metal,0.39718694799323473,0.2343433994922658,2987.1279150631935,2430.3854385396958,6111.311268754423,0.13001651652860302,153.2278320735209,0.9622554512446462,0.9437235075602004,-41.999668693699135,67.6225096156895,-36.48113125557626,61.06809740138142,-17.41505341303054,32.08055299267622,-19.26622598227748,23.75745189240235,-11.080631038051294,15.220757849805072,-10.652109122614641,14.081949720981111,-8.917211218831863,17.400936814045693,-4.657492749535615,5.3300788566404895,-5.541988834985016,7.1655969851305485,4.2371299617715374,3.346233159571511
metal.00064.wav,metal,0.4265134821024584,0.20924343260269956,3199.851697116333,2606.060985533092,5901.330166851101,0.139070581303057,142.60484925334205,0.9026204497900788,0.8078276667551769,-36.44591260635699,64.0407793571975,-48.402382987435296,58.613652108600434,-19.83699302160382,25.991191090345936,-10.122066119980804,24.602738432518816,-7.709481769143662,17.176384376463048,-14.281092350390301,16.606001149915542,-8.590705079129677,8.653439767993703,-4.531024568133669,13.134689540010449,-0.8401385981428007,10.718843360528062,-3.93548115862366,5.017177421723665
metal.00065.wav,metal,0.440378310039402,0.21739858317432934,3277.8635814658705,2849.421179609141,6506.969462410447,0.1041105807734593,146.02390690941812,0.9412916895413839,0.8559909309982946,-42.26297391563922,61.02564226880232,-43.61058456007488,58.931096046803816,-18.275921018877202,27.987256866945685,-10.75226807852197,25.00319452771229,-11.10951867436236,15.360134759842158,-5.442773366605409,13.177643445712217,-5.284247436208186,14.128596228678827,-0.7203915367800793,5.242766446543366,-7.151152322049419,5.659217823563607,-7.507273792930655,5.811754423292546
metal.00066.wav,metal,0.44800349365733516,0.21957163410095326,2993.1756716774207,2902.7623962832486,6349.194741122363,0.14714474451049475,154.23387843919807,0.9401406448919093,0.95,-41.3434450116153,70.9938446135387,-47.92420554573726,61.55245470864132,-21.927596506418713,33.35869835094328,-16.434697823575284,22.87261357193226,-13.951625988124709,18.81167552099984,-9.967253781917417,17.050244534228007,-8.98799132088417,6.963116245015559,-2.145343765762741,7.225069079209435,-4.021711940348607,7.033276538492838,-6.937824801458071,5.769019007584986
metal.00067.wav,metal,0.46794747684916904,0.2400627400661113,3146.358552525185,2900.2082927463193,5929.168495357038,0.1371181850664249,148.16643952584167,0.939566813854631,0.8432829816980784,-43.601931196963285,58.75597583407186,-42.54640072515109,60.72966471975668,-17.294004865369722,28.68829217352488,-17.138333654482782,22.0196438999099,-9.437401054161551,15.305643355037038,-5.594644447014542,8.98107598322074,-6.484341399509602,10.789657567765907,-1.3208301682342403,9.622882194047724,1.2382325548825852,3.9569456001575523,-2.610243286766161,6.538194117541337
metal.00068.wav,metal,0.448602795927606,0.20373280127102217,3436.889267882167,2702.3335094649165,5919.526370472779,0.1417596251437957,142.49470781695908,1.0,0.8868523342898472,-39.85101593287535,64.66424994440239,-42.146829412555604,62.99658648098465,-28.734649757961947,31.9289794642,-14.91610036806412,18.06656853463907,-9.359357581127469,22.738564040674795,-6.329612159516658,15.301285326770593,-0.5876427241067894,8.509213547839845,-10.572714335500752,10.970598189928506,-4.742834609324353,3.877479642885371,-3.23450980840738,8.18264212137186
metal.00069.wav,metal,0.4255308500570692,0.20426344738529925,3055.298587940698,2696.4942362457577,5624.681208080871,0.13985837570243959,134.24527622284086,1.0,0.7253676570563142,-36.961923386347195,63.77250479235818,-46.628927120316035,60.883363791905914,-22.598103335670174,30.836237262390192,-17.19632632406511,20.32979646302569,-10.783937492012594,12.584257798796852,-11.79301190528707,12.744676522231025,-6.0806995574681535,11.506078234428177,-4.017082289835738,9.172126661420943,-2.1757221280987933,8.292308860935975,-9.021911699025909,0.7563462160144336
metal.00070.wav,metal,0.4878384754072625,0.22000143734117728,3290.0483303434194,2637.7732969871263,6279.694716962124,0.13519953018593733,164.72741865169093,0.9702593937891314,0.8909849246685309,-44.954619140290575,70.92120032820756,-45.48983515568491,62.23268735868479,-17.432008129080362,28.611508429708888,-12.982641673841531,20.187585139745146,-14.971279086118248,19.493394077536635,-8.474568139466598,13.555538500807966,-4.767237018354686,12.913795880165868,-9.669610802604875,7.244128406050891,-4.973425472489275,5.505563981295529,-1.7129794559508367,9.560679232787692
metal.00071.wav,metal,0.4703555396603889,0.21321590469580232,3158.3931724915815,2780.215830808218,6517.439632971235,0.12882797390391032,159.56464214611972,1.0,0.9459998752325709,-36.38961982929881,66.60240782679796,-48.081940269152916,59.58308180533468,-24.953160185185745,31.245217529097253,-15.50764097449664,21.878432849419205,-8.387996609743047,14.629017884330622,-8.756369476316229,12.065919887889649,-11.519976748240897,10.20180903271399,-12.45738473685855,7.243435314312782,-1.4344328398215178,9.341799674753208,-4.784460931362228,6.122394654671437
metal.00072.wav,metal,0.3977503129860878,0.2199531319370096,3686.064057098502,3032.244237666948,6318.417745506042,0.1444021624737306,137.16347748292358,0.8858568713639159,0.8324722566661982,-41.574677696909454,67.71244878455475,-40.29094295706673,60.99786235434312,-19.69478838248022,24.957661125268046,-12.757169264183851,18.568986095382826,-13.25402738590026,18.878727677155403,-4.910725507072904,10.600477417949648,-7.226746604759959,8.902043380229983,-8.593561235977733,7.095613553687274,-8.839390056744065,10.049187744524794,-1.8164291845143727,7.6815878546115375
metal.00073.wav,metal,0.4013678784827457,0.19609858872969887,3110.7028548627122,2711.5384616910405,6248.455560370469,0.13765775096218225,158.6862062215551,0.9840820009434382,0.95,-36.1931049237051,70.10981277805203,-48.223388299068006,61.77951297299409,-21.29529646698012,25.0098398659214,-10.511990491333423,21.118922422883113,-15.165304890800053,14.75630841025392,-10.388672368321458,9.918906097149998,-6.664810170547948,16.19244557913423,-6.998951649633877,13.977811992657571,-1.4534896120614356,9.188814690758258,-0.7556399032443752,6.040966991512373
metal.00074.wav,metal,0.46858150311590274,0.23133960526534203,2767.0668029948974,2753.3253477401936,6574.390600047415,0.13766498172098174,146.01004698171147,0.9009713604260474,0.7786563933782399,-44.65113061279372,60.38879603879341,-42.9928657725884,52.52915487487101,-21.999439780890444,27.703040144263866,-15.846478607962393,16.430705350191392,-10.788335715778144,12.180515817520304,-4.602783377872193,10.134702937233502,-6.286839070235761,11.011321569665618,-4.267276841418284,9.111043132488426,-5.281331646197896,9.029145592082129,-1.6015586085151374,3.704595998671139
metal.00075.wav,metal,0.4427910345692067,0.2438344060480339,3241.1788392209105,2867.8275434964935,6360.172297117606,0.1279577433088768,138.52284432237084,0.9755910374283528,0.8665988524665061,-31.642264258017832,67.94546583331581,-48.51130727249251,57.69818228292005,-13.164448052132004,29.356833204069666,-14.857456095716135,19.118749238772313,-7.304689783277269,17.500999621961874,-10.323804043655935,9.018524133428187,-5.078388162306384,11.132618524641357,-2.5036693483366186,10.6409054193816,-4.793441046305868,6.368595213615901,-3.479826444896502,4.347957460029712
metal.00076.wav,metal,0.42609413401585716,0.22032881857238765,2920.4138213239885,2813.5223751776184,6170.350299935615,0.12937173474571984,142.18714057374507,0.9693806525296229,0.8373536871422093,-38.733645655286615,67.69503837522659,-41.0851793879759,60.85645848806416,-23.20820716170649,29.192667592409098,-18.012955153149026,27.090562221136846,-6.03779735241851,17.95093359248903,-5.424623472082908,12.752829579709978,-4.901832253617626,6.207637345012633,-5.2217970957707305,6.356540812961221,-3.155930387384889,7.821170463834397,2.8404658870383432,8.749883066168524
metal.00077.wav,metal,0.43853535947564937,0.21466120625720747,3435.204291751986,2694.6081636972244,6416.085886572348,0.1426337440664025,141.76676875434143,0.9529204977908415,0.7335270402948645,-44.643119203723565,66.04889162500888,-40.29540092841754,61.044663312432505,-22.161106564689963,25.671438737797992,-12.646418218573084,20.298414546954696,-10.07029374434232,17.169595474197152,-6.565098823235932,12.100805122060668,-4.849066845091077,10.641636796230994,-6.905919603104611,6.109502818451846,-11.155026393912935,7.456671312786471,1.5581345488558593,8.190240277612792
metal.00078.wav,metal,0.43683127355427875,0.20531990011421697,3299.4678451518153,2678.5243238754556,6851.227009826171,0.12728369105057977,139.00024377621875,0.8822184044624297,0.7471449956391195,-42.81113405557529,65.30964877929776,-47.136603074551886,48.43087401227821,-16.777180107739635,24.947718811957785,-13.232315145340088,22.093643769008693,-5.647881550738973,18.99087244456786,-9.513813786454923,9.893809312934064,-1.4918169576021443,6.572386708695765,-4.427360192243876,8.606638610250984,-5.029678206114028,9.060541953345275,-2.431320418473973,7.372202228375233
metal.00079.wav,metal,0.4341692695708985,0.22835362810034496,3118.673038586319,2581.3031603010636,6301.400441082808,0.13128420160443968,138.7569871621532,0.9231079997825798,0.8143675438212824,-39.894324080956565,67.74913648209,-46.49539224762253,60.59055577942446,-19.645916858168544,28.174115137601806,-14.778777641380366,25.00816424553194,-11.440481349349799,16.679751787081923,-10.115984992828002,17.906576553614627,-7.945069110967503,5.996649618357567,-2.419447639345771,8.655548881054722,-4.909125462841225,6.363338658765419,2.615143872947514,7.063770835814048
metal.00080.wav,metal,0.4464925366493525,0.22325231247164534,3154.0099226890393,2951.7524299006946,6212.200868570307,0.12014593681718905,151.9444372338222,0.9897361289793913,0.8751906302710853,-38.58774027535664,63.88776733911748,-44.93792225143722,59.60489923842027,-21.77446477121275,33.56751834931501,-19.2367758822534,29.0826465154389,-9.367913372380574,10.666073395892948,-8.672498988472789,11.494362252289326,-4.824340113173664,8.03186518778084,-4.903923969895348,8.63664180563206,-6.212855087720317,5.369743305586304,-0.24358605989292892,0.9102523798722189
metal.00081.wav,metal,0.4443363680828815,0.23595020613756248,3056.2883323323167,2709.427111150499,6707.223249894084,0.13142722733913914,140.186780568887,0.9103613055120553,0.8839667070944902,-36.12311875934588,60.81232929660914,-41.98127775806509,62.456724919041854,-15.339215568650516,31.15532409637914,-15.13278036083573,25.435650059714977,-9.903288625494703,22.73469524244618,-5.123876465114517,12.460643929271747,-9.522313141128514,9.257248468417645,-9.307864934084048,8.354813891817411,-1.2217972203014638,7.988986734558454,0.06517580628021769,7.01272120031704
metal.00082.wav,metal,0.4179072313073797,0.22175250310339928,3194.4193382110193,2725.0602117234507,6352.73948009817,0.13046424838619938,141.53618987806226,1.0,0.8921840365639105,-44.42152269042915,57.89909312748092,-44.771422735653836,62.68041868327797,-21.55982551226662,33.06497618459382,-14.821036304978747,21.510816160819076,-9.731654471474455,14.404372621293193,-8.86011896541096,14.010501786391389,-6.094187811198073,16.726328820133208,-2.918523761431945,10.886441484998285,-4.1485139381952045,10.624264030128819,-3.9678233184049385,6.847133253598545
metal.00083.wav,metal,0.40251120858986317,0.24078882784461184,3158.1209394523585,3056.8523514656176,7137.304434284415,0.1534497917714972,145.54740248966323,0.8743148390299544,0.8910402494991781,-39.36914630831431,66.61410451746339,-39.81063783763127,57.52673013400996,-22.77291250544401,29.290722184887958,-12.53639655074453,23.664601720643464,-14.687065535087317,18.26965870210745,-11.60363845667979,9.486774976953427,-6.346371951567568,9.33970626207434,-2.3304215340471957,9.859135449003283,1.2966835328817812,7.258443903936757,-3.3666064531222304,9.63114782718529
metal.00084.wav,metal,0.42727237590628614,0.24988010495415092,3208.165642076898,2276.4984354206354,6712.149644952313,0.15569090219679713,152.61066084888435,0.7971217297163793,0.8391404801197638,-41.76611450067031,62.47663589731882,-39.774232404318184,59.9646964865291,-20.10968282788751,31.656024930947336,-13.292094996331855,11.995321868122511,-13.93907261144809,11.76163426662617,-6.799081720535542,11.133322756997858,-5.953837306496194,4.764440753328431,-5.9295566740714944,12.345390755498446,0.22834844930650267,10.1565902586221,-7.006395880344357,9.77820540897637
metal.00085.wav,metal,0.45172006765000045,0.21765621931870924,2694.9927370980513,2871.647091119253,6092.741784505817,0.1471924873158217,145.5471508850933,1.0,0.8395334665192244,-40.045340770257845,69.7358461714359,-46.974666731250565,62.442968554223334,-20.59584716863539,26.992374113985214,-14.996517039837382,24.075115340823963,-7.938870480070467,20.424081956037046,-8.884292222676597,9.03825230390336,-6.956216698732438,7.455407740009534,-5.652158598249516,7.975004149140725,-1.8175293875297038,1.3821944602568657,-5.200823838259919,3.8234450866742535
metal.00086.wav,metal,0.46561381757224074,0.19772311245197965,3145.3314719297987,2676.936885404439,6665.064884392734,0.1509374779676582,145.96994985456303,0.9056266500329545,0.7547701867991176,-39.25874303293779,66.59146939558961,-49.72460283742396,56.29891750701435,-19.24301007988497,31.01742505862361,-17.971941930276177,20.277805859295885,-17.50946651571128,20.131791711439703,-11.899623222105356,13.626778173745652,-6.104882088460141,14.868780858874278,-7.37676227832427,9.183758131021161,-9.095280727712051,2.1844194891807387,-1.2109992484035783,0.6449224827908937
metal.00087.wav,metal,0.42315347396696407,0.2402259089594584,3249.336971218936,2580.374612169253,5744.0239022571395,0.14964242292483293,155.73805426288143,0.8970209537067501,0.8438520605654494,-41.57470588860699,66.71482613242135,-41.31444718075526,56.28117956585843,-24.49484542797396,37.019988965797346,-15.531968363670115,22.75867838707093,-14.075792521852918,17.469886928358147,-5.119817375895432,12.899388514718789,-0.7774257689566957,10.019766230176725,-5.788647419106129,9.694219053832247,-2.605115063481709,8.683841786187827,-6.853245080865273,6.937545498586684
metal.00088.wav,metal,0.4187747924558969,0.20838045971850708,3106.4964109506486,2526.9259162807416,5902.613036644369,0.10276796559994225,158.97789862807912,0.9944585055282401,0.8903289137899815,-42.00166971065995,56.37190315386075,-47.18558662866445,62.147599011492225,-17.173477089218395,31.926875980809903,-14.524824132742594,25.911622437794136,-12.985611666265621,19.255566748403083,-9.15374733116064,9.356576073366714,-9.017138941267564,7.806510736481141,-3.022795913592544,6.771763286708764,-7.099086535104831,10.14120565898408,-2.0160888285833014,8.887775948537406
metal.00089.wav,metal,0.44537798533818396,0.20493776839605377,3115.2204832937173,2722.523938338542,5978.294469534099,0.1254306253885901,139.55422712705837,1.0,0.8026911470153915,-36.301399625839856,63.59401847156061,-42.333483541380026,62.707474966673544,-17.142228476143867,31.163482026026877,-10.867900263656546,23.135061908058184,-6.859410811979162,11.1402405904347,-6.9551412569995446,12.849970777607,-8.809559537416474,12.738752665291216,-9.470248026729855,7.0374470227190145,-9.997263438693423,12.675879550888444,-3.6946484818358867,12.500652104448935
metal.00090.wav,metal,0.45408849779558486,0.22896196426702048,2982.7544611438,2511.6569935762645,6483.04005086393,0.14092728986090525,134.2858374761176,0.8286513266793345,0.7556367040782618,-34.53709832420131,71.63983375403392,-44.38503255807327,60.446828388723866,-21.008961115488564,27.196543955071494,-10.874462827178268,27.62072918169141,-14.680257257517857,15.751484864726196,-9.349598902130504,10.73928277540507,-2.4422752337104137,7.064115363901635,-3.600590927191081,11.184714321917596,-4.426453520805458,10.679203480960318,-2.5570444783876494,9.651389763468337
metal.00091.wav,metal,0.3843338408522244,0.21302449477986263,3085.637371429793,2219.002670795157,5919.916543247513,0.1297960111846182,152.5856479585868,0.8934525322948319,0.8312922304794016,-37.547542658031425,60.14626806262984,-51.21373220233072,58.91522309979196,-24.343120304235065,25.770962116021053,-13.279698624936055,24.62792151373774,-9.633407352443625,19.3263299809217,-4.276597039955595,5.6142293735192075,-4.648764120211601,9.411175401291324,-7.242272737971309,10.681243896626116,-9.190886439687254,2.74667418238304,-1.0992817677548485,7.463358052532694
metal.00092.wav,metal,0.4341019796761453,0.20240173190553726,3248.765926916425,2822.4545205708855,6329.856580266609,0.12434018438095341,141.59801323416394,1.0,0.8973521107682041,-40.979609810128984,64.25098109657522,-45.48506732407518,60.824679026732916,-21.743201900180072,21.31744482728525,-11.42169299505871,27.38406684148765,-13.837199578817138,12.800039893243678,-8.411301567170666,11.437488348813682,-3.0134442685111216,11.163918324935114,-7.377868491113549,5.0447716483258525,-1.4030974455409795,9.79853372349275,0.18167963427545653,3.0954397478367186
metal.00093.wav,metal,0.48515310698584985,0.18512610985885525,3241.920204280296,2356.2751019045577,6023.384016405536,0.16541534395671936,151.65091403580792,0.9063023667610254,0.8427490754931952,-39.69813366749367,66.54242297228217,-41.24526185195191,58.631297986174516,-24.835355190461605,30.47090588114628,-16.372292512525185,18.09809888575466,-11.106993254061617,15.360658737721632,-7.080463380590617,9.316667399438458,-4.539868409023504,7.0487054097350645,-7.483194169089749,8.271257306738168,1.225455244879143,10.354476105645482,0.23157751280336925,10.251231100029432
metal.00094.wav,metal,0.5380849640743262,0.22083178135116868,3384.080184625971,2882.2743457923493,6648.611376157634,0.1686135942706027,141.6454957521242,0.9101051980850896,0.8471588847445587,-40.54809931576566,65.95550255899452,-40.31175364484096,58.56555983188117,-20.91403688778119,30.52293301057973,-15.684955278075508,16.25798251595954,-13.74038292809682,18.062119726712513,-3.687359747202061,8.53614429738682,-9.47784719769253,11.090701408152007,-11.22678519463351,7.6650893910386175,-9.20812617865418,12.107183899527396,-5.307993463051213,10.95850255901708
metal.00095.wav,metal,0.46340564060375017,0.20707365404605166,2885.6080726307846,2665.161765149834,6263.373681509629,0.147192204159286,138.78765368375858,1.0,0.8337201040640897,-41.02118547014759,62.863878033745934,-45.55465494929606,57.54929624451729,-19.824683915349237,30.25631605565973,-14.214878149570982,27.29872722901556,-12.397334159098717,19.013793601373447,-7.311237809072895,11.285267094304638,-6.357477809853702,10.823520772495849,-4.160696876815351,6.12203770434309,-8.396021150334901,9.962892180422827,-0.3056285022562224,8.236907498408408
metal.00096.wav,metal,0.43464916055669417,0.23534449254906578,3242.6858052034286,2841.773284611892,5999.16071253026,0.12554572304268052,141.89144602598182,0.9486092712365876,0.8199968662408174,-45.63007099401363,70.16507783640543,-45.82213796665721,60.51811324973086,-16.266353027710824,22.965083191436385,-16.535081615735137,20.838648179260588,-13.008930136351934,15.479540227858141,-3.658595604665466,14.020376627181667,-3.1258941941135117,11.14136081543277,-9.198119138436503,2.760908894561979,-8.588223169694892,9.07929711249806,-2.904690861907095,5.369509057331977
metal.00097.wav,metal,0.4189426927977959,0.26023443150885495,2935.419281804705,2867.0075021008906,6300.669527607348,0.14108590732321002,154.41310038893394,1.0,0.8670716536142604,-37.602391842273576,66.09167408645015,-44.977688583570256,60.61276482797108,-22.064026444534512,29.081701820006746,-16.74190583925812,24.704130149286758,-12.285603346623187,12.106857926154884,-10.170311669489264,2.4022060643634653,-7.483477805646445,11.112935195291449,-5.408407546600921,14.940463054594177,-2.2752818772548897,9.591355559267452,-7.929807103710834,4.906073837648602
metal.00098.wav,metal,0.4154001157802891,0.20427837602383986,2940.0238668973307,2374.5378682905075,5853.451378361535,0.15511140104147422,143.85668246405453,0.9094878065380533,0.8391919925075692,-36.49782796389655,65.01263156262736,-43.37887760720689,57.46018547283523,-21.855889852240157,31.061930655191027,-9.322038874988658,26.289324578544623,-10.251515791631583,16.454301280482156,-3.796791933118487,14.38403496913537,-12.880986067111984,7.838207456434334,-3.985579023926205,3.639097303347083,-6.692767014270586,5.900555169026077,-3.768497718737501,5.137709375321377
metal.00099.wav,metal,0.4213263871849952,0.23650615034480627,3046.955226909893,2630.766576227178,5827.789763549769,0.15736519302978735,139.6280198884201,0.863037573759898,0.834259603325024,-42.30082378714919,63.42214178061712,-44.22461947704279,59.02055212866133,-13.065171874098096,29.775514370042405,-13.146485343362334,16.174917857521166,-14.58194739574419,12.739258915249863,-10.863139169907885,13.246613981511008,-2.8933047966677705,12.033891513903532,-5.679933870698927,7.107434883862742,-0.6592007464404732,14.213766362464586,-2.5948328856489273,8.818089192214718
pop.00000.wav,pop,0.40030111049386424,0.1851100981293118,2267.090644377977,2362.1354695744176,5338.414304015954,0.1261873641612297,109.4549262268986,0.5873360711167899,0.6855427520288073,-86.96960785695525,90.24831322673646,-23.53075967639475,40.46775575815334,-10.347913758284392,21.783399444659683,-11.686180281336737,13.025064217493997,-2.414443792790707,6.4213114190896485,0.43073688893080586,4.797749042333933,-0.4518552678671668,5.881124469360623,-5.43472477291693,3.5093028585422053,-0.36521243546301774,3.979438015295527,2.3554082343300315,7.307220182804644
pop.00001.wav,pop,0.3545090800404645,0.1448746171017931,2239.041245275832,2288.1447027113563,5586.475082286911,0.11640542926000103,111.63977941662054,0.7491117927501733,0.788864448070624,-84.27596744706264,95.7781530003284,-27.977843552142197,40.89186128427992,-7.195755611375957,20.673896947568224,-5.820455243795649,15.071196123381153,-9.703936252445596,7.341284699909612,-4.963456561390469,11.196244334715054,-5.297652204961862,8.36770789950294,-1.0889222182364096,9.75859179523739,-2.1250393343882434,-1.2642752548287755,0.9406113946903341,9.414165634902014
pop.00002.wav,pop,0.4113715003459937,0.15424676816379188,2283.610824164207,2278.465609968667,5901.159158133716,0.10309008839217845,110.69885284937578,0.7373250684698214,0.6992753457548742,-85.2970489206375,91.95656752695109,-16.45807030501866,40.36627628935325,-6.3789204597169435,24.747857131202153,-7.745607098260715,13.054809171202503,-5.8014635044046905,9.715687983984605,-8.970899367216184,12.65744112135522,-2.2626449478564292,3.510702444846838,-8.202569960595227,-1.982797698791047,0.3114413100625102,2.143067294778714,-2.3647020043154,4.4644627936164705
pop.00003.wav,pop,0.37451855531694667,0.18093048832107028,2519.052812875343,2434.8566750331374,4649.537358007979,0.09570402965341711,120.82028292469492,0.6954382548108758,0.8133445387568304,-82.9607960280198,96.96915590252397,-15.521504325904527,42.162181714888206,-11.602786068016563,20.600454994422275,-1.9600371617076746,12.429338772117646,-9.117981896634221,6.597416730654192,-4.652588151500647,4.989583734070814,2.022058282311712,7.649069603773863,0.9151789292815087,4.104003828260905,-5.420591593268355,0.07181816370016847,-3.7239752265343626,4.042576482080133
pop.00004.wav,pop,0.40559648795303843,0.1820639214611737,2202.265463243629,2449.9263465383115,4840.878359187663,0.11402198951376792,119.83261644397962,0.6562261562378849,0.797773792024741,-82.98353117541527,97.50450721275399,-20.488502118653315,39.05036289037077,-10.627191945017525,17.71779845966897,-7.242805380043852,10.584612226537088,-11.6690933597937,10.658805045440646,-3.9363008026725366,6.286489950688417,-6.8480898678311,7.869232080742105,-4.970525115711352,4.583166947403996,3.294915562379333,5.953569308726152,-5.10739798714509,-0.8245547130369077
pop.00005.wav,pop,0.39455457278231276,0.1424935863588196,2099.6549037531427,2545.8269620334104,5312.327514012303,0.11475897496918698,118.10428145454323,0.7447751430662084,0.709781628070704,-88.45159510173617,99.58965046521546,-21.50368702233036,36.93777936937511,-13.405358258233717,17.399809299998847,-7.392204426571778,7.581117309339319,-4.682488726703022,11.931739030888469,-9.39423507982864,5.062458691167202,-2.7609570604637583,6.569590809086806,-0.4410875951942286,4.5765895354509025,1.7943085803248957,3.036491802868954,-3.949098960159261,-0.190325598785269
pop.00006.wav,pop,0.4120640552784507,0.17059242283913834,2626.743180145039,2560.362049861253,4493.052551532655,0.09089876098464834,107.83499967596944,0.684714864920659,0.683363482456059,-87.00255121614845,98.5954470571517,-20.87867249060899,39.24615741602577,-12.116301172171859,20.267563091715633,-7.39243735179819,16.419426665006796,-3.6046838220523414,3.093645846792846,-4.457634842911355,12.15230009267031,-4.314344781914751,10.417725455089865,-2.9193554000335666,5.524770402325892,-5.4106720771974475,0.702254327300456,1.1764747167890435,5.645454840601994
pop.00007.wav,pop,0.3907928671860148,0.1454495151472322,2508.760911321443,2676.30229292137,5810.003264518116,0.10324938101511129,102.72105719793768,0.8172290879643823,0.6714058096695162,-87.17087807531688,95.84321667505286,-22.65033231728555,40.17473308197814,-6.074984898837016,19.55253803309827,-11.104415490336134,9.23406749421003,-8.316494060593955,8.769591214687054,-1.5400025922482228,4.6374521965651345,1.6612556571889074,2.9885433674764252,4.99445827767051,10.176555670263413,-1.5765012518360237,-0.9430806043087765,-1.1662721859472656,1.839477126040483
pop.00008.wav,pop,0.3517713833084723,0.17582019254494885,2335.2713740288714,2321.316947531075,5128.712477899676,0.09937636756941445,132.62525293688023,0.707142829360036,0.8193887490830246,-89.56343252336892,96.05825067577662,-18.712734789167204,42.644084459818366,-9.200661773144073,20.67468738465896,-7.8245687945955815,13.584746442980077,-8.735393644982032,9.817394867739395,-3.2761978742033997,9.206493669718386,-2.4591456810292907,6.301134959654399,-2.171239709587693,3.339060546347624,-1.0603280269803084,3.3366153162576344,-0.4583171854075899,6.002409130147657
pop.00009.wav,pop,0.36871923271072743,0.1819339076182097,2506.6420359770746,2813.814847924536,5124.294885037772,0.118427468747266,116.12282761404782,0.6389356393349205,0.709426148776722,-87.35858668371482,93.70191661817518,-26.660768944518843,39.905790949226486,-13.277008893853031,20.395453197790157,-3.346558755805944,16.30837193240871,-1.390032513780067,8.315463935666525,-4.429499000906596,4.866691409576662,-5.052130335120285,4.21934550314146,-5.920168907635872,9.097569875994022,-8.275880885079268,8.11041671441367,2.7381767747606935,4.499378026436994
pop.00010.wav,pop,0.35656478195717795,0.13835649777113587,2390.319263747287,2562.5216821411864,5201.072273104236,0.09234750757357864,125.18563827725193,0.884750666254523,0.7581161853389647,-89.67198928920796,90.47345394911152,-21.243160148327107,41.53131993400298,-8.935430379226668,18.47699645237088,-8.82273052542934,12.658367790366345,-6.835394141155155,11.26970440755438,-9.902611256107367,7.776951455576233,-1.9500733931229326,5.288545943076768,-3.437999131894644,3.6488166775536515,-3.43714992061148,4.017651333551121,-0.6129917259586488,-3.3015429487013987
pop.00011.wav,pop,0.40958641114416866,0.16420002231306083,2886.592635093707,2235.5032629982325,4896.439921935984,0.10495636532125108,119.30580359748828,0.5939386138102799,0.7059417608847756,-88.22603951827847,92.15562816070238,-15.889920870871318,38.63834920345278,-12.69811960402569,21.83073277336856,-3.1771478395266612,15.249188776231689,-2.2187118023302244,15.029906021910891,-6.765576039782735,10.81517400217876,-7.570411527910642,8.274707595359155,-2.2139536715444574,8.728850609126187,1.516754538954523,5.709350051603208,-0.10471630155154488,4.525106030165853
pop.00012.wav,pop,0.39185312614129636,0.16877608517784193,2788.5156344504885,2731.320167542072,5150.419280804227,0.11156454604516117,116.6532417981822,0.6210641246450244,0.7206278778625829,-85.20088739685569,92.75067237490457,-13.656369613096096,43.51637892876815,-8.795505548361373,21.68252985792926,-10.751620089005076,13.204313743325894,-1.6758026690347219,8.1564119824794,-0.8166047291536023,3.868879431688825,-6.594475237425032,12.704153996758947,-2.0355114387209725,3.384500339016977,2.0882224809968877,7.7374646648905125,1.7622636957717157,1.2903062417636824
pop.00013.wav,pop,0.38139247272186977,0.1762325764744946,2638.8798684294475,2358.472956676663,5259.757988717244,0.11201086951196108,126.29415805100203,0.8103572663148095,0.698263010449493,-90.64089092545616,92.21364989004975,-18.29573773816498,42.76946005151513,-9.695332043169266,19.19561890811645,-7.792490620892051,14.626757820433264,-7.92029895515072,6.343866697691904,-10.15041712766606,11.80154639521665,-1.5109012690951025,8.087533034032518,1.7955966638588476,1.2335959709227495,-7.206892627565056,5.152695749557269,-0.12018587366970912,-2.1939204290182603
pop.00014.wav,pop,0.4007856318642142,0.16199554095200866,2338.5823880524836,2389.9837325091657,4345.465000178536,0.09912938664912092,110.36564344412636,0.7945681957548912,0.7059596560899295,-88.08339337896335,87.35138196578995,-22.517294667713145,41.66799115471433,-10.926593891719465,22.5363815989231,-13.41380872816767,16.193332519068424,-7.9174176533551215,7.791408746851977,-1.0268588592176444,11.485703389869517,0.10409908826184555,13.115925775144799,1.8004108253300029,2.613690248803103,-1.5750856155930486,2.9194062745451945,5.087269579847197,6.314609864096128
pop.00015.wav,pop,0.38433359589859634,0.18755819595506004,2253.560306737379,2495.0471127761853,4871.727127588921,0.08267111699058889,122.27628990023867,0.8226872876150041,0.7813967189364943,-90.5489011216995,91.20092403546077,-23.48404061215174,37.092160060783606,-10.701019875174772,23.228536200814744,-4.818787366764042,9.054297201161368,-8.079700010150841,7.839516941284483,-11.594749385503736,9.698362840849724,-3.738479472955565,6.660572390107072,2.037613175126915,5.264927039853071,-3.2921913948980537,5.71623286301483,2.176615539726686,3.889402698147676
pop.00016.wav,pop,0.41067568796094445,0.16708864700514234,2483.6284507280675,2470.343727853789,4936.407667348569,0.09947907578445599,127.02303713454779,0.9106364876689856,0.8559462849564632,-93.96977207030564,90.74042739624508,-23.572128295835483,40.40316232563844,-18.42617377707299,18.2335953001415,-3.7787021325166608,16.947316492186722,-7.527283951720522,8.699933676488087,-2.2982748795792878,10.805806265732597,-4.59941180321928,6.296901934841687,-3.6980291855600704,1.0059516758743587,-2.6592312440654426,3.1122173793737096,-4.781932347965967,4.938242812913188
pop.00017.wav,pop,0.4044996203587767,0.18391439401690154,2346.3859289071265,2092.9563779393634,5363.565895375978,0.09803830928055429,108.8746549340344,0.6494357540285246,0.6945138295982712,-85.26801810884858,93.48365143593345,-23.2694091325008,41.955800203090085,-9.481563160686148,13.642095896935377,-6.01296104074014,20.385403305504802,-13.801607782287071,6.292881927933628,-12.54558126595482,7.774086737777496,-0.028841290165941835,7.316502249388837,2.1759870943380086,7.491650870990402,3.1064419705065305,7.480632304321285,-2.2088292058285135,3.2001793687045197
pop.00018.wav,pop,0.36393969253557085,0.16538687662263904,2512.366334403624,2434.716681763636,5669.788734206264,0.10304747906239754,108.54330869154114,0.6804311172077451,0.7397924211744058,-94.209415224267,94.39644148954724,-16.017499263633738,40.877795337222494,-10.223816167356263,19.89226878908471,-11.088693776681518,11.428595868696377,-6.585545018743732,10.813819090327879,-1.1555499645936678,8.277681851514304,1.0583225272627441,11.815594045628576,0.38580163744661133,8.674944224167653,-4.972140564164283,0.5524031959358124,0.5539201288704967,-1.0236294356011415
pop.00019.wav,pop,0.381288844679522,0.1854238381065948,2782.6745849370413,2404.2411829481484,4972.519496642309,0.11280692432267374,107.41165245180889,0.7361377081365258,0.7023936942804693,-90.08395197801238,95.26551042145364,-22.503544566716425,37.819021022144746,-12.24134878309786,15.139716982414829,-6.974509034461683,16.683972355076016,-3.611069751439392,9.212509418617735,-6.433015718391663,10.232943927088067,-1.083230932876345,7.652261927308888,3.2329337572698185,4.920723435898812,-2.770669951774666,2.800548006776199,-5.682633119442421,4.984019892426877
pop.00020.wav,pop,0.38683543898526673,0.18019862482713592,2868.375600418248,2379.664681417169,4381.696949122957,0.11521605554266158,117.3348751191414,0.6914036899222944,0.7598690984778551,-87.64171103968687,92.16017026936535,-20.903995584210147,44.43026118954678,-12.164866573688094,20.200009266241356,-15.873233498131654,9.554463496756116,-5.5274475080016,13.683963428756803,-8.086089046003003,8.22369218618149,-4.127153727161151,9.859264164977482,-5.653409915967756,6.290232945102456,-3.961072060988771,4.669114074479426,-0.7932068430745821,2.2446627775721466
pop.00021.wav,pop,0.40433435538808155,0.17087305468605923,2473.438739584661,2385.8450238759065,5227.159436410868,0.11133065322219107,108.08686335935504,0.7220423009666098,0.6525664403660227,-90.11953626834236,93.22300338543792,-17.687650556056234,42.01818093327007,-12.768245690693108,19.993077963804577,-6.084450262254909,13.474075039507914,-8.184652574416635,6.722789415865613,-1.4371973152649131,10.70813944485491,-3.623842796622146,9.298412753580031,-10.895631589656023,8.982663952127709,-2.4708344158315363,4.425329682398468,-1.9615531709979082,7.187122445602517
pop.00022.wav,pop,0.358178051281334,0.19948920653213673,2579.254184189022,2562.0795588652686,5084.77840283488,0.08837671203155444,123.44408612428882,0.7749126680951465,0.8309964958815239,-90.5813289606471,93.74230586330326,-15.835735290079093,45.735682493492334,-9.971958470902809,17.74172750942868,-5.568407711631353,13.237938301487977,-4.2022115237976045,9.222172076863739,0.69204205463544,5.901531484847901,-1.55841101243412,5.533894089303629,-2.8445196842623073,3.76383303571827,0.21582419828024602,6.755089344801613,0.6732164867971131,2.676049599764189
pop.00023.wav,pop,0.3942054009300478,0.18795443136918852,2685.862317441521,1965.7503863563638,5104.722239879557,0.10463611812840772,121.35402051300929,0.7446583345831403,0.7910367459712491,-93.23598231309165,95.78016354638234,-17.299383039648518,35.576851392045555,-2.4590695953732915,23.572657798599558,-7.995940092603075,11.514775678283696,-6.525255450821118,10.251407078834022,-2.6780123295638574,12.501982548380091,-4.4282954083285375,8.688129512717683,-5.877287487800339,3.7591978570241977,-0.8698494563919243,6.073787473026414,-3.2596974299938593,1.6776249119642581
pop.00024.wav,pop,0.43381669906750636,0.19323817239256091,2541.6914434104733,2047.4038724202712,6078.896391691503,0.10770102657514133,113.49946353582939,0.7082112059316709,0.7444413401193156,-88.84025223248722,97.85188361937954,-22.778186493047038,39.06251536557622,-3.908362830327393,20.673771899749976,-8.51757311998024,11.175146703248895,-4.482197082537745,13.093054651127332,-1.3762370625705778,7.22359740917325,-1.9162431499093913,12.014978309945835,1.2126468765144067,2.647511773420041,-9.638015193864408,4.890317521252705,1.3957043802452986,-0.2676734756197874
pop.00025.wav,pop,0.38973631433631667,0.16472601868253844,2520.85726444644,2351.9546683184517,5651.678849169798,0.11021953320949143,108.967864910682,0.8233969722874976,0.6454201136154721,-86.1465168673946,97.9731782726677,-15.830674114037642,39.525260882675155,-11.48834193935013,20.25206528279928,-8.253310359066594,12.041791143309464,-7.6608699423769275,8.900881458200608,-7.510011059319588,10.033889868798003,-3.1568914127130197,6.074864592299059,-5.331062482825033,1.5188810669976052,3.8077421521672363,2.1182276114152914,0.8315851826279799,3.4879034097005315
pop.00026.wav,pop,0.30674434616675694,0.20584901646277187,2636.816795755223,2311.8193722251344,5190.0717234496415,0.09076224948894501,130.60976382768908,0.6773873833406828,0.763632414519101,-92.18868323444278,95.24113820062752,-15.889050499582059,45.368123347285476,-11.19698843266689,21.134776946953767,-7.7542837621877805,11.055172206667827,1.2676667237878325,14.088278686888767,-3.4326524508668963,12.745628280496963,0.636320138153414,7.245584023245267,-1.0221091840160206,9.536378427129963,-4.838460743389041,9.021072091964019,-1.6753376820553485,7.574030228542702
pop.00027.wav,pop,0.3898432020761154,0.17675212444945945,2493.138328685508,2354.268147893979,5105.480785649491,0.1286866710475285,97.48668813862025,0.650882724415613,0.6293014950519208,-93.23503437730807,99.52993883124647,-16.226969066440386,41.776095428183844,-11.913412202432605,24.00515560038241,-12.764389777986633,20.425947920443807,-8.053889391532653,9.213894334475686,-5.288031551484142,4.78067775770397,2.775339371810758,9.36668389235346,1.6464116262393622,1.3289921838176872,-1.4571865189880018,5.563086067994211,-0.18773042935047002,-0.48112035320400004
pop.00028.wav,pop,0.42226500063391914,0.1724310016557031,2309.0071928713996,2116.054902880521,5412.333279721458,0.1447568360119725,107.87796581322975,0.7636357640330372,0.7600672357541904,-93.80895679830391,93.56012969274492,-22.580476337784205,42.95403008447364,-6.023432291937822,20.477108794195203,-10.525202206982303,12.671627186216456,-7.89149554274026,7.06819341513098,-4.306114602455394,9.724479453385587,-1.529227666714442,6.975302906291468,-1.8288384895239085,4.755347614730663,-5.89163461749882,4.4804046909486175,-2.7508767563639496,-1.042029657478313
pop.00029.wav,pop,0.4011211670134675,0.1577653992716291,2545.5507842517673,2602.574806712497,4867.416447599169,0.10938181923109457,101.51661694615711,0.8726026472487421,0.61273398870365,-91.54445898719213,99.01513971129187,-20.703568778242957,36.407806941099096,-7.860780303140395,22.071597386453554,-9.899559018095701,12.425220437658803,-7.306226911854258,9.378928117941907,-9.67891323076542,7.455728416645702,2.351742594549446,4.312090098289887,-3.7504807804092914,1.4491470104108122,-0.1635142208139384,7.6095920744271295,2.5409535175328752,-0.7440317666809806
pop.00030.wav,pop,0.40499375191490883,0.19867500068428473,2601.9326215420247,2536.11374300188,5034.925097477694,0.11130164735690495,125.89054543765124,0.7762567174743011,0.7096758075897058,-91.36812502285791,98.62783861666698,-19.025770038946714,40.35718623472923,-11.6620465997401,23.565797541603306,-3.012762206533229,17.789567369054097,-1.672225135663882,8.9238812777015,-5.5005072921217115,7.530964479502442,-2.884280274071239,11.293059340375766,1.49766021840525,6.615408161763483,-6.293560297540662,-1.0640655337906262,-0.2786117655948903,5.6407896168021505
pop.00031.wav,pop,0.38761298853041587,0.20829809009956812,2283.5117912439127,2232.4966490907923,4967.5016589339875,0.09746554180213146,120.21028694945583,0.7162630518525198,0.6733965529965262,-87.32526462991466,89.72014422178361,-23.213654669032127,35.131880287768396,-9.378636168787379,20.558143136453637,-2.2506370369509403,16.74147996843665,-1.6750614499733985,10.865828953895479,-6.930795463271691,8.384322805980489,-1.2227369778380797,9.111422146754725,-3.417236432325027,6.466359421347198,-4.799083912523794,0.8701672176678485,-4.347354134156454,3.073877965670391
pop.00032.wav,pop,0.3546649093477109,0.16150511220257985,2680.5833102827914,2264.7566579459053,5023.490788273489,0.10907446915164254,117.97509521225814,0.7100567527355551,0.781749610482726,-88.22864309764583,98.4195698130851,-20.24480577304118,38.46154357163097,-12.047896066036365,20.92108255378809,-9.13146734843382,12.292490666957633,-7.3448617927359665,7.948928544627244,-3.402936661711804,3.7622504523678177,-2.0909511225751114,9.029646281208851,-3.7426374145318935,10.76611081881964,-1.94713606706944,-0.6840289492996661,-1.8437287190100116,3.1879684348073902
pop.00033.wav,pop,0.40346902666710643,0.16485138951778308,2297.6859448591217,2252.9034887397893,4971.240250186415,0.09963336956221855,106.92020668080595,0.6913749471117041,0.7339237012749901,-85.05476217691654,97.26638514161289,-16.082416741439562,42.922355404701094,-7.500609014804967,18.986611210828016,-7.577267364839159,12.738141972631935,-6.657321487000881,10.204501301159759,-1.8593015452629196,9.269970144545372,-3.485487789043069,7.166616222674999,-0.6996089774194205,7.0021833141735055,-6.556985489771607,0.7678331083031891,2.3219316018180267,2.817391290206826
pop.00034.wav,pop,0.37727770219899065,0.16473001054147923,2447.258938884689,2550.4288006743873,4812.194262106732,0.10837166619745142,117.96894183560323,0.7817014333252402,0.7535267316940268,-88.45228130905791,93.28191154682506,-22.825408196974866,47.37101332975154,-10.90379405372271,19.446636588036295,-5.966479706846346,18.788267876582722,-7.633584350804087,7.003554195431423,-7.726460052374831,12.779318664508777,-6.114320959383102,6.917332190453299,-4.931854496128907,0.6549322461250888,-2.877126059281058,1.186640000976519,-3.0748852762699386,9.018315292252211
pop.00035.wav,pop,0.4027468831251721,0.1886293903910798,2664.9319125698507,2431.8450338457756,5046.098574217832,0.11173401917791675,117.34760615945996,0.7044955666267754,0.7465459146213178,-92.11898912008887,94.48562620807748,-21.005850423552012,36.19338222218266,-17.05347463933651,17.182810250180903,-2.587686006241097,13.070954653889816,-3.672095517310787,3.6266645707199254,-7.024858203892983,3.936531147912949,-3.6069000302613445,14.26586644160573,-0.6192831703162462,10.08683759983426,-2.7633101830569906,8.094608121565216,5.219770120048672,2.6718928007686253
pop.00036.wav,pop,0.3738220586631791,0.14364378126019695,2438.187948284606,2464.7414015361423,5910.833766072202,0.0885753903885587,116.47729514957582,0.6048553502888306,0.7154517153689809,-89.06581392776394,96.53774945806568,-18.232930761074236,41.192212098660534,-8.258734179711277,20.13721738700799,-11.143598917966916,8.445029108959831,-7.64006346521165,9.59615370081031,-0.23820460847355873,7.6981949745314395,-3.5897071026500775,8.156581380525338,-2.810035962353606,7.431625996840815,3.9380008551516346,10.572356542632102,-0.7088781182665324,4.010677094086344
pop.00037.wav,pop,0.43736568361120454,0.1670007595420746,2635.838428384836,2245.6711766565513,5091.206298103751,0.1253417192496796,110.25443492969902,0.7397559057016257,0.6347436487062653,-83.98269511647109,98.7890842094507,-19.435701301541755,41.52253861624698,-8.812305679169894,24.15293525909236,-9.556400127114117,16.196802859784697,-2.76775050344348,13.645977911429371,-10.778112651495093,6.202176565204566,-6.057511863905712,7.4487648567120575,-8.048090658542817,-1.1368686728368083,4.51028497562878,5.853068164790021,-0.6369722704035652,4.091017943516946
pop.00038.wav,pop,0.3943902277124754,0.18994701313103052,2373.5111615872042,2483.5906686932426,5279.597443778201,0.09229713062312493,126.21586447250442,0.7143458608078872,0.8241805752623365,-89.65526182088556,99.90075449722717,-23.12413726556457,36.74572359546865,-12.717086773012927,20.399886651543124,-3.3755948126653843,18.779280854495752,-12.92990580131532,10.749121483667617,-13.638860831545069,10.385095381355104,0.35450824468562114,6.879267175923443,-1.7480552675157361,5.2209166788207195,-4.3533257562237395,5.29511735596444,-1.6942240049597717,5.790875127868855
pop.00039.wav,pop,0.3865911919644231,0.15277953787023485,2192.827065826898,2114.4683314899717,5659.3782703840525,0.10113315970711471,118.7085935206532,0.8926583913395615,0.717017009137555,-91.88243245314347,94.60351474293402,-19.91170189874002,45.66265405076754,-5.30253821771766,21.862626247720243,-3.6517586930093957,13.465342962296432,-5.102506298434564,9.095459066383915,-7.871105147738918,11.611624225380785,-1.404903798030418,7.054220420270991,-2.007403547936526,0.481355387280475,-4.932425999458147,5.008459510342075,-2.5873380018235173,2.3468608763475296
pop.00040.wav,pop,0.38686031805662696,0.1563506246196578,2306.41633599519,2159.775626433433,5148.718602345961,0.11727912821415426,102.8509268622404,0.7480761739920139,0.6997481383679796,-92.96874121118744,99.26642543464426,-21.157146107115224,39.69622093463047,-10.483808501793936,14.687676732226832,-4.973743784947868,11.133443694742287,-6.709561546217209,11.792983003833987,0.38271027843360184,4.760203154309482,-4.339450756783282,11.14725589002146,-0.6088583621736592,7.013514077154825,-5.153395207328503,2.8623714102203257,-1.5035062971412922,0.42631572797107786
pop.00041.wav,pop,0.3397629112297828,0.1597900288247281,2770.857639916886,2460.6512238008895,5681.0018197506815,0.1106853137134428,109.8823381632963,0.8522095210585378,0.7226750751457561,-87.1144835027178,91.79501548663829,-16.88373113115649,43.2066678266326,-9.130698566930393,17.57923374257065,-8.138026486137836,15.833873441714733,-5.296289940190399,11.803248214323293,-0.9632622770412844,6.0546600398842365,-6.465226862880417,6.887383595883274,-2.9892294766096033,7.3575392394684505,-5.223495168976424,7.061145622533038,3.0608363286402973,3.0009148927868696
pop.00042.wav,pop,0.39182208376743916,0.15464906997539696,2391.467820205187,2376.499397483777,5705.0290237432755,0.1069219382128384,105.42261634687993,0.7704283473689603,0.7366493175319135,-90.07623410796478,99.40764031918097,-17.667473998202304,36.852613810336436,-11.654298437189206,20.678678844273826,-12.998567714079822,15.009070212411844,-11.284747281763945,13.07030036669353,-1.2781789456248749,9.514344082745213,-5.027635093056935,7.510608473840617,-3.540132462543947,1.907554167649801,-3.0162290353142325,6.094796609476287,-0.8685574215047172,7.35212977240327
pop.00043.wav,pop,0.41297341618440825,0.18317381627811238,2178.214690110879,2398.67146457205,4827.46965634803,0.10525495680564144,110.45379100861474,0.7197916037553649,0.7672598529009979,-88.57425021298249,98.0213432869449,-24.802049327047957,40.17392408984699,-7.099885055810198,24.518887744661466,-12.644265169077478,12.94554909151649,-2.8973199779857115,9.423165061565664,-6.731253022509171,3.3500024645119773,-5.846104603989501,1.9332949943088131,-1.824618629497923,7.688930557335979,-5.7829242767258116,4.773189223633159,1.5358130883376004,2.9918750194549513
pop.00044.wav,pop,0.34167917115248264,0.17772423109325008,2489.070611047106,2421.829163251846,5008.606963983837,0.10930181139411062,120.07854326757568,0.9412518507468679,0.755911140672769,-85.46657651996198,96.07326525028063,-20.29858498294326,40.445642583133875,-13.665209109077528,20.917580812256112,-13.976195194464118,11.412000926334404,-5.670470720598568,13.581946819536533,0.29187319099518216,7.290360261077196,-2.5328480414086774,9.953087408746084,-5.988480716578756,6.214242515946511,-4.483678602097427,3.484524865969844,-2.377069751482946,4.306074381144443
pop.00045.wav,pop,0.4065091102202727,0.18782157354794796,2569.63976569289,2480.8976785944014,5848.90833015351,0.08513461394704235,129.5648788810339,0.7268142472905282,0.8144128751222924,-90.97697904178081,92.89237511134512,-18.546268421617313,43.12638492584333,-8.580976135097785,18.373652639951352,2.8340501884470086,17.59572101259876,-3.199973087378242,8.941107307773388,-5.875497364867118,7.160482772471182,0.24421963317744932,4.028186988772516,-5.2046114943629505,6.618642600083055,-1.042410666073639,1.6890593863273127,-4.273610735245674,7.313690980105296
pop.00046.wav,pop,0.40071013275898687,0.14272928272543936,2241.274892783541,2384.9278449589156,5456.494632449172,0.11692513203162419,125.05342829600974,0.6307720154031362,0.7801426905990193,-85.72226900303592,98.99840519142829,-18.923270055761943,47.044055525961625,-8.17214465075242,23.12823989852403,-7.8666562436734795,11.657074121467138,-8.625627602336237,10.54484564438326,-4.634506020550621,2.694242990259556,-6.077380754777224,6.044789277837721,0.18183812781147823,4.951778341513776,-2.2161926315015417,1.0392621189900515,-0.9305017598137035,6.957303082337964
pop.00047.wav,pop,0.3946672533827567,0.13985372837036278,2249.695441139094,2555.9819979001677,5121.489583672083,0.10688129654844729,111.09812659988194,0.790272976975993,0.7015720890872897,-90.55983966518582,92.44632982501062,-17.23492610557169,39.336601625150735,-8.176359000640721,16.419225307897946,-2.798350584864176,17.83212211553967,-11.72939300897678,7.5941875748088545,-2.5670968269703454,4.040814031552988,-3.3947822464899775,8.27989535793039,-2.5541777359384503,6.616516110611289,-4.079989713805645,-2.7325446265043665,1.9463459364951823,5.927443960807591
pop.00048.wav,pop,0.46510909926864996,0.12585626964131372,2650.166421869363,2095.6372151449905,5814.772648586361,0.11531800250544014,108.38456921858997,0.8124177979681149,0.6787898841838655,-89.09875170134619,95.61788214862725,-14.767495591558117,45.44477773025954,-11.791796119820518,23.17431685398811,-6.935479533289108,9.761953798979265,-8.08868514111654,17.008438298798872,-2.9264367966860347,10.999338738552566,-3.6361329371009727,5.3801742558419745,-1.918206477096576,4.201687834261349,-6.479758793094795,0.9900236276379046,1.1236535432366925,1.8579279326927673
pop.00049.wav,pop,0.3907711464608372,0.1746984610099442,2562.610009763744,2656.384231036767,4815.456464726014,0.11655379085315437,122.04022234815719,0.8288681423201204,0.6870049538348457,-89.235542344959,100.14822783919556,-20.29736155746987,41.450484105892876,-7.658813216244446,16.92359046680522,-2.498525813000077,15.498502390906712,-4.441491557419722,5.013917865968395,-1.6163656053600608,9.519231024137412,1.872573983166192,6.0662043570869395,-4.962974988795326,2.9532830156770005,-3.5149347050218966,0.6434604456058786,2.8704800712979797,6.9830935887950005
pop.00050.wav,pop,0.38412624896579833,0.16214480155831612,2136.9036173361374,2575.273025954649,5778.704038089045,0.09844207924110665,115.06572379378882,0.7847433169052584,0.8177173822572034,-89.40067133449472,95.58628974807955,-19.46204449652059,35.72490247928898,-14.340371961489595,17.576014492655382,-4.961328277887882,12.993928788362021,-7.5888121464068785,8.358476187568696,-4.412970635418032,13.106323802304921,-3.453592157091365,4.641107783875425,-1.9242631127551013,10.26525081728461,-3.5084741568068476,0.4569849747071646,-2.5029738091912512,3.386291209045299
pop.00051.wav,pop,0.4106472285247602,0.19013767157364492,2290.8565452075345,2278.8478397973677,5086.858209214379,0.11826739537045344,105.91993681878196,0.7014138471665843,0.6675625765998349,-87.17475343390689,96.58478228199331,-17.28884491685024,44.016033922699165,-10.91695028526724,16.437781535438955,-11.54289085354106,8.48567730482348,-7.376300488998578,8.847332155504786,-1.637339779584857,8.050742651529811,-4.470985333027818,6.652003821518242,-5.116920451144292,8.07621971225386,-4.357746688428525,0.5802061841923134,1.4536459001224102,4.722492625091554
pop.00052.wav,pop,0.3382894386432297,0.18710003269420447,2351.681472181189,2382.6611850384943,5265.457037692878,0.11679937323925232,119.56383339750022,0.7460145335275198,0.7271322087948303,-88.76333791930365,94.64483648796731,-14.583936622622229,41.7592270299097,-12.770246874971065,18.567200145879045,-7.855423468220511,17.898293645211364,-1.7666849726635947,8.811595838903306,-6.800902649768329,4.815507076381438,-2.2427137283526597,13.91135292765248,-0.3827176872346931,0.2182624199479779,-4.178012309738004,2.128257394465261,-3.4660075603447242,1.8363185251973393
pop.00053.wav,pop,0.40108184583059825,0.18363962338645295,2718.352698183329,2544.356463148492,4516.047415884906,0.0921404311870303,114.73524770512647,0.7617823884613983,0.7733280968880372,-89.87044747134968,95.15212176159102,-19.286607910582823,39.23493478365639,-9.739344580366565,23.377496537035253,-8.25173269635201,13.90936181964715,-6.100756214301569,13.893321441373505,-7.324159980488327,13.327540684373586,-6.529145563546539,5.037339216016723,0.23421480914595927,8.090950086421014,-6.210497050995464,0.7218944102587423,-0.16647157158445658,10.033258163291388
pop.00054.wav,pop,0.4273878834299604,0.16503805900736382,2016.1741723848488,2464.6956921958085,5326.803881276293,0.10225957288375795,109.19420807562723,0.762733220825711,0.6623652205889041,-84.38265401757383,99.55023439260145,-18.02626210522172,40.26913170735795,-11.98049225984068,19.937638448327295,-3.0821085943781714,16.605962175309884,-5.388923164570621,12.771923002502787,-2.3631680098575156,9.188832619660616,-0.05831022302539335,8.551082934474273,0.5756544103101353,5.484161148903527,-2.7623774695703105,2.3555113631795535,-3.001928816412876,-1.8155113273245975
pop.00055.wav,pop,0.36264180159565007,0.1511829294083564,2398.530960803193,2731.2039579148923,5144.853315556178,0.11162650334826464,118.18655715609542,0.8770064730273893,0.7144203166430932,-90.66756624077418,94.68140188467746,-16.590395432675695,44.032317081263365,-8.576248540918167,23.69872812218564,-7.4670170105930325,13.482190257149533,-2.4638277402431346,11.462853025701392,-6.206591997722746,10.992262814373053,-3.6254778930608387,6.007529431827386,0.6790131045991368,4.733503577465261,-0.8331243918791309,5.985818752212399,-3.348829237817153,4.154551694046606
pop.00056.wav,pop,0.43048419315784875,0.1508706571252078,2589.9817777662456,2300.695807775548,5557.489189344139,0.12317858375624657,113.16542127800722,0.926770292175269,0.7797015952493912,-87.8792130445915,96.9518326883184,-17.048219272381328,37.01307277826752,-9.416177204616927,21.149571156131984,-9.20040818990768,15.394385808331897,-2.304917098697982,8.73469273670228,-4.163272901113917,5.538244112438166,-8.360967029432377,9.336796541561533,-2.0772013845177426,5.142738251458363,-4.960320854520581,3.4434894128914277,2.28978136754637,3.00246401033838
pop.00057.wav,pop,0.3908755127416624,0.17415056555726846,2252.723574318709,2562.4856835384244,4760.680659779459,0.09390576628081461,107.60628184794268,0.7359820026695564,0.6859009217528922,-90.00367511492476,92.28423152067067,-16.983514039080866,42.502082706178996,-10.521440538675161,18.564899850236188,-9.738072480035598,13.069565014967962,-10.20073568625353,7.121178063364479,-1.4196388240451006,8.905437458227606,1.9028234579295926,6.102414549492035,-3.084539681320602,3.7763032263690555,-2.957493449654506,2.020137960560206,-0.18703535593840015,3.0873122014452337
pop.00058.wav,pop,0.3747025649448518,0.19502297826037807,2879.3165844972614,2659.983897003212,5395.343404579188,0.11942654589395661,130.85132414261068,0.8108255452607539,0.7614331729048258,-88.82318242004835,96.87873279818996,-22.98415182210776,39.145207544070466,-6.698824527833602,14.529521794851242,-11.751285635121782,13.470778839115017,-4.938961213482886,5.927102665153279,-4.380367754997824,11.4613056172657,-2.794045628777149,9.817266830893391,-3.7763423640050098,2.570249429632455,0.5466214908551423,5.10779660396857,-4.556788023323378,0.5974772515116333
pop.00059.wav,pop,0.43693743723172246,0.1515088956106137,2686.8657493451997,2363.926394497934,5198.888450131504,0.11241888931415059,99.19215031600321,0.632982613165816,0.6762872146243701,-92.17292269135164,97.98974388582387,-24.818362642604374,41.69576516877396,-14.128663661212979,18.943685017566715,-11.193133292713892,19.707289641413595,-10.018476488910107,9.63382091389293,-9.180508444060456,12.798710366211768,-1.7961527514683846,7.410919268796004,2.4229388178751767,5.442267324267837,-1.3412859315767696,4.395175864195455,0.6909029763293579,1.5226758482362124
pop.00060.wav,pop,0.3835713807791,0.18620669256914893,2555.4745903115763,2429.4360954616172,4709.817163139251,0.13047075426804894,110.70836712039383,0.8289789790735406,0.7239440592858811,-93.88035156818961,98.75682643259185,-19.236378060801382,44.006036070211124,-10.547226102207757,22.112153689901163,-13.287581334035043,12.499352409218728,-9.818979996693816,8.875648449884824,-2.584564781481565,6.186259737037563,-0.4084737190836547,4.430162069349966,0.6557098409499353,8.929271497622109,1.040578405272957,2.9674328445106815,-7.376360793832429,4.746500990212043
pop.00061.wav,pop,0.3862429585585409,0.15043214119745293,2388.744187025918,2708.1965569600643,4801.930929786446,0.11502463763431818,117.74366540509924,0.7214089868269414,0.7737653796347744,-85.1032642233034,94.1120854883414,-20.729542844231304,41.8661947149706,-7.245271535694996,19.616878378554095,-8.916121208280945,7.347060437840719,-8.33402673709966,6.582064983797348,-1.9461250110643262,7.268291154197474,-3.8490648166167847,6.972831209131057,-4.6105294103762,9.659741560066262,1.8945817350898322,8.854320349143062,1.0502516937166742,2.911565654934188
pop.00062.wav,pop,0.43844187909020654,0.1563806632817404,2325.7582041933974,2341.727927341425,5383.004943420005,0.09656842209918491,114.75701609425602,0.6218515764892178,0.7543936936248723,-94.55131010154933,92.20351683540392,-16.34849859531007,43.54095495095833,-8.877060731360507,20.82699074520569,-9.592878941462779,11.681289008773396,-7.086725093272139,5.459037476613046,-3.24265433513901,8.14649337442523,-5.8002638001308,11.706045756524073,-0.1792588691388557,7.07552541202657,-3.462019778117496,3.9960097659210296,0.8821180105622668,3.4583471013007063
pop.00063.wav,pop,0.43805702354309617,0.165924248611665,2399.087893552778,2564.1655177648568,4757.373454699721,0.12186445398462167,105.59430559526413,0.801086773284684,0.6635649682736073,-88.57024755904982,97.72202883818305,-19.539736413488242,36.40113714507796,-12.690325733521455,17.814022576898655,-13.685020680793322,17.382433576195787,-5.669677242731013,6.593445864433016,0.3670245723750716,5.89601569958551,-2.2482825327753857,4.524188364411394,-8.054780459987084,0.9066783234462177,-3.345471292599294,6.694890613618144,0.03959944045773556,3.4206153785137356
pop.00064.wav,pop,0.3296991713176536,0.19540172295360192,2544.735939299111,2428.504819419411,5596.348088496114,0.12671245085352412,125.23672198087353,0.730233080263737,0.7194638793890659,-87.03323124857378,90.90483667078875,-14.158229784007153,40.08399863558369,-13.182652767098752,16.30439433753017,-11.83281447216818,14.42108872016253,-6.019176960179362,6.292233479472421,-5.069367359667706,3.8961938417259727,-1.2320945821674822,6.836220201661859,-3.135207517752344,1.1356678097974182,-2.900466800668296,2.7558163559610196,-0.04681989637120987,3.5010539343508817
pop.00065.wav,pop,0.4137618030623803,0.16030846912989877,2127.9176995607013,2628.396717787647,4872.388620433137,0.09139624420477116,115.65506763908998,0.7741816410363613,0.7071646833608533,-91.61607804440438,93.82692104670333,-15.75037894702057,39.9919657373256,-12.903888518385388,17.126649929291098,-8.752652538747109,14.713573802084023,-4.548059514101428,10.372475811541646,-6.525620052751266,6.7281761013176515,-0.798276354406128,3.5617241186407136,-3.3972601792323873,6.7923885736440575,0.6258442799055293,3.4212538867258515,-2.2336204317124477,-0.96635382433122
pop.00066.wav,pop,0.40576919768181285,0.1963755937029358,3013.0308117199384,2519.5603130332483,5182.192121924607,0.09420284080273639,100.9691446900548,0.7641567399791866,0.7961512485954206,-86.18756331102927,98.3496928073414,-19.263191548826253,41.07856948084097,-17.271241954833933,22.28753174229199,-9.738021708727448,11.89481796021234,-6.9697708591458225,8.928986531646956,-6.152906775914987,8.041616216527927,-4.67483278862416,7.3009688672684385,-6.461533443650099,4.357826688103948,-5.288886769058753,2.0756520445064015,-0.5698034708994083,-1.811992844264874
pop.00067.wav,pop,0.3653277786818359,0.1813792876967267,2217.3644316268396,2770.0160852501854,5621.542784645726,0.1005820937332158,109.70232249771949,0.7661551922668386,0.6390105965150902,-96.0064281744973,93.6219946278423,-20.402146299506573,40.28328167306059,-11.844221848353653,23.821840188424844,-12.485418975451651,10.585213595125705,-4.540092131565566,6.515057843088576,-7.6009613565919505,8.37006437662149,-6.1605678609480945,6.600746716237938,-4.099569678973269,2.415008889881781,-8.306916174034821,4.418689458464012,-4.741569976338786,2.4952733894084407
pop.00068.wav,pop,0.3746368530495431,0.16586983882600234,2470.0649251973477,2484.853085165287,4945.284244477995,0.12664044718910053,101.22079951315538,0.7318727105178217,0.721389546994876,-88.56968234099219,92.07549327041421,-22.42473647896407,36.97962232202019,-8.202317108006833,17.780228814453473,-7.23463073562965,14.792904242227864,1.1051804047061164,10.93975377940511,-6.43343204425139,3.619549213800803,-3.8275581439132367,6.642742472718044,-8.632098582171666,2.85843751912096,-1.1079423715173413,2.4029329892014757,1.905871357117511,-1.6750693341615603
pop.00069.wav,pop,0.4103064846045965,0.18827779483051907,2691.2992951683073,2168.145850762212,5310.093478550085,0.09796868822217727,104.75086046413679,0.7168905820021033,0.6475668271454724,-87.23774859550839,96.53919002904071,-23.457333404326604,37.827336058507214,-11.142092276849871,19.78278455804631,-4.980865175588658,16.0723469794419,-5.84582409307548,9.218053450315233,-9.320062103822416,11.87599287837817,-4.341289793596971,11.664520721278771,-1.4116721236044938,11.075852625864334,-0.18103539990105144,-0.2960588936626367,-2.8432464407836364,2.4925951179841053
pop.00070.wav,pop,0.3637865133867503,0.16245878365635913,2226.6121682835783,2451.029830597842,5283.094182153829,0.09293835889190821,131.52203434785528,0.7550810609024367,0.7523705854983117,-94.88861789989565,95.1798286681915,-20.781465598440057,42.34912272185933,-10.430110794915905,16.418843653193818,-2.987845111467257,15.306874638521556,-6.762326134795076,10.493915594349215,-2.5778741303150254,3.713430158319695,-2.5269173401115697,5.649629580118325,-0.47810004311074517,2.779454226181165,-3.8141055652912477,8.988613295692172,2.6927362726464086,-6.8866835399019255
pop.00071.wav,pop,0.4247028594739294,0.16852695947484486,2358.3635874201977,2268.708547572623,4867.808830102004,0.09780096082862377,106.98293933054525,0.6416320271141887,0.6491670149473492,-89.02981843480293,95.1502704457124,-18.33243064534443,39.80089048236984,-13.920037991934375,21.483322770480818,-11.014067836624744,15.939842905966803,-9.497760008870882,7.937570120789424,-5.084174921703744,10.023214403170845,-2.472008243617815,7.060003966452773,3.657006355165916,-0.5109494836754367,-5.115132928101653,0.7564345658830263,-6.311956929766823,0.8414414613419177
pop.00072.wav,pop,0.4106330749139012,0.15816705202968498,2433.399405602738,2139.9401309815494,4921.216048693878,0.10107451926618624,121.13920338037691,0.6160066881665422,0.7315215753903563,-86.73954590979332,93.6647501431302,-26.346684242356037,43.83752733204457,-7.795309172385002,22.60819152523637,-13.231350940236183,18.537367177541643,-8.319828255333594,8.471683167339307,-6.10833149797601,10.840811545865622,-3.5393950575158866,8.445223097762877,-1.7722969313468955,4.714873988921238,-4.840352191238589,9.436421761923297,-5.390180885515687,4.236761922104053
pop.00073.wav,pop,0.4012996977632184,0.19308712572304854,2777.6180064758555,2425.2700521049806,5385.638007073663,0.13447310565678763,115.47858586462198,0.6646853219947859,0.7138212913573613,-93.9139379958434,96.11545043298416,-16.806631375578093,39.636875523797386,-14.862880148360922,23.064952505173032,-13.328896884697336,9.362135666230877,-6.535015162484156,10.755355737026498,-2.7332575037249374,7.80158134386058,2.280131295404572,7.195505023249606,1.1040043052588073,7.360863692284094,-5.878621196613588,3.490808538143436,5.369961539843057,1.4869474381792278
pop.00074.wav,pop,0.3697613842692993,0.17341151162954047,2406.29601414799,2307.133175689597,5030.850811995844,0.12948014507052938,114.90705046817942,0.643753997379623,0.6553141123512645,-83.3795852038366,94.32999689169769,-18.696264497103744,37.68586832098117,-9.037042092185752,24.377988954804596,-9.956789551231264,15.375760339845748,-10.217238827671164,16.068598355100377,-3.1943922092662755,6.7616184669431245,-3.8936223698584915,5.4698854764569935,-3.3767154923704794,-2.34248542704898,-2.2938971962902666,3.580363958182863,0.46598461178143147,1.430568760675421
pop.00075.wav,pop,0.3668689105757693,0.16984450111094052,2177.526376381903,2475.816173756225,4548.363259167398,0.12481227973246194,121.47415964528619,0.675905129886079,0.788584999336725,-89.66545732723836,91.97296930674543,-26.06862847168727,40.94930705027936,-12.382845541405104,23.28490870908824,-7.957898798354446,11.90125191050805,-0.6064838007285855,11.729339477809015,-14.965259545312318,6.540824693627401,-7.15226697603727,4.600606186839074,-2.4341971967556084,6.062145525762639,-1.215902773659279,7.233619229694407,0.9097951325260003,4.724240787376515
pop.00076.wav,pop,0.39604476969399827,0.19573597705451803,2436.7446913618164,2397.745411627666,4533.049326459614,0.12384246065715053,115.38459395376677,0.9846884564937018,0.7124155927385025,-89.73426561174979,96.63951486082524,-23.305699918966138,41.075643141637684,-9.896015703828445,19.08893543096949,-4.48218812377098,11.288753846268033,-5.1752936607533355,14.363992874155137,-6.119865267868895,7.109342051923103,4.0359136904154855,8.423173195468172,-3.518592429927853,7.4078742802354345,-3.7042806547730773,-0.6947477724802127,3.1170918357955104,-0.3091777923930432
pop.00077.wav,pop,0.46355137874991875,0.1602133524907559,2926.652936312371,2203.6392076663897,5558.922755193188,0.11549589409476975,122.70196980444122,0.8274418165341009,0.7352451296525959,-93.926531526009,94.84724680898235,-19.330909227244597,38.584466136533486,-9.167338089520415,20.98887659352422,-10.730079339631597,15.184913845071398,-6.801636071083937,7.9000572993898865,-1.6378745853280208,5.669026364919366,-4.370002769714179,7.2161525505599675,2.122934861962716,5.578352233172894,-0.41513500257599745,3.1070723920105117,-1.2354688731290226,2.8533682994412177
pop.00078.wav,pop,0.39879918708051076,0.1640806485390348,2767.999977095242,2382.8300770696146,4602.465602678121,0.14914194906555028,113.38105047244999,0.8550535829673078,0.7954184813696753,-87.16435706324886,94.4059183412078,-19.13994554037697,36.17646937208522,-4.0295566785451715,17.44458200545199,-8.761702888222626,14.296959461120753,-6.32231926451088,8.029380153119817,0.18301715616406522,10.850837850464838,-2.0338583870229208,5.80134083200975,1.192827615533412,3.6065941016673033,2.7111755210134465,4.333662746450283,2.689344580918145,2.65853902144925
pop.00079.wav,pop,0.39214599546122836,0.19450842122917333,2938.785030360889,2730.866027150879,5506.997116782248,0.11683925149436394,111.94441047792299,0.7736183792884346,0.6741390800923746,-88.87265359894567,96.32015198208072,-25.882535424404573,40.11621582757512,-8.755375302732684,19.748870428582933,-6.925853483430288,9.974833269931057,-8.327592916680777,13.104814489491798,-3.9982850030626693,9.019636943944725,-4.6395634821257365,7.0584820698305695,-8.906036540405596,7.538035815262299,3.4237985168574108,0.804947352356078,-3.820996562528704,4.322639694712446
pop.00080.wav,pop,0.4342163787152024,0.16995805365234112,2254.136395837499,2412.448897405183,4839.523771890873,0.09796730560696836,113.56767120677347,0.6756540329406698,0.6869834808166723,-89.77639799933327,95.64510743641169,-24.2719410014629,41.18914516752801,-11.145801589394193,22.160784570657825,-5.658507437936421,12.366376457134853,-4.157556917886801,7.489131880903511,-0.028713811494130326,5.602591397430606,-1.9417511741234608,6.43717256606716,-5.050683542712804,7.702747285355928,-3.842395426600373,-1.1002164949349194,-9.64604008950409,0.3748659167160877
pop.00081.wav,pop,0.4312772525789692,0.1951547693500732,2356.2803195304937,2382.598115353752,5037.280423555392,0.08799851781825647,108.40934502701326,0.8284919615520628,0.7317294374202697,-89.18073342441033,90.99456016501742,-19.697890357898068,33.08846509153594,-7.471591926218402,20.775724702211424,-12.03569735629949,18.84927667247012,-11.388493977505744,11.590918546748807,-2.334484693064014,4.280988681942558,-3.1135520724303505,2.089516473541411,-10.539122948980442,1.796371319205024,-3.8498748267859906,5.932768542432375,-0.7977757448175409,3.2806363781584382
pop.00082.wav,pop,0.3595673513014925,0.1593997739191723,2314.014678026168,2229.5046787346346,4992.20520055446,0.10911768577644501,111.41889184460638,0.7241197864460022,0.7525665849628435,-91.50226325607211,90.99810010703632,-18.30963943519628,40.79754894552485,-9.014021505483056,21.877515972607128,-6.6300754180761645,14.086186077413911,1.1743579885562792,6.145093761094137,-5.759251835465674,10.902003094034502,-2.572241123713277,9.273769102033715,-1.4907307113893862,9.122169653479943,-5.022532566899737,8.027379668220128,2.5129894796127994,-0.6308673426911398
pop.00083.wav,pop,0.4089199622966302,0.16913920135526822,2378.683596176187,2110.0485458508106,4846.215215108939,0.11862168210276883,122.51073015408446,0.7331431615539062,0.800264495234981,-87.16421976631759,95.46391987587904,-22.167000871550613,41.323162338446934,-8.53904587702341,22.02183317105093,-5.403790189993281,9.913506284236334,-7.5297877360972265,4.304135962936542,-1.7590118849339582,7.363065656058751,-1.7075577879077548,2.572963755429525,2.202942549079151,1.4169825061421752,0.3236899131473763,4.353850512677624,-1.5683283325785369,2.1895196801634778
pop.00084.wav,pop,0.37085810972051614,0.1959039235380154,2502.5225668704484,2221.5401245364205,5065.613929287806,0.10992508540804408,123.1824422515626,0.7016304223586234,0.7350453306531323,-89.92970361855778,97.62027445984198,-24.10626360678809,41.51606389297524,-11.392187590385968,19.02670225475454,-1.9952727646107533,13.410592326345423,-3.7359187490742602,12.156741511610045,-7.54007174229552,2.463817024331288,-0.5370537227492678,3.7493614226544434,-6.992548863713082,8.078486644532592,-5.058280201326779,1.6824475729468178,4.923119465267886,-1.979206084144713
pop.00085.wav,pop,0.35231141875779226,0.1608060371505216,2451.9486320331157,2289.1258492188226,4794.470715936979,0.13064991486647895,118.10388899283772,0.7968134995367351,0.7360283248952147,-89.1316351534226,97.79870498332878,-22.988897043636005,40.79450798955394,-7.911873059776326,24.63439203915278,-2.156327060594716,14.209579390945285,-2.5840831509385978,1.9894961998853589,0.6568487281301421,5.822349014837589,-3.7232923469636727,8.323313453101063,-2.4603271019465414,5.589360138704404,2.76307890467843,2.847339863962086,-4.260771449501661,8.440391571895653
pop.00086.wav,pop,0.4058029265101403,0.20844477950626927,2672.725982115781,2211.7530094375816,5425.884635114909,0.09324077901176168,116.05945441951734,0.7439428477113794,0.6543397638415372,-92.43843146868537,101.6155619004773,-19.284867785476507,39.47321159601114,-4.561329340177223,18.811294069792496,-8.27426108590736,16.97240856836855,-7.202207395849049,7.760437781942496,-10.761269246082152,5.190505059851716,-5.838083237968839,7.47570008640583,-3.8313747971833276,11.474057032571588,-5.1728867907044185,8.201940060572216,-0.34074113461735256,5.420322107137167
pop.00087.wav,pop,0.4123805878420761,0.12563528939375168,2497.6894642046886,2402.7989352979102,4803.457666858057,0.11489439055823802,129.73232252701976,0.5361597084892747,0.7597727256842381,-93.73729849234087,95.21533347871308,-20.976863849449987,38.18296836172846,-7.931479515012824,24.908543903171296,-0.016044044726493567,11.781112854594237,-11.462626655454208,11.67758930223502,0.8314542059696102,10.441069901122185,1.819041118590933,6.323539988193643,-3.828723319319385,5.346307722203937,-2.991659562100665,5.989282064021032,1.909303334010473,6.144250993715658
pop.00088.wav,pop,0.4053177801241317,0.174916446533506,2658.88533785017,2096.6614566225103,5273.699763316879,0.10878717085755676,117.70464316777243,0.7429901162996615,0.7629851865522275,-91.72380876460204,98.3885702883609,-18.579050667759578,40.45205757365158,-12.09254971190836,22.445950655623715,-7.380020904516527,11.73354981938925,-6.169984627239716,11.887247857723718,-2.3452793835405243,9.461026903424465,-2.7224058247767684,10.07745859990569,1.7133895114348303,7.211967847026621,-3.7623538245671213,0.8258148481284473,-2.631819300914781,8.86097024393017
pop.00089.wav,pop,0.3984508774148206,0.2125288365505277,2475.960331282513,2403.4135393112742,5174.080212174575,0.10661738879920045,109.8107927050582,0.6580921385466658,0.7368573040030114,-86.83529784720791,102.33494390199921,-21.301138720073066,38.942033539407774,-12.313687883353053,23.3771822881207,-5.555037635611206,11.369196254376421,-8.70659426091883,12.857544275787692,-2.850411546374777,10.27516613903343,-5.648305435016739,1.3668254082693796,-4.62489505004051,7.063300190033681,4.333173935904673,2.7116080314171755,5.827567645630597,5.489459302475064
pop.00090.wav,pop,0.34820903094873523,0.17428067675622064,2672.794855682372,2013.4130782605164,5425.557905269684,0.12559081769734667,119.19094499304914,0.7450623031454862,0.7383197145738639,-90.69396698307547,91.47206058869867,-22.062571495714902,38.750217863043524,-9.659516961322772,18.3295557270288,-10.60738772749379,16.279312577377535,-4.888158084156433,8.3823113896313,-2.481164585537238,6.640526318942195,-2.81080491153564,9.9251321641686,-3.8112232794987904,1.4827651764987708,-2.435403749064025,-0.09039504855638647,-1.8323455280529264,2.1580875620596296
pop.00091.wav,pop,0.3160894762828331,0.1806127032748902,2463.4620466637357,2662.741361498948,5275.4361929279285,0.11903412855473322,125.52031002565634,0.7394626333783403,0.7706600031530162,-94.7206296701707,98.71861323570272,-20.437092199164663,36.982808348956056,-7.780832540537718,13.460656424107245,-9.287822668619535,16.724933123635523,-7.313165555897715,7.846234147154256,-5.248464391338851,1.9702122065942786,-0.8535647046508998,6.6313418740692605,-2.816973829984286,4.193994150772876,-1.9577606046062472,5.9603121120162,-1.1561906235977468,-1.0849096445394366
pop.00092.wav,pop,0.40726548364632204,0.17997139382008454,2541.105399643292,2643.5434352530374,5210.632536744535,0.12467064133483884,127.25768817182717,0.7965850308419586,0.739819649550455,-90.39235715550733,98.71656810217512,-24.492883598208522,38.824138995464175,-11.028894509340232,17.404368198938798,-5.38136315024364,15.130445213122332,-8.133175069801476,11.816538760707518,-4.475248704004654,5.329416280332971,-5.138755230728601,8.30815322432782,0.817029635565516,3.5396953011356413,-0.3666759989929649,8.745262472732447,-4.776611669110759,4.067009618515871
pop.00093.wav,pop,0.41491967073886227,0.1680970036680234,2747.6566421711295,2845.790666887031,5320.174371935206,0.10449615401583001,123.81586246129565,0.8173655088302321,0.6383679364839494,-90.00820666827335,93.81620159978266,-18.80988292545825,39.41902515911863,-10.255528276813004,17.410361721616756,-5.796412344726537,18.965126664406196,-8.543015847645105,5.80883493055908,-3.939990340517608,7.914033016894209,0.51279835836108,3.3124151428644035,-3.613865525072292,-1.4431097178005583,2.1249509086354674,4.751633884970091,-2.39029874194239,-0.9668144357735295
pop.00094.wav,pop,0.3530857182546825,0.17828533799582783,2278.514990879858,2468.7209761667423,5915.030701397261,0.10278618565582769,108.30844444820497,0.780560576436221,0.6448670796416822,-84.84004640901179,99.21085900558501,-20.492514856860932,37.30812045572734,-11.27730961832608,19.113003163743716,-6.849298604878806,17.118896987903348,-9.10953789227577,13.032728696028233,-2.146943161566106,6.476631527580181,-6.260135687031031,7.348698151877703,-5.178765451106252,8.071042547487817,-5.371648316396614,5.643118579489432,-1.2418490944452463,1.3181253468743965
pop.00095.wav,pop,0.38691505481042127,0.19159966339268406,2261.548518201242,2375.811820065473,4936.889752359484,0.10742074299676928,110.52255285989877,0.6085535006090709,0.6617026958780022,-85.08673494438567,95.74018463385882,-19.362913838575768,39.15216282997409,-10.154876272327508,18.71056423150586,-6.4192144068768044,14.30242656277812,-9.513804630475846,10.761173509312577,-11.376225769814653,9.241577599033356,-7.228070570509564,6.711834741489772,-5.583882809588568,5.008469598599291,-0.2651644421713333,8.508481255748741,-5.624072965034435,5.926418867013405
pop.00096.wav,pop,0.3939345811613242,0.16098665694350753,2651.971301011892,2407.533526804663,5451.135680740238,0.09311595430308008,110.93602374162967,0.8254880042235679,0.7902801152096323,-90.10509569745855,86.63813322393266,-20.597147847825365,40.09727835346729,-10.698320130079516,21.009015684996594,-9.430729782791966,16.51661258203408,-9.500139818193126,13.710546122062423,0.6502364718832778,5.260820785819078,-5.740799476809189,8.232085941332585,-5.561661229228668,3.5221913866930397,1.3075808693680435,6.212820293430889,4.9405890250687685,3.512352442800623
pop.00097.wav,pop,0.37167485993165444,0.17102487023306043,2469.882332118273,2425.4197203434355,5191.668702166494,0.09402349936730645,118.25774203976515,0.6373069385793128,0.7076252022537135,-90.35663628941946,88.22134006203322,-17.693025390965246,33.84053647045749,-7.991236927305465,16.12157213021551,-9.214756072110498,15.557391940848287,0.5944185584384467,10.349355933122048,-9.947878984598525,10.861085397907322,-3.695755214577055,7.209719963376471,-0.3264109103371573,-1.676133870717143,-1.9803894567944127,2.770918330141914,2.6655047180165568,5.181341290016229
pop.00098.wav,pop,0.3411899423165536,0.195252517046981,2589.9050176320425,2171.4965124584205,5219.513586222471,0.12352239170783783,106.28764901941285,0.8602061868676334,0.6229472451164217,-92.37368152994095,92.17138749383092,-15.869198805234014,38.52695159035241,-13.488451007982993,21.335632636742186,-6.0164570282218435,16.002608284382394,-6.814017495678029,10.763602903110844,-5.950699258687857,13.024405033807192,0.4326154759737948,10.248870487122026,0.3823478037206365,6.559199917985005,-5.7330874524493645,5.899903708766946,-0.6572043098100397,6.790092254852757
pop.00099.wav,pop,0.41422257547147284,0.18100760940306043,2163.155040493969,2433.9799034104753,5004.73770903372,0.1117854888627461,112.67561382845885,0.7279243379125355,0.7454852471020559,-91.29641434070633,95.36477461872204,-24.55823567262292,37.50279556971982,-8.031869298391118,16.309423649910578,-4.262824767191009,16.92319806590396,-6.8046898060193595,18.996202316507393,-0.27068926645512015,5.152161479882794,-0.7614778388998555,7.197589198959272,-4.330136272578233,1.7902725705013731,0.9846800046651372,2.2061636061275993,-1.305629065111156,0.2369222153204147
reggae.00000.wav,reggae,0.33755526188104223,0.11746141599857056,2077.6364585448305,1684.0953505607392,4205.921929708363,0.07080818481122447,87.2189012276018,0.7554202116804349,0.609106927855821,-125.16668568213959,105.3506309097557,-18.616287988479616,37.91405194700387,-3.000231969873372,18.596124911789694,-7.760082243637974,13.033299698542411,-3.204980922795088,8.723969609898173,-7.674689545703611,9.18538601536094,-1.6765750150662946,4.697475957366275,-3.8004694850264826,1.6191505010398672,-0.04822425616305415,-2.247488405574246,1.3684962789501274,-1.1623163109870562
reggae.00001.wav,reggae,0.2982395794138412,0.15643790631852042,1828.3825901308844,2020.0113509260948,4597.088415852826,0.10981646350774962,63.735987371172556,0.44350655517994647,0.4948760115338672,-117.19559501191304,109.9173963837886,-21.240757684734238,36.24423601390466,-10.127102334586105,17.008368708836716,-9.814361098283452,10.634208759254006,-4.333338142218149,7.054525081054179,-1.8450870560409085,2.9789074054424223,-4.651169894560525,6.313616434848067,2.026105992927186,3.931558917856231,0.5110123203865173,5.27424003089202,1.4915155659004746,-0.8605741775099154
reggae.00002.wav,reggae,0.3366896930938529,0.1061985081211293,2385.726760178793,2241.4747290509426,4362.160502134756,0.08749353629775608,65.43365277104401,0.6750552376621631,0.569335574430763,-117.83051966203514,99.7034361332526,-15.661068442915447,30.93136264961712,-11.968348924178711,13.138709002384608,-9.7946826253601,7.15464741465617,-3.81835653890737,6.839711633805047,-1.997791913515838,11.027927613204014,-2.388511140882012,-1.7346678818752812,-2.72587463464345,7.580183309193615,-1.2578184174904896,7.587991961075106,0.35882477941345603,-3.5148092031921667
reggae.00003.wav,reggae,0.3632874675131507,0.12594002588529457,2216.071160254729,2477.534582890082,4517.703931898045,0.08860719696080827,81.40950617262678,0.5065594554840346,0.5321417563069789,-119.87551174133142,106.09587098237672,-21.61097287773577,35.97986491849983,-4.983766953552706,11.884715754136392,-1.9025031336303773,10.075056892370458,-6.335474695355046,11.237833078239579,-3.1531632382801744,11.69755596251061,-4.558664131660253,-0.19497257191796358,-2.8413148434984246,6.367667497181419,-3.7814289566066295,-0.9903011483996376,-0.3132177918917377,-2.3910616305025494
reggae.00004.wav,reggae,0.3692007809884024,0.11318753897543646,2098.8932976704746,1900.9108152935717,4654.357103005366,0.07925448272509465,82.10818134323858,0.5967900369027912,0.550033432418847,-117.35322747117577,100.72479967456702,-22.11041322827968,37.8919977079653,-4.664439893610126,22.220992526301266,-7.110642091823731,11.307285992234027,-2.4179357597429103,7.963413300218317,-5.238408062087713,3.311745906359853,-1.3584133015131514,1.7994204750130853,-5.284590477100558,5.180716033463778,-1.2854780544568456,5.811618811745056,-2.274734230248527,0.2562321500733935
reggae.00005.wav,reggae,0.37270660188106414,0.10375950250892345,1868.374454888663,2038.6782097317052,4126.604262796556,0.10858654814943855,64.98568940034275,0.6236406065693967,0.5805856730657812,-115.29906345789001,114.41005814496683,-13.705640937636435,34.777000843723584,-11.937489054875051,12.441333215466873,-4.919429446904335,5.905771556241307,-2.1536822461263423,1.595234327716966,0.4567001566938469,5.034899064199204,-1.6202091635894331,2.754883110738553,-7.695579230667716,7.704085837582785,3.0071041848641418,1.9455367043889065,0.9857886942020233,0.8273257393687883
reggae.00006.wav,reggae,0.3686546953279874,0.1351827839784022,2111.0169849147746,2391.3745304136824,4381.608236496867,0.08242126925557894,69.90864825698063,0.48171956957408635,0.6026600007999281,-124.50547955674236,108.3174219102384,-18.8434311780436,29.54418228677633,-11.296172530344402,18.02310335694516,-6.043924061409954,15.766295669689459,-7.7892269515777635,6.2655091308144115,-3.2766634743822403,3.744429768090198,-1.9816440075745911,5.958502299246557,-0.5465472826107798,8.518501392653384,-4.9104172863447415,4.0132809598059325,-2.9408284587645,3.290040140070754
reggae.00007.wav,reggae,0.3729399655905914,0.10026161233535337,1819.7695314731825,2242.0957514245233,4208.191578760446,0.07870567238902594,81.26389463819979,0.5785374780689706,0.5782580992581641,-122.5561594129275,101.21424306948707,-17.899637639395547,27.730519168554306,-7.701714625312897,19.650510374273317,-7.060379310858853,9.391387158379509,1.9935343208814347,12.529105457562938,-5.293793611666242,6.417039543176926,-1.013965272955752,5.610981268178534,3.444020343138363,4.261689677258261,-0.2882953731069494,5.065986885439248,2.569759148143002,4.810697582912318
reggae.00008.wav,reggae,0.3761425435893492,0.08882600389212184,1902.3724551883147,2297.4958172969486,4287.639544047757,0.09439192950734428,91.09732849336999,0.4258429435952541,0.6985104905903666,-120.9910903874809,107.8060494578242,-18.12366223010435,38.381013616678985,-7.609739191214786,14.078457326932059,-4.740376131624696,11.97182834215481,-0.5857087176686564,9.344158395814777,4.425193917507909,5.665787593793183,-2.298859849341421,3.188341849840837,-1.7429949849374688,4.6931773632488625,-0.1563684101323669,3.2015630264819976,-2.8294636501818964,-0.6449953842470655
reggae.00009.wav,reggae,0.34874478825493327,0.14283075320470226,2271.3599370982956,2136.146383440722,3870.4459617364014,0.08078239584524814,92.73332348216064,0.5999174268253297,0.6752870976347298,-117.11194524884229,109.62169983402394,-21.45859860464136,30.82388039390863,-9.586164898510447,17.76134319121295,-5.5196673280812085,13.268933872068224,-5.520662049601668,12.11585615203747,-3.208001124447905,8.08363665587455,1.5862194967688197,8.345372946484904,-0.9175147747946102,6.458040719147636,4.22498199191686,4.540803701924087,-3.18893920618474,3.749152192891655
reggae.00010.wav,reggae,0.3588815634594123,0.07303997731191311,2092.3996047406185,2170.9971170028093,4604.746220024103,0.07074859513767541,63.95432270096554,0.5334944687528408,0.5588375795088931,-119.7185011638433,105.06212605105621,-21.20618086261898,31.58324858907523,-9.045217488513245,19.21812622230232,-4.862023907908157,10.166008634764415,1.1716546292682972,7.1932769713549725,-1.3266398283415106,5.499235999232154,2.8934575450840114,5.2605793274408335,-1.650757316327979,3.580388923681859,-0.4104642219963559,6.598613515943727,1.5375315340540636,2.084228543348513
reggae.00011.wav,reggae,0.4110397531936996,0.13745971282685138,1912.36377616053,1901.5372963278912,4054.7451693712005,0.08820023167825379,80.77760296505141,0.6287310146641616,0.5481887123629927,-121.31746600184043,101.46707199037647,-22.016397634738336,30.116543762140044,-6.900163267117937,18.314183304670948,-8.845062319865024,8.572172241838281,-9.339469525970301,8.643056624830987,-5.196416705912215,10.989094134635543,-0.7705736010512159,4.485662769629675,-3.9233372826333572,-0.4840106605826877,-5.103615330836293,1.1335771362835956,-3.0967086460729143,-0.9975155285379831
reggae.00012.wav,reggae,0.37131284182327035,0.13028531184829717,1908.2735205396543,2498.327408287757,3588.6447217193677,0.08287245848458395,74.2513583672966,0.4759439294426195,0.5435594515767094,-120.02087964873708,104.32341651803482,-19.175629581337677,28.103841095031875,-12.854335453431496,15.134450574413304,-7.2062883134895905,10.408889419169517,-4.3258653936685265,6.432492974351547,-3.6372222714546165,3.4394150756895168,2.57183742748985,2.600779555550094,-3.1129421283960217,1.8286336326583585,-3.2217446206147087,3.07392469991384,-1.306702629649036,0.6216188288743694
reggae.00013.wav,reggae,0.3514957202533706,0.10560372898013459,2080.345127545232,2519.9346936663287,3893.8055529683734,0.08790944835601908,76.35959165616568,0.5734903806506072,0.6211881167354248,-119.38376190834401,104.8805382716547,-19.30335059894534,29.705118940674094,-8.290536982855354,12.14623350574696,-7.781567970352406,14.320560873417705,-3.7044633367609263,10.67799325680665,1.4089316599752717,5.468911632255549,-1.3780224974190753,4.094462317541733,-4.437817281426819,1.141095222002786,1.529451117789474,3.6258818414569443,4.5398092162431585,4.916156038771673
reggae.00014.wav,reggae,0.33806361031390897,0.13680684360453543,1938.984892179549,2369.0347476432203,4029.7831429649427,0.06621361059635991,69.63395938350872,0.4604268078068069,0.5191147594572245,-121.71782482681532,107.5700756109757,-12.611867375201447,28.009431453339488,-4.209460871500552,14.566888852076714,-4.956352406393298,6.037561908280108,-2.427894947965432,1.984062809551812,-2.0581947830695038,6.7717681410880095,-1.426977097113598,2.7952695481012118,-0.35141997671106884,5.173244528250152,-1.6298583509233588,5.015550921525582,-1.286812439696516,3.586331476726286
reggae.00015.wav,reggae,0.35622362017817727,0.12433403982219081,2114.9445882150526,2078.3757367487538,3768.157194811032,0.08614118508322233,85.51513102890344,0.5439320778365957,0.6365888570932065,-120.12652831948992,107.2173559583196,-18.55780624841381,30.638303656619414,-4.684105241375402,14.408385045121953,-3.331587160644753,14.317806385873126,-2.299549203813817,4.252293441282102,-2.918535272332507,5.394000008824148,-3.48799776600594,5.428254762039282,0.3076190424926444,2.624342019606405,-1.5141480228210233,2.2768231985040375,2.4916131366329353,1.2286981465682405
reggae.00016.wav,reggae,0.3229678302671476,0.08853130322018972,2072.545913313194,2013.0772868205377,4434.053576845367,0.06203170017239303,71.68870266711514,0.4135544920383882,0.5905631707791279,-118.05345737812605,106.0158754729098,-21.257808961211527,29.762708767668002,-7.297058034165339,10.936775775626908,-6.723404833163709,15.550716060007645,-4.539866647541125,3.534366082904146,-4.822227743028407,4.107923022967273,4.420926339509684,9.997037241541687,0.19280630230473417,2.9707722077758056,2.601888982939169,-0.40037891715137564,2.2297259457327776,4.783920612260132
reggae.00017.wav,reggae,0.35545962796052155,0.14278372626701544,1910.55577410723,1922.2845923423179,4542.287754549972,0.08072135606290812,80.81424482638934,0.6656709273247525,0.5669407144791451,-120.43013851451992,109.70890351373315,-15.993804807434149,29.90065176738621,-10.865053110618437,14.415758079689963,-8.215244114408634,11.712044358468592,-3.7646964784072012,8.837713262826053,-5.522438404679347,5.787498277424235,-8.16709932186865,5.435018952084099,1.5263219348675956,-0.27423772803854085,0.4502846919423835,1.1669569447183106,1.407503461080108,2.475942353636836
reggae.00018.wav,reggae,0.3721411233798132,0.1212964779751088,2265.6663612768707,2212.5338859851186,3953.101700099142,0.08348072578481505,73.04895165627161,0.5329919925215671,0.5529450830926779,-122.03043220663895,105.59781663824533,-17.832631114150338,35.19186753513754,-9.244867637398439,10.057438457514078,-7.091612395389939,6.120707723250269,-2.7529840777102716,2.978306214953637,-5.965113187242304,4.912996625175412,2.6318518142834346,1.7813296528552476,-1.9627850505602413,5.739929730871777,3.4521816596620924,5.33338425516423,2.281720854897396,4.592921176554624
reggae.00019.wav,reggae,0.3237263108581158,0.12719384208634094,2169.7321904344444,1977.8299478586764,3997.084043146592,0.06995211557309416,82.18098388774426,0.5144575103736695,0.592136394862286,-123.84500974995896,104.79781724041862,-19.702765064954246,32.73001869579249,-11.428901595936352,16.5337187785186,-7.316852311496462,7.2521092227945605,-7.9818521136344405,4.468938835931917,-3.6191971723216265,6.362986303090501,-1.1905291028684564,5.922658753185343,-4.275569782937601,7.175208724285527,-2.326676578024459,4.3504492801791965,-1.4924663004814505,3.1268636951091247
reggae.00020.wav,reggae,0.35357015801565256,0.12787269753149133,1998.5222260239352,2296.491302717124,3913.4602348760804,0.055451629961641324,68.21314064452723,0.6055134732190427,0.5480713364225901,-119.72381311336031,101.83909015786084,-17.803338824549165,28.93156206778191,-10.627343825158265,14.792548951528358,-4.6647082264735635,12.65554274192753,-2.262865306186489,3.235747654866878,-3.0199935011707844,5.409654499851792,-6.596547248244367,5.047951300166595,-2.751281652310284,5.534577016353662,-0.7562587712805926,1.3520384091502406,1.7772873513709322,-4.663700502325373
reggae.00021.wav,reggae,0.3580720461471117,0.08473498136016128,1817.561345758776,2244.466466541683,3754.030881845719,0.060644232719440985,95.055559867325,0.4112568758863868,0.7389843946568674,-120.51660649373778,103.42551263568308,-16.299640828235386,36.0097822266335,-11.438203826324985,14.46925063081441,-3.459390795947243,11.863982937281,-0.6942465080758522,9.545335863295339,2.4246720274474445,6.535765796500951,-1.3345665550071144,5.965164116047396,-2.427466555179674,6.544261476402774,-0.2888763284109218,5.364540027435432,1.8334995608724802,3.285364044680982
reggae.00022.wav,reggae,0.3750514897270259,0.09979340424806932,1889.9292824360357,2301.8090215383318,4698.270913636479,0.052893546617374596,71.45709482198868,0.5218896481931721,0.5240003824784237,-122.46755893254505,106.42475962138141,-13.2558720924857,25.90452933103358,-8.51142844694509,17.389841025371165,-3.659358083399275,11.957382029207116,1.2842076498083461,8.086719779977383,0.9359783711762919,4.060896988962092,-1.8260511602334506,1.361854772603448,0.7025933216469831,3.6386714120764707,0.07346318755969383,2.0598941061447786,0.7592855049770479,3.1923019215672563
reggae.00023.wav,reggae,0.3301604571008638,0.10126465134833978,1994.4462539317296,2268.7233123331985,4852.013443589847,0.08654486284998594,84.06025121990832,0.39097192521886653,0.7158737345463553,-118.18294136661243,104.85118646652366,-18.494088142373776,28.678400606423004,-10.463860387160512,21.73130689640024,-8.967013314858038,7.975196726400965,-6.106661458226737,4.405457741116182,-2.9540802754634696,9.266731537995717,-3.8314769788161005,0.8800271607175354,-1.1244160609560385,3.8326769869605606,2.008173650244874,1.6364751020931887,-1.7804703388800256,1.551408906370193
reggae.00024.wav,reggae,0.3626701233166045,0.1121487664528482,1889.0711783907982,1816.9320167212686,4002.114476807959,0.09272834902122629,82.8019641549511,0.482310958112696,0.6754816654901546,-120.08611221510107,100.98646088455216,-22.957152169362768,35.654773767859176,-9.119011175783221,12.357806430782263,-12.777828514306606,9.812851667374572,-2.7857474230109163,5.906926567861387,-6.159735480401615,4.351872694179818,1.729576057434567,0.8210551469744285,-3.9251030912675513,7.632273218852772,0.4825288682712605,3.537383441336869,-2.945338406248746,2.091514443501284
reggae.00025.wav,reggae,0.34386512794640095,0.10281227737858498,1783.9885049396519,2291.1372073470498,4178.857853724353,0.08671770615704044,77.21338548641123,0.5552735062246688,0.5768142560747475,-121.44497235316372,102.55415901182663,-22.24190740022134,28.63390048813125,-9.096253163300664,11.190881546693564,-10.14685771240809,14.126419677905533,-3.3274615454386227,6.644489815389438,3.8147233767136814,1.0552508438609136,0.9268338293854654,4.665601751661752,0.35514106873843554,4.326861151812421,-6.616735186735773,3.2863814026764855,0.006667563918794084,-4.575955895573242
reggae.00026.wav,reggae,0.4183214488140569,0.12622415188345543,2134.3975480272993,1940.204709876264,4441.716132750967,0.09834256689344584,78.02854582510277,0.5192502753183389,0.5479276405992145,-120.64862075334997,103.46391145722215,-16.284013087821947,29.450372224647793,-6.306047835489328,13.48304331181103,-6.787057662480056,12.84813319103845,-6.111390159958132,9.951609466932805,-1.3410175269858955,5.187147979869169,1.485349604067368,5.2333530259313426,1.3068295797560499,9.380394774631537,-1.7239030651039342,4.93486495208219,-2.9127037759686267,-1.0984432285245944
reggae.00027.wav,reggae,0.35413621027840714,0.09274799440501073,1812.478444070538,2256.457867877792,4020.2228445929068,0.09265771130682793,78.3952955041399,0.6680923249615293,0.6201992224193269,-116.65734578916205,106.20565398938264,-17.065819496765783,35.49419912633994,-5.9936076024042055,16.630190838872284,-5.383036002210847,12.614687935491247,-6.0141205583796555,5.858601601583905,1.2762177971187967,11.593240991579993,-4.786647375230498,2.993016702680887,1.4275684585124342,5.60055997942719,1.0292843159627663,5.689803884559171,-1.7221964852322267,2.9899097749705597
reggae.00028.wav,reggae,0.36756576452094275,0.10283016799509079,2063.018188643141,2372.7879253069405,4083.0533664048235,0.08428853873111401,77.65367132808684,0.49722683596517836,0.6250463293650436,-122.04019689376496,108.99793655608781,-16.121383315103262,29.189694197981318,-2.90597094534124,16.504304383784785,-8.168842551705154,14.313663574973575,-2.515985441655925,2.684120887297885,-4.576980951731561,6.837292011664631,-8.478700032927977,5.255210256162182,-1.5260618818842202,0.44952435287253234,-0.18806534122010943,3.022391517375101,-4.573882317655044,4.758681640588476
reggae.00029.wav,reggae,0.38513561384303413,0.11420525826295277,1960.2837353216353,2280.7275087671624,4129.7678999108675,0.05303637699219768,79.89549245919942,0.45493925434091936,0.5801159440011181,-115.62638829614558,104.5980645779736,-17.99479519237838,33.52900182639079,-6.483998168377903,13.242406697866649,-6.180895546603123,11.108457583777481,-3.1839193101135193,8.867665822749858,4.762323686332373,2.472420688238266,0.9402748605938687,8.550127417499176,-0.5216480782294184,2.049053815380775,3.9940040908028793,-3.575948594220594,-3.0498000916534793,5.515046591668434
reggae.00030.wav,reggae,0.34889665189732444,0.1519292904960037,1697.63905106432,1949.8216590893585,4013.9266404555588,0.08826098916304793,74.22383879695981,0.4807680597950063,0.6493592170435254,-115.45966507383255,103.75686070287733,-23.129303421988986,25.52754851243786,-7.282129655658931,17.967866866656394,-5.811006643264363,10.787275678757725,-6.413627844082248,9.964939381741516,2.0345561366967306,-0.6506330320066676,-2.232503566363146,2.0889549517591988,-6.471397982161555,0.6100723876467518,0.1390185670532138,4.214886592773498,3.3808632835244,2.026344641436384
reggae.00031.wav,reggae,0.3072533511039126,0.11523660915248056,1722.7241855568432,1932.7767404440392,4403.195670442274,0.0849127135839163,80.70052476348265,0.4914005722182618,0.6421534460343277,-121.24020869487033,108.35004849822674,-16.966083181585372,31.379009388546148,-7.363720867471709,15.946417897075246,-1.2116804540612307,11.736312867736368,-4.004838017183525,7.284527428847602,-0.4704473422649671,8.123740017160515,-2.8215248909378845,1.5330754561315736,-4.705904415135061,3.4475123813734116,3.046782518357249,2.2494701122592584,-2.7823708298966934,-3.2821579397459386
reggae.00032.wav,reggae,0.4054062430680689,0.13138056291962918,2159.2019940011714,2323.1038493472875,4142.344419934363,0.08326885950621303,87.90881553561596,0.5343664711455309,0.6590343227617596,-117.38834784839847,106.92879399726793,-18.38450751079948,31.89834847155824,-5.667078686072173,18.32800857980418,-2.4953022029416148,12.653290949929517,-2.2101831592238357,6.661299899646659,-4.743448533215705,8.341892023054484,-3.722555204049125,4.937896990649414,2.137069722913872,7.661710877035267,-0.0946335076084488,2.1115812604988693,-1.3701367310305141,4.602980423166844
reggae.00033.wav,reggae,0.35890502167661503,0.10883435213979471,2243.1549512815945,2182.6880250432705,3997.960462652889,0.08918410283398946,83.76974730554006,0.4393861548169792,0.6041138567281286,-120.74005010276524,106.35686149735042,-16.103975031420426,30.345578266161542,-12.478253527718074,19.0953962637982,-9.359835811731639,11.813552615131632,-4.395942696192047,8.487331715612225,1.9537019151205746,15.114844840865485,-6.900312234195826,7.951718465998771,-2.468743318032938,7.143563541137657,1.8717892285374909,7.22923442159449,-0.14510525451190848,-0.6687294548650717
reggae.00034.wav,reggae,0.3878294846612886,0.12235995152288129,1953.2313569731734,2064.279701473107,4552.217449186795,0.10605054238011066,66.43717953040293,0.5697561793983145,0.5305200639678788,-124.40181719457634,105.44311746228902,-20.499413340568683,27.266740316599407,-10.345221416673603,12.916678246258439,-7.940060559190174,7.022347769138933,-5.185420325878642,5.860252615748083,-1.873158368563028,7.780616959194946,-1.2195542696646744,4.293666626379473,-2.787282787076944,1.4887750377659037,-3.4389839782298104,5.110811604236208,-6.279107795951393,1.7578251850611728
reggae.00035.wav,reggae,0.35029412815316396,0.13198264202749785,1714.99760331553,2152.246526987469,4320.044519475688,0.05342903172064008,67.4053762171061,0.5126568122549767,0.5784775061958631,-119.4525020666619,106.68136275884942,-21.238117537921966,27.233748950815922,-7.746482582729632,12.311940285357656,-8.595966978143409,13.79683506447912,-3.432701329699446,6.295565284233756,-5.09409451392289,7.862764670667494,-1.36408719305005,1.356330073031927,-7.843471199302842,9.64540549792045,-4.667437675952673,4.583089509900368,3.532078797014522,2.442792706499467
reggae.00036.wav,reggae,0.34198689970598384,0.09147901916608575,1711.997892735994,2217.8050727617497,4707.841713032494,0.07606811354943206,71.5542363028051,0.5757984872648949,0.5340310234402817,-119.17655127711474,105.12540435025653,-19.228404175734166,31.953385523790438,-2.7105436560500626,17.81359883230287,-2.7224975872320645,8.243916917239817,-0.7121915571772761,9.917061426406955,-7.498788289678103,7.619372200113299,-3.5398224103840317,0.36258897102315135,-1.6106728030171413,5.61712777318783,-0.5451757940663114,2.672584245462734,-1.9917560153749958,9.399764028024668
reggae.00037.wav,reggae,0.3245229183441406,0.13745843964714408,2003.0845941777968,1996.1960288719342,4183.060332279997,0.06110601043617074,71.23607674554518,0.5162452539331516,0.489579434865838,-118.48085238453582,102.10871687726541,-22.35516287404066,28.758746792514888,-1.4721375144935394,10.065807574393482,-4.691630733690629,8.74509118694214,-5.050384514552684,9.811792786040998,-1.3355438554832388,3.957910742514628,-6.073472019899882,6.866422921101918,-0.34286842097196746,3.145091473635435,0.3258331514251347,1.662511557073394,-3.4811126951043647,2.0118865433632256
reggae.00038.wav,reggae,0.3755709822327455,0.12618500539104868,2101.8325360153344,2013.0958028079574,4753.658393665389,0.07686428716992064,75.04867478818727,0.41450752726257056,0.571739772640838,-118.40328678944545,107.287531838078,-13.314177788439654,33.56070468747638,-7.169260412600891,14.661114665457042,-7.98522122469902,13.910745544004467,-1.1467889447832742,4.768961897453682,-0.8307123385395556,7.951151074187527,-5.341426655042583,6.62137041436753,-5.148639378445422,-3.2878789030204665,-1.480307241076149,3.773444115764967,-1.3452124146493396,10.601320451563923
reggae.00039.wav,reggae,0.3713655368770492,0.122942836385974,2085.9182606628183,2070.5625792079823,4525.317671732739,0.08741502919265653,78.52137363113992,0.4700703821706449,0.51623863479432,-121.50415826723187,105.84790156877968,-19.33409843923484,32.875181501202114,-8.697085630568914,17.29173845387957,-8.930472377625943,11.578670035655243,-5.922862439054191,3.385151173608092,-3.495462369085125,10.608952721454141,-6.375729223537947,5.358176751182598,0.3927311897926731,10.900092055433355,-2.4787989473400636,1.1039981861870611,-4.5000765878178,5.421549004538658
reggae.00040.wav,reggae,0.33397757012282775,0.11258807136449299,1630.212424525749,2309.1149316821347,4605.3903982723095,0.09468662595376548,63.15739774917026,0.5685720832623445,0.4532067223231884,-119.82587909380727,105.6152327399514,-17.069450345675204,33.603909597912406,-8.024100810677817,10.112711461814342,-4.394636973601403,11.292824423383244,-6.7078593741137,3.2918077365901732,1.6200665577730753,9.693901614872049,0.1178722219223638,2.9711002662958905,-9.550986656634553,6.294037526305705,0.10006032156522515,1.87601307278347,2.3744189200936283,4.54399260188855
reggae.00041.wav,reggae,0.36528286464692544,0.12070116835742227,2010.1935435199362,2272.3891771102544,3899.883278709954,0.08838974682677556,68.63527244424327,0.6269244137401787,0.583988700244674,-122.06468478491679,105.24178747208924,-20.56135914008412,36.512338513102385,-3.131372046586371,18.088671047688543,-1.3300302970362683,11.455387846617501,-1.709462298475609,11.674173565729266,-3.017230786547751,6.213311571952035,0.8009698042866926,6.93949389678798,-4.2663821606031584,-2.560488113814407,-1.5265841877911448,-3.2907425376755377,-3.973052008316645,-0.6228608716011528
reggae.00042.wav,reggae,0.3429407306717962,0.13640876288327083,2207.535908146052,2241.573329565297,4421.377441621632,0.0918418068455297,56.02536007023261,0.5208158145605694,0.42027216420487196,-118.47258157298538,98.72067555804091,-18.5413156060521,33.64330932805876,-11.353273844948937,18.88514788153966,-4.48013349014476,12.14247408751373,-1.905995237468404,6.922399736700033,-2.5442434087295736,6.030154716702597,-2.0376468338484344,2.9839067700587685,-5.727596344168117,2.9894249521315746,-2.175843721582801,0.7898070374493305,1.556161345430073,-1.516619853566839
reggae.00043.wav,reggae,0.3548547252332627,0.14332679423122505,2181.8258705199105,2368.932899317511,3993.2267979190206,0.0937643218859156,67.49623682417494,0.49793008353467677,0.5440230975516464,-121.72752063659404,103.91455803574642,-19.48012778249206,29.052818566694913,-5.430759481982626,15.452649991377193,-5.395690368248142,11.491330613578564,-3.8358207246699356,8.278413638169285,-3.916251660093064,10.255190605544588,0.2822342849060764,5.05514609831306,-3.3411633078981895,3.643537471812759,0.25286454911523704,7.4998202776089355,-5.119142633995134,3.979324275925333
reggae.00044.wav,reggae,0.393801709103359,0.09026563060189535,1963.769824653745,1958.386764845053,4350.685364086962,0.07662473601466673,74.95888746495899,0.48711553541772207,0.6171039996320096,-119.31290111820559,105.69278029211897,-17.518134524755638,33.71747264135641,-8.78591556456897,21.10232436262278,-9.704384253655558,5.822244655491054,-9.42604170582572,1.761235642122693,-0.9804905555392436,7.654103097847923,1.6233294753267846,1.8300853558834342,0.236384364236502,4.170472186447918,-0.5002405025324224,4.876868686048823,-3.268845253187331,9.761747406213463
reggae.00045.wav,reggae,0.3999564091282606,0.10936588092009278,1781.8523884553304,2134.1772508751556,4263.790455253715,0.09798422889562466,66.6502327074534,0.5428389554559333,0.47348762143221074,-118.69092721976665,104.67748733862585,-12.18996071314271,27.361992367340967,-3.8881748555296856,10.888505994501344,-9.981630823219513,5.968716324583504,-3.248942174646838,4.478903567738799,-7.044994515841614,6.608302804870142,-0.6446738423759284,5.119547912450978,-2.4866574470646587,9.486728897311535,-0.562491201274089,5.417074421766747,-0.5712336229301237,-1.2936288647640524
reggae.00046.wav,reggae,0.3764966304570605,0.10688405377060414,1981.8027723921527,2204.9724827408168,3520.503676589675,0.05785746814162407,83.2756733799805,0.4669002842720845,0.5814676757194838,-119.50068480788754,103.8429822086344,-16.747234855071632,31.846634633800868,-7.404191149458654,13.894424829273241,-5.419215530157217,14.315267260506332,-5.703244648342595,10.745954900816454,-3.1546809549679473,8.203444967933812,-1.6136860449406674,4.899767239706221,-0.9508109537709017,7.640792686906747,-0.2917081173547733,4.435592492725193,-2.1054547407301043,6.712659421985077
reggae.00047.wav,reggae,0.3792101133278901,0.12155416920050012,1975.469265549065,2326.02348846916,3987.828573034159,0.05525687475593001,76.57919679539565,0.6152003658491475,0.6667374285419674,-120.32188183030163,105.13076299182535,-16.441408702452136,31.206951743408705,-6.450782154826554,15.743794746795196,-2.965895228429461,13.16894153929347,-1.5693165030927014,7.384047065593736,2.7777819615067836,7.451735827138417,-1.2581178395395056,2.717171058299085,-2.291215460445662,4.343139282107908,-3.3630318892729,2.1230485626927362,-1.4974000543090293,2.1677619827696546
reggae.00048.wav,reggae,0.3071187902987519,0.1172945891859147,1924.5307633840137,2146.240853067518,4562.346798163089,0.11278593238181808,81.42701759715702,0.4212462262346931,0.5880809683977122,-118.21211007350672,106.44987148928706,-15.038022793640778,31.707947017128213,-9.090500733096517,21.257272011748118,-5.823988189891088,7.949976871936656,0.42540097109876296,3.511713525816665,-13.485135667465816,8.308160274112721,0.7321029130738936,6.242038825834073,-5.907368251976149,3.823390434273038,-1.8345057206616135,1.3881329673228318,3.236208292427838,-1.1399981758950668
reggae.00049.wav,reggae,0.36948313359319196,0.1438809396732515,2076.2883050638075,2373.4013070491674,4397.300152850125,0.08844024505738043,78.93467895065717,0.569075461332012,0.5767280911943514,-123.90562155561835,107.86213023438992,-14.514773098482703,32.75593643271813,-9.645126858903112,11.326848650411087,-5.742578700229836,6.953148965846086,-8.466962507913777,7.937805415952922,-5.291308503564043,7.035928668494312,-2.477886807685623,3.1800963013321697,-7.114745242186897,1.4413356225089275,-3.4484094701532717,-0.6759230205448858,-1.9871328857271549,-1.4417559735239553
reggae.00050.wav,reggae,0.3550877175812635,0.12480822427337311,1834.7660091221644,2226.5735532953454,3723.5247450633037,0.06531733902405565,75.09426161900184,0.5749632873510911,0.6249734581457203,-115.16282813352733,103.87023337554747,-18.382503956034913,28.901973412946038,-11.76129899597307,16.685716258982573,-8.327614498338729,14.697137600051871,-8.387157195602171,9.45905961747409,-6.017217716451087,3.538654599683749,-0.38266380424390745,2.972358691676275,-3.5473522025597,1.5635249093452939,4.355089374840325,1.1475410667599713,-0.8453433477017105,1.3942591991567772
reggae.00051.wav,reggae,0.3666425118517278,0.10770526106068129,1959.8365530916699,2220.9113616189084,3897.9475016989527,0.09833982034942232,85.48384415233306,0.5685194100926991,0.6240582347510731,-128.97180434461362,106.2728733979634,-19.173991215686595,31.26117676574738,-13.692131991568449,17.480765457622578,-10.345743140480863,11.355273637974182,-1.2860275542704769,6.592015456047344,0.6481551756853214,3.7590288653784594,-0.19870076980699514,1.0856427456244173,1.0933913040415701,6.6279711477378696,0.4050737688911892,1.8201475901585664,-5.206001870284336,0.8280790543416274
reggae.00052.wav,reggae,0.39330921527244367,0.1225992374313823,1689.39261409751,1947.5490249044105,4638.602990298298,0.08931869128191829,66.12799903408057,0.3787334803060325,0.5167278896477988,-125.55407612396976,104.532496529979,-10.645123884491088,27.209131772902484,-8.558076989618645,19.935779725993754,-3.752736425099714,10.553777855602585,-4.439046010504592,4.532270652726263,-3.80296731001666,6.73032214272039,1.3153406298222707,3.139473129455732,-2.5695053841903874,1.1523595577299526,-0.3240244613784844,5.3513383509268895,0.8889440402896844,-1.510561226327066
reggae.00053.wav,reggae,0.3644058962836924,0.10645374943499623,2202.2100031305667,2120.963709900763,3668.1703316156204,0.07870295941588401,79.66778055359104,0.539520485051424,0.5731643763933674,-121.75582016961344,102.03748680535105,-19.18424886100592,29.43296310042259,-5.089742041468056,13.296587827805151,-5.6331466129133965,11.162911709978998,-1.162997656345266,11.268104866875113,-0.9120901701560151,7.058785029870389,-5.145938438282174,1.7933897367852274,-4.537072459294847,6.255762998883746,-0.7800102152480924,5.605971722206688,2.008408202960249,-0.17785570089774394
reggae.00054.wav,reggae,0.3609622298267156,0.1197401264263282,1934.442462075157,2053.728286185552,4614.66442619387,0.08277957590073251,76.10515830847814,0.45577778601051233,0.6191549651774683,-123.01532250251404,106.36471658653404,-16.553311919834513,30.762454852029293,-7.047043756450461,16.55700867713346,-6.118081874430449,11.038831940435697,-3.8146545304194364,8.389735018016145,-2.8192739059688803,2.6884074293635747,-2.4566328530168144,5.794845803590617,-1.7081338143821254,6.861250778185415,0.8602597684983633,0.3887713948405924,-1.4998813241631845,1.0659900396584363
reggae.00055.wav,reggae,0.3598695454011845,0.119940372003226,2122.3043338479697,2181.919105365406,4630.690751822993,0.0856150470649354,69.35527583730179,0.4826175503865424,0.5902717379264697,-124.84250479351705,100.96235875571986,-17.96790837862431,34.852766355563496,-4.078893704135368,15.348682758934686,-2.817513939042348,11.216803729306694,-8.594244946729692,7.975770390564891,-4.856724373864653,8.754692641433223,-2.0770257810634605,1.1662606803305886,-6.499144432725678,3.937060127756647,-8.260652414379116,1.4455041305162977,-0.3069090227714747,-1.171049512166074
reggae.00056.wav,reggae,0.38981961470715987,0.14382013099501384,1796.6598094496096,2096.3520486446323,4548.142602962515,0.08198038698617367,64.84417137520784,0.5085343145148518,0.5005192265422375,-116.67540631072234,106.81779628297377,-18.941270835796885,32.42644403759012,-11.924364730917459,13.738667624327165,-1.3401624369225207,11.160543957739002,-1.209742585625905,8.696039265224085,0.9428455290885731,0.0034874022023405615,-2.5646527520570195,9.934344938649168,0.8685203066819325,7.976116776370574,-1.0202937809694725,1.3886807537598496,-4.081493379063785,-1.2907842749845306
reggae.00057.wav,reggae,0.38421181686625555,0.13026422100841703,1986.685310133928,2241.4743178733024,4249.858115668221,0.09643326552099225,83.62149403926536,0.4347300719612126,0.6272629020207345,-125.00660025058225,105.3990622142718,-16.187087160895246,28.058841965620516,-9.249388206382497,16.028579131659406,-5.298255250879831,10.164188890325494,-7.516864457214016,7.837978394242225,-7.956730700822934,5.302075689953565,-3.3241208410907888,4.597202979681738,-3.677965932427049,-0.5230425144686013,-2.0990299617685366,5.792460375111958,2.784382411966414,9.318002836157799
reggae.00058.wav,reggae,0.4107495122519299,0.09606124146663791,1918.3124797454682,2145.8985857292,4170.054058018205,0.08304299994844339,95.26073137238046,0.43343587633660824,0.6215511858357119,-115.06852220973272,103.15205597074544,-16.819258048992854,35.103972109604626,-6.540502949803911,16.575296899307478,-3.184167690918048,8.32079433048509,-5.489089388488004,9.60691276539549,-9.208317777642753,10.249751470034077,-1.0898228744066567,5.45909525834345,-6.891538632923172,0.14017262380078588,-2.1957509929025854,5.422289550886797,-7.229848036595756,4.365094402332069
reggae.00059.wav,reggae,0.34919906027674896,0.11553153054516696,2050.718588338161,2198.477102812354,3950.649993522191,0.09137365132703264,57.44481488082849,0.4839664890745876,0.5231021439619521,-121.03484794564342,99.51926908810205,-15.725917863718587,28.254836563618845,-8.202542022584868,16.459103791202867,-5.940518538703898,14.507032777591446,-4.1597876799810605,9.282366214090821,-3.1677120994537233,7.838868252498824,2.1804858911425695,5.412625488416581,0.34555107274899877,8.365986804646592,3.0715527409228143,1.8441317891663682,2.1092970672355023,2.7463134801415787
reggae.00060.wav,reggae,0.3935168999320174,0.131372691671259,2055.1336152072377,2228.114974462344,4289.333284613626,0.08641499567704766,74.72934111534472,0.4998620527513986,0.6683937756511762,-118.56741626666644,103.2800852333058,-18.83225229428893,35.16877536034385,-10.208560130265859,11.553916954566969,-10.225347421806134,5.813073199385636,-7.8964445747933745,4.457402180597569,1.1557121388244163,5.861462362022195,-3.0897906174101517,0.669760810944279,-2.4293791924140202,-1.2119841876925772,-2.1082515138590945,9.193483169531024,0.9914107361190949,1.3706055189364081
reggae.00061.wav,reggae,0.3809437081621907,0.10956913643744863,1839.8644514241623,2456.7433333159115,3800.203871127904,0.07668818146483974,78.44826625890808,0.44510126353940416,0.6267112461524758,-120.91978357392675,106.99173098270057,-16.242047460748445,31.27096360812251,-2.8680239822270446,14.003992589699676,-1.9533885883537891,14.524799727884123,1.3126466229813198,8.522168118029063,-5.365757135783969,12.230389755988641,-3.0041044039290927,2.5593722818833933,-2.5693602377144384,1.0549278515287672,0.5784464753700376,1.1829948547244626,-1.8624525097146165,4.903336584994887
reggae.00062.wav,reggae,0.3787107963052857,0.12031169145139317,2034.1747057493965,2152.2059775136777,4049.0957267539225,0.08196210008728319,79.92673300394355,0.5099070296816929,0.6207136302763021,-122.51000633526914,103.18831904656288,-20.202961509821925,30.30460588462278,-4.138456859881726,18.17811637933108,-9.230769356053036,12.312494889225365,-5.17174693794571,5.952846243585303,-7.457218397167521,8.915756081460733,-6.0915894490014155,4.844110465970377,-4.838933737174607,6.327531841209774,-2.0030554789418518,2.5966120334389657,-1.3022027887900984,2.9077110048073505
reggae.00063.wav,reggae,0.3603901429194993,0.11913453622077767,1896.3196049490443,1866.5487127984234,3808.507164160351,0.09277719608020968,73.55344429338962,0.46687921778220165,0.5055390088793087,-125.15894142027106,102.89037935961541,-15.335841437864229,30.328789419133045,-6.798543424275657,14.190820511806127,-4.083399911913453,9.944747594573993,-7.695652736651489,7.19314079630167,2.502001254841222,11.369652946652565,-0.5404000916619061,4.588823553758893,-1.0882945937147497,4.950557016199869,-1.1196602571013046,4.322832059767851,-0.37531941353930975,1.0520828439070593
reggae.00064.wav,reggae,0.3241422960184907,0.11079881515559668,2159.9037698147195,2144.3367995908343,4305.100412055627,0.07775476708443382,67.523219959915,0.5009096228102542,0.5020892798122136,-123.25886752081065,108.61690982660824,-19.26025801480265,29.7755458236199,-3.146120946857284,18.444955106212724,-7.1145276765055145,12.282908976657104,-4.707364954782109,5.921960962161201,-1.5759263265449865,5.027094344039391,-1.7735059730017901,8.064089704699015,0.7336393113861295,2.3497201244317707,0.45809480686125803,-0.38356873843726813,0.35124248394711466,2.445485917403317
reggae.00065.wav,reggae,0.37136938087090293,0.11405110490711534,2416.814254730498,1987.7660526283435,4540.043098838962,0.06652452520347503,80.03475339703456,0.5660631981801426,0.602879118816994,-121.4859732316311,105.42340467223589,-17.198968999709475,37.36980945891885,-10.617020855900888,14.332259511057995,-5.145793328791991,10.231838628814245,-4.3001231131918,11.21105550609128,-11.460799510287705,4.206151964946566,-7.2271076787537485,1.4125506892877886,5.21387347621741,5.794504401858268,1.8546947751743121,2.758411050640706,1.2761414744957298,-3.299693522560748
reggae.00066.wav,reggae,0.391148952353088,0.103603117628802,1893.7368361348174,2240.9271926818374,4310.756365503776,0.08326930072590323,65.09523077135745,0.5279850935057314,0.5921351830667518,-121.59746128829939,108.94481113602089,-20.618075807742027,32.01964367515512,-3.394016799870162,13.955800261901171,-2.8380435498687784,16.92395708666543,-3.4868677932275496,6.418949037850079,-5.318216408850071,9.913808110041977,1.8300825980189472,9.347927368606026,-2.098515051967841,7.113420824581315,-1.1465181733782106,0.35083463517492275,2.3725303553370587,6.901610834834614
reggae.00067.wav,reggae,0.3293819408165604,0.0992113807419866,2007.996386846025,2322.10314903338,3803.1632821861162,0.08540523605433858,71.27658436752199,0.5760663279860002,0.5273928503034129,-117.68459099917746,104.52535556754688,-20.811421571043127,32.191069866280664,-13.813919943465057,14.32271628368518,-4.9877967890260155,5.684735662904314,-11.713410559316234,0.9818980405604982,0.9813856665011098,5.769722961711812,-3.5973961820215616,7.83546420700049,-3.213349047407333,4.805385699600196,-0.9227339472302115,1.5870017377410661,-0.11756234833268231,4.3197836642604335
reggae.00068.wav,reggae,0.3544528014894904,0.1107888885369077,1931.4975184001094,1736.3757440985682,4299.07084127812,0.06386333066517173,81.03774979295139,0.5127660719459765,0.6091476165500896,-117.8990124881814,102.2204287009772,-16.89225466994713,32.802863157687995,-8.55434249792838,13.215441397709387,-4.214284907834507,13.110363633257949,-3.659193922066348,4.789092752856066,-4.582347098776363,5.8190018327398,0.06548364994628031,0.24953179666064962,-3.69141039291313,2.7919823201733927,-1.249664738209088,-0.9039758520745407,-1.6525983351199995,1.068549307062231
reggae.00069.wav,reggae,0.3288722438553103,0.11764064831662631,1891.7661806428996,2239.2055056517474,3890.1353536484817,0.08334751183192683,69.53288930216586,0.47201966094729503,0.5756129162683922,-119.29584680147353,103.74893345226492,-18.808231854998002,27.63918066467143,-3.7917070682578995,18.062369193634083,-4.04565584738668,6.214903349131355,-5.78646997746786,6.996361913229132,-8.793184476102038,8.669850288228261,2.361653465644409,11.185804868010841,-5.13765148255321,4.351970490502821,2.968454807451264,2.2391445631591385,-2.7009637415280334,-3.598053020633473
reggae.00070.wav,reggae,0.3939786737331525,0.11961478487853269,1854.1316282073876,2201.094312169195,4253.551880612533,0.08452388653531888,74.2632155013866,0.6497886527010692,0.5718040714670787,-115.14203377103009,106.6923507792006,-16.946489571714807,31.660175740165535,-5.0781299193622385,16.338975302733985,-8.796393645340595,8.103523427005893,-2.7325461341971837,5.2778633445005125,-3.1866931709174984,9.171553615653274,-1.0880894663169989,2.833595389013757,2.2299625348484184,5.643625710984105,2.0533789616122684,-3.802675029627908,-0.00744136521176153,4.52647350913968
reggae.00071.wav,reggae,0.41100865926893976,0.09072362831697917,2241.2229178389066,2445.988451426224,3493.9488579523572,0.08917886664804614,80.94096651472562,0.4938393869878475,0.5790239014269065,-117.99643826013653,103.1550547397681,-18.651747985254293,34.437304702471764,-2.737870849019407,17.613952817626053,-5.599546513756465,9.450807546017689,-7.031800121953169,11.328734724502848,-3.460349553380654,9.452109824000186,-2.9886556339863852,3.052134015916966,-0.7376033335174521,3.7703921821947994,-4.616585813832213,8.452104989345543,-2.8809513213149125,4.782774563522641
reggae.00072.wav,reggae,0.3852556988818944,0.09481074470171286,1799.5224710767031,2095.728318853977,3897.0237093975893,0.10789684557818033,74.3985949056119,0.5911799234251255,0.6046766003460547,-119.20793265301094,105.12096363221876,-14.28860787663391,29.52472107999495,-2.8209940686302417,12.138330458487715,-3.6554648231327285,6.784508420180652,-4.94711665668088,8.2799298141829,-4.4600860464885415,5.454991291149327,-6.16091134379238,2.0376485938293456,-0.5052058784123528,4.089015474932335,-3.071584077464521,6.972833289389014,-4.659792699970648,0.9152286024078116
reggae.00073.wav,reggae,0.34483031165464584,0.1323007525552209,2009.632738227439,2130.5302556237725,3554.5241536464664,0.0949755172094814,74.2573934813461,0.5292528814088336,0.541037064550354,-122.71748628845121,109.49786327542706,-23.319715734787238,28.837402916651683,-3.558523541992759,17.922239142995963,-6.9763875952272585,14.73978894286596,-2.6594196508119734,8.697980275923259,-2.323313948692747,7.395714651643481,-0.48292249610764126,11.587919158687871,-2.5846784350180165,3.507858435555388,-4.710679562712142,2.8443078395369454,4.588660698634457,4.953455007303969
reggae.00074.wav,reggae,0.34368996768374016,0.12060082729042569,1740.7123248830012,1975.558518026305,4252.3044034148015,0.07458318095769322,67.64320168497265,0.5591872611790314,0.5495495019859813,-124.70265111507312,98.77455910149664,-19.710034495722763,27.235204569675417,-13.606734219411962,19.386907604206257,-6.293132669595878,10.20366086532349,-4.565217448452247,4.58650354762109,-1.767071504957495,5.607899019802378,-4.272225967938235,3.177113946425001,-5.682376139636887,2.781271381294496,-1.718883642347542,1.7031500126101078,-0.8345363279752412,1.764464885714732
reggae.00075.wav,reggae,0.3669230561599382,0.1388619407384319,2118.604695442616,2321.82617129186,3903.29301956082,0.07437077658867014,81.22877347156773,0.5737182137145669,0.5706768696415349,-118.16524822265477,102.16940365006218,-16.556832827574617,31.921111397403077,-12.153306811719009,14.69777853472178,0.5468034290864798,11.608341088414985,2.9013499301547796,3.668220410374891,-0.7477746220084733,-1.603008575421347,-2.0007064547443494,6.893652132953963,0.5136702849888288,1.6021908262587612,2.117271265930208,1.3988557198659164,-1.4922917533371902,0.7000333419300984
reggae.00076.wav,reggae,0.32590831947803006,0.15139439174841718,2009.6035634316154,2345.717308158553,4565.64893461761,0.06748089678590526,85.7290179813728,0.5602731394839459,0.5694387242065035,-118.65344750597549,101.9310963453958,-13.180624896064078,34.44136023476629,-8.213445686573106,19.794410854651552,-10.745962934110613,8.751976099639876,-4.7572591652211145,14.707054044276553,-6.211448702620217,0.8780821747779797,-6.3331565434948125,7.718647607616804,-3.7825768116165706,3.5227400068941597,1.288497925023453,2.5257461161262653,-0.38756018647583323,3.605645442829086
reggae.00077.wav,reggae,0.34707970824119355,0.11667365880140632,2048.3910804642023,2306.2722691495796,3922.6707575367727,0.03669136117255331,81.43666519508517,0.5942172735000067,0.6153892025880779,-119.1951203431304,103.30707031757949,-16.499449735395228,34.559500459052565,-7.830510975744547,23.4737449900218,-10.691223263014138,11.48888501256904,-7.523058886951944,10.63953777187067,-7.744426284126544,1.9982353718469046,-3.8995608216476136,5.797496509566199,-3.7864141659848514,2.2436762122027205,-1.5426713647782555,2.273279522815481,3.4623481649555723,4.057733359006904
reggae.00078.wav,reggae,0.3502626978064607,0.16194023822427228,2098.3322349712016,1975.5868300435613,4289.779808997146,0.09003268817297971,70.49900224750921,0.43579928713551686,0.5686942129302816,-121.0806653139181,109.43738366536633,-15.776532527745255,30.07767417774026,-6.722185667154234,19.80138442817422,-10.181413337698949,7.9316652770367435,-4.033505851838593,8.106805903715102,-3.156592516388581,5.067668463636966,-2.9781809673560597,6.152774410464887,1.4018276609175189,2.55714181093472,6.315198035511962,8.88207430722095,2.9877668887402447,3.8674500036846853
reggae.00079.wav,reggae,0.4202396431941047,0.11419769270001183,1833.479117601953,2055.325029307283,3848.9700189184714,0.08382701983470055,78.39864371302194,0.5360671870944885,0.5933733463147424,-119.60053641548515,110.20897142654967,-16.139844397082747,34.76752638981446,-7.427630189939636,11.153233904595767,-11.441647411408534,17.248429970625544,-5.595466825693665,6.149745967544203,-2.263010275868252,7.651208934989783,0.030586412003238195,10.323255598640012,2.502209147973824,1.5672003260835359,1.9062037202653679,1.847727245367604,-1.41252623329233,-1.2819676178540877
reggae.00080.wav,reggae,0.30920781438505773,0.11936876574735422,1808.803616777751,2317.0064621429665,4101.622614767957,0.0866288532842481,86.94020603132346,0.4011763854574314,0.5897949031899786,-119.45734912630245,105.93757444746979,-14.689507496183023,34.60145938712179,-7.7091991228077825,16.910214011791766,-5.00677232702853,6.590862905978733,-4.4691264320648845,8.745419653991277,-1.6243474236446807,3.2269096798075223,-5.806393737586673,4.296402222445758,3.9020983332744823,1.542257461813994,2.521784742064428,7.75421892913536,-0.8636004213004191,-0.03954380396035306
reggae.00081.wav,reggae,0.37538458690974674,0.12389980584198991,1828.1792039619384,2031.4154912530803,4358.752948250866,0.09600160612252821,73.4176783894769,0.5144693148089557,0.6087482224860924,-120.5174606525218,104.10201908011234,-20.266022459181677,29.681946129877907,0.006648274669768028,15.411395019762754,-1.904825035463328,16.051980012557213,-4.550746868479478,9.105289425304306,-2.6925645539009038,1.16345294802397,-6.655919036744487,5.146545400712819,-3.274740615825789,9.674741015180771,-1.7097188160838557,8.852786991204374,-2.4291741884066327,7.736601261826801
reggae.00082.wav,reggae,0.37519273490842037,0.13126583791542393,1897.6472086532701,2253.845092472664,4792.449701578438,0.07982758758909794,73.28482547706706,0.5002589968911929,0.6558236757893233,-117.43394637899674,109.34303997141336,-17.05913186854719,32.11795807033349,-6.728167882788103,19.21047560323762,-6.741354727763595,15.10603098007036,-2.90250832880237,0.7811655859094646,-0.34951971868441634,2.1830849602140527,0.5775182820219622,7.704553994714499,-1.0103222078563752,5.631042696630081,2.29661236353196,1.5131169785678174,1.3802889791074358,5.489069908871109
reggae.00083.wav,reggae,0.4128024779261543,0.09788439427880594,2081.7032129975537,1976.9319441689363,3848.627293804476,0.0873854165860897,76.61964651836911,0.6116001182817588,0.5700148519641737,-120.40215430859104,105.63451278701456,-20.58548655430937,29.83079046495221,-4.65170400268234,14.353134876156673,-2.452570300650944,12.821937742004884,-8.642593076466806,9.591136075513365,-1.432560530717618,7.268785825533856,-2.4256301791490325,2.1797976338244442,2.0386382983378617,3.695261233831493,-3.650218481006104,4.3724060582640245,-3.228339912199772,-0.8472580848553637
reggae.00084.wav,reggae,0.3487358216339268,0.10669204471363851,1817.551549603085,2295.1541172071165,4160.16026493816,0.10078419918273838,69.16392417816051,0.38179511698909313,0.5668032331305727,-114.43206323458075,106.592960488086,-8.353877411361502,32.99617736284726,-7.293343366135729,9.533911986826247,-4.716157678234415,11.506003280057874,-5.222263594613612,7.589663398822789,-3.2043017230265374,5.460212541203808,4.269144889377883,3.8874139165849733,-1.4920588284384282,2.7882967498413795,1.3502935599316412,3.530291099916621,-1.8397317195114447,-3.7779038377215484
reggae.00085.wav,reggae,0.3672992467586625,0.11380847452840498,1987.8518686225798,1937.15756949584,4701.648760452068,0.09485114763765809,87.44564798112505,0.6117583440624763,0.657537045035592,-123.42684752617933,110.53016149221557,-20.782905452662533,31.194777127775115,-5.879293158119237,18.269622361562213,-4.283289819166326,9.799134556012731,-5.820794882066425,15.603597705818409,-3.1179418154995004,5.514685846083492,-4.140669472816261,5.734011047212873,-1.4059315982657878,3.9513213738871142,0.14517994036365844,8.29061250732706,-2.7851581188726953,2.1292512266063603
reggae.00086.wav,reggae,0.3405645464234833,0.12589396721651255,1886.3060997251162,2055.420261541846,3689.166819080531,0.08346692174229513,79.43815697523982,0.6688381082553836,0.6213682127166416,-121.34905236989196,100.92096273694173,-21.663861016996435,28.113114981584083,-2.365873893651856,16.86343149077911,-7.748898657785678,8.120421184540207,-6.568323521181765,6.172101816480865,0.9487656487654572,5.910169658826751,-6.342399251821847,11.931377824191115,-5.4204834180976915,2.227494070228398,2.9304331629016462,4.2454488978272,-2.409768998872629,-1.6941007782815038
reggae.00087.wav,reggae,0.3309992967322492,0.10187007761847068,2001.40635956991,2184.3911271106344,4147.9708799790305,0.08141179279113506,67.59421443844543,0.5434508884979111,0.6175042359860201,-120.4883750452487,104.45313988071157,-17.750996843841456,35.35461457927818,-10.684168998315922,20.352542007196405,-4.736333281694288,11.086042087096603,-0.3602834900070402,4.453813778370632,-1.4338633912658751,7.290928693519852,-4.806365193181379,6.381914368861463,-1.1500844618585413,3.4637856409301975,1.588452665690998,1.284737242927006,-0.18903626246989313,1.6049786526340435
reggae.00088.wav,reggae,0.34155909530976997,0.1300576937023754,1958.4528505301696,1884.8588374322817,3569.6268633487052,0.09383586202124804,66.23519914218535,0.5423507594720485,0.5511295914646026,-121.1055953309127,110.87000537164602,-17.460977944618662,34.266900448046194,-7.145551353980573,15.305381730647557,-6.0572662507078245,15.37562829698145,-0.7356841221987107,13.855959295065801,-2.3350737210813484,3.369188802897756,-3.3215508330794363,1.436665424604226,0.30113238662583175,2.2422510517682555,-10.165953838958531,10.39132709498979,-2.711803415464946,0.27022722354257134
reggae.00089.wav,reggae,0.410148350779811,0.09583497098404968,2227.321177306633,2044.260360183676,3736.6715943910995,0.10758576642067205,83.38477557650022,0.5936000787612035,0.6310756857513145,-118.20269510076696,101.30352592575586,-17.665167428266017,29.213710998647464,-12.166821557189163,17.232859992124094,-2.5255513330213666,9.849893527315809,-4.636038677003626,4.58554806475088,-2.9783485617363064,8.280228337165243,0.3745832101833191,6.635528526892797,-3.8552935015836063,2.049612869718545,1.3862134197227998,5.435996796650194,-1.5159849562956786,0.7214842773029431
reggae.00090.wav,reggae,0.395017412803371,0.11280102670373506,2149.186444904756,2125.3682285255422,3833.36352663705,0.10618468210035555,76.96051116585181,0.4631404816089533,0.5190616334831841,-123.8700023947105,103.8812657877162,-12.224613349399222,30.246014363977274,-3.6576355029613863,15.607708994190748,-9.543451173305048,9.580366434648813,-7.842963771212329,5.432094644108437,-5.657244185627753,0.28858839755620114,2.5383882064441785,5.633051090666845,-4.058835216854305,4.665273239300167,-3.5064411809261853,-5.013185896109267,7.870074899679649,2.5687996300311786
reggae.00091.wav,reggae,0.342329608820557,0.08132170376645133,1701.170040971488,2447.808547319883,4725.6784920794635,0.09329822553998422,67.07938369272149,0.6407979190381609,0.5740368197449232,-118.03522665494539,106.33851283332974,-22.520961553878312,28.405517147759337,-9.530654499225086,17.930919122599338,-10.14129624672944,10.473960755167429,-4.529828530489152,10.378219067982734,-0.9759853931770128,2.9693222128436014,2.3400585084619046,1.5102805137491297,1.2767183257022499,2.3495653049548055,-0.5082221396998838,3.6779623803129153,-0.40687767787361384,4.023497595303711
reggae.00092.wav,reggae,0.37174378493800597,0.13567298259741076,2092.923992069027,1922.3980533933482,4294.429676095296,0.07354195146242001,67.12590017674174,0.496812808585816,0.560883905614536,-119.25097491603664,108.1680742354208,-14.078072643085267,33.008842492272066,-6.448680868971772,16.285927099526965,-3.698323609051246,12.460964416511192,-4.163464281573412,14.455947701012901,-4.638550090325456,10.363370870125012,-6.062878778980812,7.440849609354365,2.3097050551805127,-1.721657213023759,-0.5831482808347178,5.146242123732131,-0.24410918761580147,3.13446780682089
reggae.00093.wav,reggae,0.3640866948712999,0.09811504347276816,2473.6091184310885,2059.3631846031562,4351.956433572617,0.07229740484371859,57.79309447983441,0.44603897010008253,0.44434376968562206,-116.72529738232653,103.17939595186664,-19.54227401753989,28.80700786218879,-7.717893803854692,13.850624450916158,-3.0229358062596345,11.906117969267482,-5.715477357173344,10.550699155511058,-2.9761784309302857,6.064490717069853,-6.387904711195777,4.786741601644058,-1.0353660820460047,8.000700466595035,-3.2556808897099683,9.834325870156533,0.6706049504869582,-2.5582356281014222
reggae.00094.wav,reggae,0.3346440565774333,0.14841998328433637,2248.645828592479,2153.2568266808903,4252.471196070248,0.06453084589411044,86.57154192188274,0.44097863305804264,0.6668803377632311,-115.94387289400458,105.14446666265853,-15.097165901633403,37.54291912407708,-7.196093602367786,15.47409455070416,-6.2005585726545505,8.771036291983734,-6.29675137821062,9.32722029147711,-3.491849466447854,6.982707530553797,-6.469808449557714,4.72214352443858,1.0903535502713897,0.6432271690719453,-0.9504207575963466,-2.563827932695233,-4.916386066819522,4.422982663034149
reggae.00095.wav,reggae,0.3507214712006115,0.15644145731077086,2086.4886220848625,2245.5072196800784,3823.2312825367853,0.0762234193473332,70.1389105436191,0.43476466083595317,0.5962155708433784,-117.40645240269396,106.19681158250235,-20.48420157967796,32.99219010529239,-13.738035204396969,19.96902780612412,-9.89445052691231,7.6386230526846095,-3.6541231912894223,8.612478680726136,-3.2182457953553536,2.6696161770531104,1.4000439808098766,-0.057847603207751064,-6.4498069713453345,3.679051684136556,-4.792701945533163,6.667875828827776,-4.5346439062387445,6.671081456630937
reggae.00096.wav,reggae,0.3910536649731472,0.14470111471015168,2377.4211965906493,2164.6210263372377,3845.458891463015,0.08045488186347037,71.4666751567283,0.4632646981989022,0.5755427036780727,-120.93511264262324,102.74337094704902,-18.736207177761774,33.64693539261111,-5.130748380221911,11.191228260427032,-6.909603258985626,10.575970383575886,-7.547560066682896,7.640882800877903,-2.556013171379917,7.556503635842972,-1.768525923104989,2.3571517700073334,4.036090082715541,6.487380314864794,0.6581592339496001,6.014493771032808,-0.2661724845685688,5.858902656565864
reggae.00097.wav,reggae,0.3617061585085729,0.12003494920548367,2127.045695758241,2433.744358332366,4729.217015351258,0.09089271397389993,80.1328948686144,0.5756833928877189,0.6497794014241339,-116.10380418176027,104.29024774798845,-14.045816130487825,33.028985342213915,-6.04720513250015,20.145847964601984,-3.758813249727964,13.747986689458521,-5.168255599847264,12.494934631249041,-0.9129398667716249,6.3781971535214925,1.3032231606793077,12.763491493281496,-5.506773505465804,1.5888021312301532,7.055915926507653,4.2800845269131225,-0.4273909641052964,1.6538427750135047
reggae.00098.wav,reggae,0.39625308002914317,0.17222494617620573,1866.962291853331,2132.56218910592,4077.245505001247,0.09299297465228917,85.77914750120459,0.6496746228266493,0.6600077172605312,-112.44200162626915,103.27574105037776,-20.503621657298112,36.40803287994863,-7.63150304121099,11.872179029754157,-6.948188914912348,11.766975962291822,-5.938744713722065,4.956017938716234,-3.622887409577628,2.806399738914866,-0.09460688305930409,-0.8314145406785389,-1.728725216103733,5.558529664324908,-1.2716237192451287,6.279668691212619,-5.111683702612407,-0.10326850412834343
reggae.00099.wav,reggae,0.3500989606124733,0.13425449138818613,2043.7015172092242,2535.8058768936353,3917.9749360591372,0.06107516652129023,90.31271186346449,0.40553131328540937,0.6728258050579441,-122.93601012606591,98.79204494745694,-19.124351381439695,34.69849988743148,-11.665313265419222,17.728284184434493,-3.711409316440645,7.184929575442088,-4.683283866137112,12.731224466981491,-1.0482221401087708,5.215522606271938,-0.7541135562382415,2.944210074588656,1.3410870351550748,7.339780193806418,-0.637282254741836,3.6921184693730806,-3.9963906250170176,-2.0561092812034882
rock.00000.wav,rock,0.36870185768175406,0.14825196580617644,2612.525499477598,2516.0369951112957,5064.691510925682,0.1198580847655918,120.45211056948477,0.8061869509822696,0.7121739789180945,-66.28091640980728,84.95996060569006,-35.994860029613214,50.190471492094325,-11.57136272149766,22.630259836534254,-12.11377873518205,15.521364160346188,-13.775455437878815,4.905815480714569,-1.095123085608832,7.52779699776827,1.5657923287290911,12.111205403416742,1.7015859428092162,5.049103142598535,-6.825203560791743,1.7393530802169352,-3.339364181458735,-3.11968919855192
rock.00001.wav,rock,0.365737229326275,0.14596643944977777,2141.115805682661,2162.71268231575,4922.790517586719,0.10734429822465451,120.87341865599805,0.7433802087661016,0.7601176203593853,-69.85934242294482,83.04395762843026,-34.00013878810615,53.089355939702216,-12.109082250627722,27.017194959182213,-11.250889054516767,15.507923673219587,-6.528020957823838,6.495934948643264,-8.343930408059434,7.606675365914882,-5.363699267625287,5.360912961589538,-2.001578624247761,7.244341703388507,2.178594069254131,12.421277471337687,-5.788550720445299,4.441915641905336
rock.00002.wav,rock,0.3843657763462092,0.14971603860470675,2183.0350858068996,2184.904459784341,5084.141964170642,0.08781974890039144,129.27417577733607,0.7003240172363516,0.7918610543210743,-72.8599014113033,85.47240772700361,-32.64285775042977,48.482086825970754,-9.981811632682529,24.78295155004821,-10.034388852850828,18.451619552492645,-12.21067503341979,17.156764721169036,-8.16676997783711,12.638982992106811,-1.7592700382310316,5.293500915485719,0.026658410300286928,8.493438299239926,3.669935933206773,5.58013625402388,-2.3256299945677923,2.455712416245387
rock.00003.wav,rock,0.3276993418594648,0.1436354487049768,2344.8203211482246,2397.170472860338,4501.913911191137,0.09841481683219681,132.61001113617692,0.7740407740394013,0.704296782953797,-67.88078017404032,84.26027826063553,-30.555032632495664,40.90645389043249,-9.51928651232636,24.530396655033886,-15.594381279568122,17.1256047247494,-6.966564677458926,15.667632458798968,-5.929066307872634,10.035988206815759,-5.928423400713724,9.793845841978214,-5.350471025025149,4.321028448759311,-2.2033926133397617,1.3224086860885138,2.8063936556177023,9.781800183225627
rock.00004.wav,rock,0.3663922974373455,0.12226809986885669,2467.318407780412,2263.2215467655938,5411.138396384811,0.09019280106705144,132.35610577942754,0.7291194871513355,0.7625223211421828,-69.27985051452417,87.63559767542455,-29.73945444283381,48.29185399537877,-16.618350283561025,27.432614393712406,-7.8663602655704485,14.76832243394051,-8.372865378448987,16.24266201807098,-8.400712463142366,11.812865174076345,-5.675841319393385,13.334233630254923,-2.809659814003989,10.781135554420128,-4.283982045383386,1.2544139530271963,-2.702778371603336,4.788050373840509
rock.00005.wav,rock,0.3646780495395076,0.16516614852549935,2358.009286437914,1975.341310882011,5193.48419271755,0.08876194411279263,125.10722094658786,0.8442504962831484,0.8577926647557589,-71.72648030527843,86.73335989189552,-31.656823471267934,47.13938106330419,-15.817326244695657,18.826968958810546,-10.714834328798872,16.8644961608385,-10.013005235933415,15.263375134311326,-6.308240651285659,8.088364525422955,-2.420490645675682,3.3719540300824127,-0.2799629048915824,5.793492527816912,0.9678582291822693,8.864391577487467,-0.07953967292857644,1.5640801218150662
rock.00006.wav,rock,0.34247504880546786,0.12131854673329527,2620.5821403402624,2325.735979803967,4790.272371914203,0.10001876772691662,136.64496967163333,0.782299182828764,0.8343439440540678,-68.08634182772079,85.54051706649085,-29.093660828110725,48.66307569345314,-14.000183736882661,26.260121651493844,-9.916153681398816,13.357854906679126,-6.413376843432039,12.741741199137913,-3.1657595932547027,9.687379259154914,-1.5647790586985266,7.815774347401529,-0.8283609401983654,5.630585452148467,-3.1617621622968577,6.806157569630374,-2.9953201812342325,10.617348084244483
rock.00007.wav,rock,0.3969933496033708,0.150498469723084,2563.98015535177,2263.477526204227,5323.055186731556,0.11542852824995298,138.0282724622364,0.6847352374921137,0.7564693590264993,-71.83046391760764,84.15510845208176,-24.998365197444734,54.585036087383244,-12.966013086068052,24.028171824055796,-12.049723491422633,18.474071050632602,-1.4342558240254473,17.357552673564815,-1.5860701621824989,13.36990759334157,-1.503070341237656,7.858128062874395,-5.2096446676223875,6.937557732016176,-0.7329811936059405,0.639098303845115,-2.4588521880986267,1.5222029362261793
rock.00008.wav,rock,0.41041523483204423,0.13900583195686578,2465.6440663961976,2223.9963472715963,5559.19476408632,0.07648864595198121,131.80672301475173,0.6178193865248054,0.7688085787810764,-69.38143988894649,85.76607109395052,-29.31219947671376,48.455247422926504,-15.925532785620328,23.50784003073357,-10.905097951463254,16.586081190276648,-8.197041418420964,14.188771262953363,-4.719839089547173,10.603977902864841,-5.147957044934552,4.842674220156733,-2.5379132078025886,10.622338131888814,-0.6684163078087606,2.547518176355625,0.44422007745581205,2.99464879661813
rock.00009.wav,rock,0.40143961941440864,0.14262408270207677,2470.661287965474,2256.6704794076177,4827.431626235383,0.0785060194935639,132.09659855328928,0.749613570785627,0.8166843803878818,-69.17400831660457,82.71324990003009,-27.10230220651926,50.97833790027681,-16.36471239551175,25.596371974049873,-8.375026443896068,14.589705179968835,-8.888107067733056,13.602340224635357,-9.530989308242903,6.734448335398,-6.969325023608684,2.6110509055235136,0.2548193225624411,1.0356045574249988,-0.9706680097059017,7.435050184265659,-2.8807878632398016,1.9948971258062649
rock.00010.wav,rock,0.38698527352209916,0.15003666001188962,2600.7009724832833,1876.8661947283676,4678.452383348155,0.11042365325874082,128.40357954219567,0.7801627327357493,0.7946144220952168,-70.40421118972394,84.0931346707195,-23.02483495237324,52.604838822094536,-12.513484705714333,24.235391680345245,-9.385602351939697,18.480504153618725,-6.743519942886472,9.745859629840325,0.3535323031735311,10.738624683262058,2.0417900911694433,8.561442460632001,-3.736960056376602,11.15242037213939,-1.0964391257666986,5.400267903527869,-5.601092616927783,5.980653415407485
rock.00011.wav,rock,0.36520068851132276,0.14104417581852052,2301.8902309189657,2429.0260902451546,4462.618304248508,0.09883731985911288,135.84223192887504,0.6203464904527993,0.8180523177800105,-71.8941982608125,83.7889206416031,-25.03454321883028,43.04853244936498,-11.703108985485152,22.566215193668363,-12.582991955437002,12.665312972535197,-5.738301088179092,11.425786151147951,-5.953008241383957,10.329510787612223,-4.510861377225401,1.997936360739427,-4.472472548932075,9.686322672844973,-6.5198493923369245,1.7301863004309368,-3.280374186195577,1.823129744088574
rock.00012.wav,rock,0.37916343553575177,0.12813846496642517,2322.4290952381252,2341.36098431212,5227.1291456727895,0.12067184079149393,125.90762276917248,0.871044819299666,0.7629583563571706,-67.51337455523041,90.79452320418034,-29.582074772292195,43.879420135267395,-13.727288428377106,22.165071335385267,-11.823296080917356,21.954930647485646,-11.668290269671626,12.901400466917575,-7.633163840965174,9.077026176397256,-1.765472994386549,8.95449183041907,-3.6750968068847674,5.050599024206116,-1.0517654235391571,10.123060151460113,-4.704055827870871,9.734991656373317
rock.00013.wav,rock,0.41598492352175453,0.17738706735155535,2461.68647618592,2560.803359591781,4646.909051142281,0.09197934138227232,134.12651051136314,0.7436676044179052,0.7955554514927232,-77.50782667182227,83.6935778558855,-33.5221613408948,49.480602933934506,-14.573505585701707,22.115098367500487,-3.071268552127089,19.114523430082706,-4.832383575931822,18.60664543404652,-2.593424651950672,7.687137971581403,-6.663689055075209,10.894708276262705,-9.17806283932553,6.766661106971303,-8.513373132669344,5.296530525168519,0.5622107521358601,4.838246603810897
rock.00014.wav,rock,0.40814328076911793,0.1892965388331983,2371.292312547598,2855.3771409901988,5074.434484659554,0.11623747594035538,123.11149828347946,0.8495451183704545,0.8137536284901795,-65.585646092296,85.16351326532187,-33.766252693149866,49.38119231887622,-19.091059439970547,22.991442589134145,-10.426758690103249,23.131672877532303,-7.0443541641741785,12.418612407249118,-5.189097272105879,5.973727285704947,-3.742522479960977,8.308648028410317,-5.9058254863611515,3.4397631567149056,-3.4447120483031997,5.1947989357180795,-3.3726625441443745,0.8473736510454359
rock.00015.wav,rock,0.3886781675601292,0.16077733648338458,2424.259541844447,2248.663111502152,5208.19435743129,0.09914194065409528,118.4873303412388,0.8028995484001118,0.76200288974297,-70.35787091708721,80.28684338549583,-32.23458083740564,54.05569713714878,-18.52502618564209,23.24595216107492,-11.04900728706086,16.961430368234662,-12.491512807479243,12.522528769213801,-10.058316387415038,10.292286388586534,-5.957193757028747,5.402392199246569,-0.4955485239972379,6.293181269908353,-0.5788675852772855,6.520480734133452,1.809860466865306,0.3752267751369258
rock.00016.wav,rock,0.4075704698755927,0.15032923244876092,2324.375083926081,2143.1349065457493,5212.306801540001,0.08816663217999171,132.14245269581716,0.8742264618373705,0.8445330496272806,-65.82569702454805,82.8429856683249,-27.711800861604015,44.56735513459083,-14.700448707723842,29.223816168657358,-12.823526619279452,19.33406855251928,-4.953059801000855,15.224223750662514,-8.801005928363818,11.57560289804704,-4.469795697750589,11.265490572587336,-7.965001199180536,8.10336366719681,-1.3208743914797991,-0.9703502117468057,-4.656261068284931,-1.490456639350553
rock.00017.wav,rock,0.3582093409423128,0.16098434169330295,2439.0731151297214,2380.4920145068386,4636.088161874016,0.11880675737265797,127.84944257310929,0.7226963049806007,0.8264553880964663,-72.97403724307762,85.68564330961577,-28.72961252519574,46.363295549118455,-12.04287985772067,25.4313695118887,-11.303530136832276,15.603547329595417,-6.429357026386084,14.365413120039571,-4.811300247780079,13.36056838122054,-2.0244221127082502,2.6346081508195542,-7.2146900926264275,10.546705657064983,-2.740319394412693,5.492527468392422,1.4178715529774344,3.980766347884477
rock.00018.wav,rock,0.3811180282876805,0.13262541534416541,2473.998901445504,2455.572199414028,4797.741357049001,0.08816967932541199,149.01031404156183,0.7125673224121374,0.8246040606753923,-67.88024066412322,84.84761789431633,-33.25729896978631,49.44916071495434,-16.559362907227456,28.7293740064669,-9.516486110742793,15.169358726421748,-7.671958945933661,14.70986436329458,-4.442116239317604,16.366328371700646,-0.5923974508134267,9.462822102683365,-5.810957620525452,6.559335688294027,-0.563375089842642,2.531415752725585,1.880280624888849,1.0775279746658781
rock.00019.wav,rock,0.36088322905862297,0.13875401630210238,2548.7648921266264,2205.111453909261,4370.008200353331,0.11832058253642569,124.4449097191555,0.634519389427845,0.7289254837867062,-64.84971175244695,83.02886890818127,-30.370104316130703,46.659244913141954,-17.69798763030127,21.77184431325911,-14.903325221019484,18.86764382704214,-7.697362806159212,19.448033286522964,-7.126732174971767,7.423419261563142,0.6012793050659848,11.173931096204404,-1.845704934686934,3.6589254547351855,3.2349888031838017,4.783690520688956,-3.292025385485107,7.42887921075484
rock.00020.wav,rock,0.3793311463623881,0.12668659828736234,2408.0605198997164,2209.3572157172625,3946.730600060889,0.08877434711774801,123.7781154330572,0.6275483912565561,0.7929302594796663,-72.33234327198635,86.43527860250337,-33.69995920910495,50.727656763247616,-17.829447579999474,16.97540877182678,-7.288212244510318,13.432318588806487,-2.729212825401775,13.69377570362421,-2.6292100448562405,13.136417501398219,-3.661961961252792,8.372166253515617,0.8440200725829259,7.334075487094294,-4.184530540389829,6.757275680486671,-8.340930243154856,7.958676404680641
rock.00021.wav,rock,0.42021317407895276,0.17396333336246156,2631.954392475539,2334.848441438598,4962.661165427442,0.08355539865343715,141.98433001368838,0.6811985461578978,0.8494355030389253,-69.23786415113567,80.97874245518753,-35.23402507236962,48.01675986260204,-15.361268352834527,23.731689422269994,-7.8037531093903025,16.674832451611067,-5.724432377705808,13.335984486526733,-5.949002579719496,6.994590498420808,-3.2058463956595946,8.251677858038274,-0.2545309874857584,6.547299790832521,-2.892024635346568,4.3115018486552,-4.756179905016337,8.340729834461373
rock.00022.wav,rock,0.4141888626384729,0.12573940342083906,2560.7896283945097,2017.899088492174,5344.851231588857,0.09155474323338486,130.879204461426,0.5656392248366662,0.73086180514645,-68.59389109825177,82.89727544985166,-32.5198886111166,52.187585092356294,-7.367122366181376,26.81104181045845,-14.275641715205191,21.2905579984531,-12.684296778945146,11.086525637774022,-4.835666699037881,15.772113531516247,-1.2620225873448239,6.608726915601441,-5.834868812339249,10.006577961409764,-3.6000768716610665,5.6502202635949255,-6.109329467777347,5.707773565672602
rock.00023.wav,rock,0.3946608543724244,0.12516759876683656,2606.324622574328,2449.8542454837007,5259.008488473034,0.09631981960874804,129.43165129029154,0.7250703095092259,0.7779601721008816,-69.48849016550247,88.76932892138915,-26.77514808388822,44.45441796759343,-11.04379454927918,27.573430118244108,-11.4535330200571,17.52534131139333,-6.517994998090947,9.450100149977096,-6.145868862584984,12.252430716554821,-5.4874667104943535,10.926498677786922,0.9149173225492842,10.431015525941412,3.9394138095083697,4.727803153126662,-1.468396778092811,4.961989143287921
rock.00024.wav,rock,0.37818806225027785,0.16084357948203287,2057.759194197602,2386.8829699646535,4517.8971725409865,0.08756065083588632,133.8631184882393,0.7040707009240784,0.8368674180666876,-70.66232981080339,88.31921894917346,-30.71724211686391,42.13524453131063,-13.323822253966188,17.493420462892345,-15.358162707597224,13.35116041300429,-11.023128433310562,10.364847586751145,-8.126203470593317,5.782142009242982,0.6255072345223223,5.965566360824313,-9.692302959442193,5.917244880972229,-5.374193174082661,2.3450971181215596,0.1310274440574557,2.6555271436443464
rock.00025.wav,rock,0.34542210196346346,0.1589250701991449,2629.988166121817,2446.6369892751723,4141.255549922351,0.08527515746404478,128.37958824508965,0.7004560475788788,0.7650596982221263,-72.9482700785225,80.78324775076769,-23.97665484656094,48.08133285941673,-12.073634633397747,24.018753520751428,-10.860953904086031,15.813689800572138,-11.361337577223296,7.456531625897258,-3.8413238787650394,10.5635272218135,-1.1851573046208785,10.20608247992608,-5.425536578249012,10.397773926765616,0.295081585463552,7.072524709572005,4.747980375936425,10.131876287524562
rock.00026.wav,rock,0.4006974129966466,0.16130394411675059,2616.3310363539363,2244.8883214593334,4800.559759843132,0.11210132110637869,121.14819128697943,0.7674215588418604,0.7621473256529823,-72.56857031377636,85.0775995308649,-26.08475522358475,48.247111351961514,-13.740357057146069,24.98695583671379,-9.622434431325173,15.007478601756421,-6.9492168560988565,8.8527889212278,-7.397213170501664,7.986552675773131,-2.5907119310976756,8.480698482668831,-3.403078731731859,9.07230996875586,-0.8634137517729927,4.130069660051384,-5.105692528459436,1.5408735963197415
rock.00027.wav,rock,0.33599571603821327,0.15281139100301652,2227.5722435092657,2260.8418632429034,4955.343261779898,0.11765992786996027,135.43032478653456,0.7156233222996821,0.8711388924195195,-76.03704552796259,90.63166164929953,-27.922500857086245,48.308409855059786,-16.67407904225619,22.685797901608606,-9.171947313265877,17.896238150594243,-5.99481988822764,9.81450979690062,-7.789543139045629,10.58561573305752,-1.6904381266855801,8.009554548514576,1.4444527406555014,7.099412386570334,-2.002125931498959,7.011679973578007,1.657690412776116,-0.047765779413634135
rock.00028.wav,rock,0.34645964875893204,0.14373477124511924,3031.788356917733,2302.9356587426323,4957.375969946301,0.11127527894711876,135.81543122250778,0.7335828093163804,0.8675252418364169,-73.58191354907775,82.70173472577183,-26.512539148261084,48.032829344350425,-17.787351815025993,20.032386205148377,-13.432822416034114,16.00637662647375,-6.597861290819634,11.012820000167581,-3.8450024322814427,8.688800539919155,-0.3282393951492475,15.655520283717067,-4.177838196253272,8.439798432396838,-0.8047675275496631,5.416086278779776,-0.04024716397612593,5.436463566939482
rock.00029.wav,rock,0.3658683928884532,0.17633091545245375,2440.333249497355,2280.7359244305344,5855.120883346591,0.100256799342666,130.03955073139,0.7340352275664269,0.7811535846951521,-68.65400588486796,82.46500027272512,-28.21036984043083,42.72493791482271,-17.894209253771386,29.477173641505544,-14.768540080165359,10.120123443889419,-11.694248507198562,17.2201718075902,-10.375585220818145,7.132557452225347,-8.37457745295096,7.177612408729974,-4.30806269454221,5.5577304798189,3.5684013982154097,1.4027740470873553,-2.3065633391513325,5.015803738962203
rock.00030.wav,rock,0.3505937221378357,0.15973179962493206,2320.0379010893384,2417.375631914174,4962.200261966022,0.07124203161650543,138.44878970212594,0.8856366652283257,0.8103452522862316,-72.69385615559982,89.51803816352707,-24.328851291397587,47.49361376523001,-14.656041845661544,23.7602667069855,-16.023646667735914,15.126622363920315,-2.855174337352265,11.49393401768832,-8.120103583616615,11.49005685791344,-6.001596395482337,7.8006436289962195,-6.8065463416418375,3.890127516439805,0.21297776459077822,5.3476003382032635,-4.3281721605284496,4.358605390914708
rock.00031.wav,rock,0.3617855987381822,0.1343247966125966,2632.806879449661,2490.917959573979,4992.5545026291165,0.10416506005874554,127.93281586132525,0.7589607407338831,0.739772976557185,-67.41248579989407,86.06069751367244,-30.789169013668655,46.53666590547437,-11.476607174699575,23.54854105154968,-13.096679287489511,14.846290699077029,-5.69238605333252,7.168340396261879,-6.066226716741418,13.211748009027293,-4.504650316309775,8.818450196833524,0.2603068936115842,9.67698896019151,-3.3201763191197657,4.6088193433884905,0.7142917051870405,6.818408461851696
rock.00032.wav,rock,0.3773584962405518,0.14892908695415147,2453.53673890677,2596.0421242031125,5373.648142230285,0.11240080055698527,119.37064579148887,0.6980133274761394,0.7365255880335881,-65.74454490218957,84.28340682646109,-26.23967153076716,46.28790398840675,-15.472651872982276,25.444362317439424,-6.295559883284729,15.364668612196368,-15.688303585583594,7.3074497929833395,-4.106115331506631,5.575611919654696,-6.596688479189238,8.037025851914771,-10.348101737239382,5.860822632023637,-5.494425673580808,0.5024608462977485,-4.406553317654181,0.7923732247917066
rock.00033.wav,rock,0.39408440653976906,0.17393053573365766,2327.1146296777874,2242.6973597715696,4855.028249594736,0.08537719338092306,117.69006483504258,0.588355643768533,0.674861695215501,-65.10402697866212,82.92873689390963,-38.82488541529129,46.23882918455698,-18.771243610282465,24.17845481999149,-11.145060965711014,16.167656913076165,-8.122178236235554,10.881869086140753,-9.367688364619958,9.776037784085728,-0.9432262325929184,13.441019251385612,-3.713973981918019,6.611170164148944,-0.4987184627333199,9.479724678416314,-3.4588898315136416,6.077953950851013
rock.00034.wav,rock,0.35531542203426836,0.15659697980531004,2594.1208353236743,2117.6450908213965,4816.199347293624,0.11632174645042502,132.92928984411836,0.8028756912251884,0.8409068192381471,-71.02331058375012,91.59757044518408,-29.589270027739815,38.8328731525674,-14.8470391171319,22.592486229002013,-8.614252497898166,14.646444054405608,-4.703090012542588,13.674298117220124,-8.00027138441018,9.578879993165724,-6.326600332826201,8.55427594056101,-5.344472601705363,7.223305691527186,-2.816917252971234,4.5433302359605285,4.152821139394296,2.9185443198783863
rock.00035.wav,rock,0.3219670073714843,0.17031652289468693,2601.5911803604017,1993.7907687165714,4754.685132577177,0.10853715835269784,132.19362608973654,0.7196220989237824,0.7966173667831762,-72.81576361924955,77.80045385963294,-23.85147804544939,45.09399816687986,-13.470482929806552,23.523456013021992,-8.308407343179361,16.344691640446477,-7.539677140724001,4.097045255973212,-7.500017217626759,12.233899139796993,-2.035995324784212,5.145041529148365,-7.734085748163366,7.379737920168791,-10.720322146387446,1.5539772429867122,3.2804832254659315,8.335201986621305
rock.00036.wav,rock,0.39461748076295433,0.15614672628962512,2009.9658430951201,2216.679897403159,4896.690990711978,0.09120879375748216,125.19805332073709,0.8239379539477035,0.7424015468891979,-71.02281754167029,87.21859386005126,-34.25842715580841,45.47938626348346,-16.21316776327053,24.16677643965524,-12.034886202480996,15.059977271958598,-9.994561961307484,8.787509219355735,-3.172571227368268,8.986587643113237,-2.1429430595578807,4.665118008556558,-4.9957264732489275,6.336450916459701,-2.383601110448632,7.2631061777966295,-3.2915278687770755,6.240226728432626
rock.00037.wav,rock,0.39124832025679085,0.147862947798341,2209.740240700696,2486.2375477833975,4675.7818864402225,0.1016807942976408,127.56847645651136,0.7034323885906174,0.7589158005626518,-72.46623008488501,80.14919068788977,-25.788585801478945,46.524829607228256,-14.384336285352408,23.597317848198177,-7.713186988313755,21.799582664552922,-7.52045774123394,11.528991994629248,-8.370371021478237,5.669234651761705,-9.321924788932304,5.6124651214295955,-9.272564391939344,10.236489861220337,-0.7307112680197263,4.245078455945659,1.3281519422823704,0.7865317677901755
rock.00038.wav,rock,0.35540056833906336,0.1113241343939651,2554.870739004042,2204.1385684643305,5005.493464646538,0.11703864600862016,138.96680604399538,0.7176682918807543,0.8403373944785506,-72.71155073813098,90.0501200290226,-30.4984516808981,48.24085485560436,-15.220559216789677,27.59774699524127,-10.401218230750432,18.282803732240872,-6.938125580063354,11.338771850351986,-2.211594316101225,11.035948583726142,-6.882937182541701,5.0323658485718585,-2.5535198129050976,9.722373707162882,2.9182616455192107,-0.33164037274240776,-1.923020452703837,5.46894298652499
rock.00039.wav,rock,0.3888700740498429,0.1701865421006742,2531.1067952983003,2172.6099669555388,4644.822908958244,0.10668682284227586,135.9240433953802,0.7314734042362157,0.7308185092542618,-73.14151424594881,87.074547567596,-31.045935272751397,48.353871909609865,-10.803745882544728,20.393372857140132,-12.242727967705862,14.431381559878169,-6.9337923904164,14.318664534815976,-9.440802370696346,9.983390922501192,-1.392012687861365,2.435640645617494,-3.193177324318821,3.3526466776503163,-3.9247007106485983,-2.5151037684445665,2.1782023562650803,2.9325126177894614
rock.00040.wav,rock,0.35578424407892256,0.156565340909143,2191.53795346255,2145.295984801367,5528.6152094348045,0.12912994542490197,123.26349062174015,0.8053883767932943,0.7800401120309298,-74.24149387513106,82.21560431845064,-25.346700602409193,43.71961490152747,-7.157001985775423,22.285913472264664,-6.2575552811203,15.08330861607149,-5.600289225496546,16.185099420362068,-0.8301385469569711,8.246903407621089,-6.572164299697379,7.756363970746595,-6.9014388631019346,7.717792526831675,-4.462389956832546,8.248129320628747,-3.7103372486544153,-1.226776908440061
rock.00041.wav,rock,0.4220274432850789,0.15366736006663725,2405.8269780840146,2546.9910612903177,5305.051775804355,0.0905721968398436,124.40174715179072,0.6309635799952529,0.6932839490629743,-68.26422239525382,86.17655293012504,-27.71751236543245,51.84481632448783,-11.676575615222983,26.590378428915773,-17.23388377451641,15.079044274225017,-5.106270515990039,8.49537379138435,-4.724985851486709,11.55839332184052,-2.67143951848454,9.1063889238749,-1.2032618428632744,7.5422316847846576,-6.3887846221730396,6.52086660621048,-1.145760318338768,-0.3492453525663599
rock.00042.wav,rock,0.42139205633259713,0.16067675399496079,2123.930335804508,2202.899470485013,4802.5817853888375,0.09352854841799027,130.34440151054753,0.641891859915339,0.8451983430206499,-66.86258964589602,86.85795192879877,-29.867274673818446,50.81234254545461,-14.827843168412027,21.82653341585037,-7.429671063140777,16.95262827105703,-10.052172921744175,10.746772898875262,-7.209283951295804,16.066524576485815,-3.9877046876484266,8.473313933761006,-0.8363428564141788,3.353917052178983,1.2896417988586695,3.176461607636441,3.490048858345446,3.0620238099562203
rock.00043.wav,rock,0.4111292004428956,0.10006403765761826,2164.973384782806,2297.1507113804273,4289.225950656288,0.11101326673262106,130.50366500349,0.6407337880112098,0.7885908122698626,-67.58056831023063,78.69085144939008,-33.82046704870397,46.99473510232997,-13.928829120102574,23.82416573519537,-8.332115643692868,17.43163373696619,-5.910095478286822,7.830372801586904,-4.565528435601859,9.078572472286169,0.38621564500630257,8.5231869121337,-5.007161804148087,9.55750382786512,-0.31010661240605697,2.535194982078561,-3.045469108307525,3.0056606211749157
rock.00044.wav,rock,0.41682383276838614,0.15406483747756883,2545.3564957120343,2261.2110901965852,5117.180101898804,0.12155041354394486,125.11138587799482,0.7292123843070221,0.7010023842306002,-72.29667426973009,83.99667132400653,-33.18251792685516,51.96592103256554,-16.514021060724538,26.360395776351737,-10.43949128740557,16.09255584553139,-3.5415090651045276,5.218199109217261,-5.588614690469314,6.758858990303674,-9.884261227399113,4.415804798726926,-2.9482873949907873,4.823958612380664,0.6898407694754454,4.358462456176008,-2.974215064162829,3.0391571484817224
rock.00045.wav,rock,0.37704516781611386,0.14163042930114494,2229.7492604871672,2528.0532791156866,4781.566732363869,0.0962471007548072,131.4352406407225,0.7454992996925802,0.7482102492854068,-67.73505416766776,86.61301101951521,-29.466075497438236,46.70604944825553,-15.220192071564226,23.394608690995174,-14.695495823383297,15.882194654209131,-5.323693878659003,14.62911356950207,-6.142555313829359,13.19224981817661,1.7177136635883343,7.051377394211518,-0.9254558807034949,0.21157011192762276,-5.774440184545973,5.27336308800056,-5.020199187555164,10.117606134167346
rock.00046.wav,rock,0.39793639061889663,0.1693166329371626,2394.1947187678825,2169.4225564245426,4818.416401238792,0.10581570719439538,122.89667729272792,0.7736953593381759,0.7964332883079615,-69.98505608818124,79.523094738949,-24.855645199002122,47.36198142993145,-5.872170054586892,25.957607089056584,-11.62986523019617,17.343465629494013,-14.057856551235837,15.0784272097079,2.700823712588428,3.7322995784698634,-4.862227029477123,7.683985631625421,-0.3743141125108078,13.31792702249661,-0.851353632213306,11.425375472646582,-1.488702569346013,5.354271456388689
rock.00047.wav,rock,0.38984706698480764,0.17440599566010173,2315.5357883779593,2497.2916165770716,4569.221187810251,0.09773243843022886,122.90605101648953,0.7270369246894354,0.7450937038416466,-66.60359892262908,82.36399571448507,-35.193947807433034,43.92814854086533,-11.017495861096043,21.091327970051335,-9.806466753437874,15.11563749025576,-5.5272678357402345,11.307702884650169,3.293045548351408,15.694351047455514,-4.945630541217078,6.6435962327150415,6.396978452425385,3.763447116014231,-2.165070643755047,5.067346759116282,-2.0070136934437226,-1.2161351615915796
rock.00048.wav,rock,0.39489807229027823,0.13059299817215364,2687.197824833814,2087.926292361768,5020.813074581417,0.06875819029572167,110.76493034927421,0.6528518433365893,0.6804579846929268,-65.6028207610317,84.87822449121431,-26.12277929726534,46.86064021596997,-12.181744451359005,21.823574049243298,-13.380419207295803,10.537449583246316,-6.992738018446175,12.786250244100449,-2.668061338142443,10.644754861424186,2.078587931581902,8.528082910032529,-0.02451985698563819,6.027672751002692,-4.725410102904167,7.153085510559909,-2.267443963461023,6.496129137788863
rock.00049.wav,rock,0.3905880962553404,0.13413973346419686,2614.8675755354056,2193.18580831876,5218.864192153426,0.1212241666728878,124.92324129267874,0.8124795562937852,0.7883429965502048,-67.44416866481122,82.48973292669224,-29.35709930383876,43.77575606992649,-8.86609845406861,17.95800503524648,-12.06425545888655,13.204874217401134,-5.975898754393286,17.771837837789754,-3.035254703937423,18.88385109085405,-8.13382052967652,4.096447602414304,-5.6793426948462,7.363734085887717,-5.08076712584975,2.745011737084923,-0.13854942821813587,0.2824843506585464
rock.00050.wav,rock,0.34600411961089694,0.14202922494019854,2339.111385832136,2531.802829099837,4684.776088207658,0.09119580023818653,132.65336093023205,0.7841115459026706,0.8688863268446995,-68.59263893540573,85.39109217988548,-28.274884779761535,47.19776158233436,-14.824302783126436,18.67766906316374,-8.319752129931999,16.63437683515524,-5.668882200895083,3.552568516568117,-5.141305123680638,7.432355480867102,0.5040875144607,9.842650746451486,-2.2972937675683194,5.704201091976927,-0.80837506960506,2.2154431118656865,-2.2991760430572974,2.26490983903774
rock.00051.wav,rock,0.4479946896494508,0.1793989551238168,2612.609496796566,2081.7440160122514,5302.454989299419,0.10481500012712906,137.78768111612916,0.7457916076101552,0.8163679208835692,-69.29864711099033,79.58310012513236,-32.30220981650339,49.12000661610982,-10.581834924780253,22.348520651063644,-11.122420639591802,11.19702266597383,-3.6220675599387206,15.341225196699362,-3.0436921442984044,11.220418562892672,0.6576471954403917,5.584967026055849,-5.739484668979976,10.184559358769286,0.9829401451243736,1.4195132417325436,-3.5940796447305985,9.067279393232168
rock.00052.wav,rock,0.3923500198464771,0.16574323036036342,2168.1906914941287,2468.196014416692,4503.160458980192,0.07230267951598972,133.81459168144696,0.8347556135707591,0.7891154150179677,-71.63965204556338,90.13254596873911,-30.584350107343823,47.80269382932822,-8.918128320678994,22.93924556091537,-12.962082828034598,18.446524672411265,-10.135568463137348,11.566195385633455,-8.957475805136598,10.556191265129538,-3.7957075383907215,10.90406082416943,-0.4282303900148072,8.654554025408746,-0.8172329216569616,4.780237658742976,-0.17133209301259034,0.6630034789930388
rock.00053.wav,rock,0.30953101784437076,0.17323835342425786,2534.832092449583,2327.1424418296156,5376.095512956095,0.09102753874580208,122.3560597433348,0.6524689821044666,0.7872163227932996,-74.74887423164427,82.69911517965387,-29.130854930291594,44.38754677223217,-15.980931216983556,17.36529726865631,-9.182580051795387,13.936494419973164,-11.297843750423462,8.114931822124275,-6.254640536615299,5.259533239325681,1.827139031446003,0.845766148493043,-4.3518574493594695,7.320720787873764,-4.326137012409664,5.636395211879346,-4.3988047248384845,8.590283391019447
rock.00054.wav,rock,0.3464336895767067,0.1029755211730336,2140.3000299093355,2419.5690594664684,4958.726467157898,0.11328199361973175,132.01395693368772,0.6690975720219836,0.7705981638115514,-71.15598632695968,90.65303825048996,-27.927533055937893,53.675060697535514,-11.477661882974559,23.809249815235347,-14.058084460956994,16.60455901344623,-8.182607516648691,11.719058143985357,-5.627297230697749,3.8426118772713327,-0.21748055039603376,7.848639532348048,-7.242759348085926,8.445288127220936,-4.567508505819585,6.6864218689123485,0.6449693815373818,7.0589094720079535
rock.00055.wav,rock,0.37517249820035536,0.14172444543962964,2274.892327947066,2219.9399040771104,4993.969477526179,0.0988598540641239,121.39756947342268,0.6284972196957676,0.7498030809124059,-71.3025928538315,81.5758990801544,-27.508286959735777,53.31627825247575,-11.112235358047325,21.83943596497187,-11.15068905376981,20.621286855062383,-11.52109892833248,14.347785380055676,-9.34424962443197,15.052112882293986,-5.290943574252969,14.687131173571439,2.18419139592549,6.680708471255836,-4.158216119331232,5.5843264156727415,-2.5404768999396916,2.7952991092432216
rock.00056.wav,rock,0.3302566023626511,0.13970892832690826,2177.9041756487522,2449.2965871565425,5346.874960809098,0.11311026005885394,130.73900071702005,0.6517674346287279,0.8005412913189206,-67.62170456906688,83.2412932768008,-29.64304073581498,47.56361523219023,-9.012899991168545,26.554644405793574,-9.172521164754826,10.849918798103696,-7.481488019697251,11.53495971322629,-5.490971331709618,5.3097595817750785,-7.263305866892709,7.795947536282652,0.3430673345713835,5.22842629048173,-3.1998161813128023,10.343275985858623,-2.8904671675035094,3.613631428439258
rock.00057.wav,rock,0.37654265653844776,0.12308989707190979,2514.359624683023,2232.482298654819,4989.475284036092,0.10866559446626696,143.54046071228314,0.6145783964363005,0.8815258369243728,-67.39383023147809,83.08535568166218,-28.201488455844057,52.930308453875675,-16.294913627637325,24.724409391405466,-9.785595908180644,17.60253656486065,-5.692124717851962,12.498914484756522,-3.459691440955993,7.26557904962883,-3.5079895190813275,6.570976202958457,-6.689486715462262,5.472566351689299,-1.1916308234058257,6.307391829110579,-5.805377362768313,1.1869698498253873
rock.00058.wav,rock,0.40173968839079666,0.16016296185231726,2577.4205324092704,2596.209476891781,5188.260488356709,0.09577788559243691,128.91879566465533,0.8527917680741905,0.9216679336317268,-68.61071090277292,86.60666241643392,-27.82287489900775,48.07137853745809,-10.508438292972128,27.024135878198553,-9.93687065855355,15.045940281983153,-12.56208916213141,14.19724064284275,-4.361425054321688,7.786696808037696,-7.389760794983881,9.984298548149756,-7.803708964850895,7.898923562331415,0.5306512275066808,6.6496786592498704,-3.172219323075321,0.25187654657525727
rock.00059.wav,rock,0.39761057719385573,0.1740104618390684,2285.453329051392,2441.243476052715,5553.530291556133,0.10708270644662414,124.8249588409777,0.8032682832050526,0.7312155469457757,-73.89457604515907,87.43696357343794,-31.21848679045069,47.05043695798895,-15.880821906653214,22.58154781333775,-6.7908997174194035,20.987496297351,-2.6150640915661727,15.270361863532537,-3.6011862206802867,5.7031432242006606,-4.56257410870105,14.470263465871064,-4.306864736257962,11.542433424316826,-1.8348925429083651,-3.0344271575594384,-0.07854330899311157,7.798764088534934
rock.00060.wav,rock,0.3785301209407837,0.17466102008970827,2066.4344971165824,2100.5984324981137,5071.70250782999,0.10915672091726297,138.85263094873824,0.7711139573398849,0.7610159115895162,-69.36086313377685,86.80218233586444,-35.622701996091386,47.86909959078596,-15.006747631814674,22.035920778762765,-9.503668844741982,12.550955420326229,-6.749361463989052,13.678473387626683,-1.7487100692170792,6.629742211622186,-8.515702655063642,8.836710822017036,-3.858813701603105,15.707950787481163,-0.6245045712712041,5.174485135112545,-2.5184838670292464,0.3458144636816529
rock.00061.wav,rock,0.3969164465886379,0.14841709947458404,2384.337263314113,2366.999798589758,5077.424385471036,0.07591116531123718,134.69618405096745,0.6522844500147261,0.7982090803176964,-66.14228523800413,90.33834577681034,-35.10148331587918,48.090734483023944,-13.181260444501891,19.47740992142566,-8.592225906745504,16.348788032242517,-7.417521212915011,9.247341244974194,-3.7613400698559545,12.514671869169813,-3.6181063488221987,6.458192297110839,-4.3082079541390925,7.661187121377897,-1.8536078648581118,7.7144663573581855,-3.4407748625724976,0.34485819177752486
rock.00062.wav,rock,0.3907815823196151,0.14044940294002592,2556.7363898072736,2351.356953482368,5229.184621527688,0.08678524429903818,129.14709010583857,0.6640589434092866,0.7232829052430836,-72.58332363421304,83.36656872467242,-26.265916418928445,46.287178801522025,-17.81462075083467,24.394432267490007,-10.912458017966976,14.523840963969405,-8.48367039753838,14.928681257989712,-2.9878827038024705,11.752690620621193,-7.551036353560691,16.659644185145968,0.15375663082266566,8.551085689572615,-5.492935323191629,7.843190338202323,-3.5033855308979844,3.4171875860921035
rock.00063.wav,rock,0.3295766217182215,0.1251703382811898,2487.709299765427,2531.122241548688,5239.716546928263,0.11176228495114422,127.48186834432235,0.687463438770703,0.7925017634694785,-67.53577503069918,85.01458676480077,-26.369243940259786,47.35479220855198,-16.940836805888154,23.968913273876996,-10.682083165221295,15.753909798170772,-4.158033317353216,14.415905942172117,-9.29282296586513,14.603101042594858,-12.224251182487517,14.453073118557493,-3.861916540670629,6.431296790045499,-2.18004871692092,6.155616298520542,-2.0007896038005293,3.599814433488198
rock.00064.wav,rock,0.41926754928068555,0.16131192159501698,2208.239229125848,2483.3213045804305,5183.437451114169,0.09382089411628171,134.3371074108973,0.7073941919021568,0.7926804791846097,-70.7467393522988,77.7156458291428,-31.580097998803804,50.139519726376804,-14.067233728711289,20.14444071043275,-8.106106234423887,15.104199521369813,-11.664726471984569,18.618037385013047,-8.159517783463267,12.638474533857131,-6.307942302563814,8.407480503721466,-5.706542890104527,3.282087456179024,-0.43339236598577235,6.215871635403202,1.4339483326571933,3.8968542091124108
rock.00065.wav,rock,0.4466105538237948,0.15536693334874072,2513.3549362474423,2105.482735880699,4785.070489707115,0.10979519550773965,127.32617790069133,0.7350146508027708,0.7366484793418828,-69.63415907958513,85.35563767477521,-33.54130505965572,49.92764953404177,-19.100194840753907,24.55271424179305,-5.703221918523498,18.041651613457248,-5.977102261888687,9.307719975153946,0.3071861594585821,14.130154283806865,-6.530770068686701,6.5757102745553695,0.7639681347800638,12.388442134950273,-5.794058105270865,1.98886769082627,-2.4313602692665084,-2.5132820883275455
rock.00066.wav,rock,0.3805713548062827,0.17371487028059968,2112.27259675285,2372.8792536955157,4796.38025325164,0.12659918923130875,123.44166510293559,0.8415194470198866,0.733033490595447,-67.68647258399761,85.75583685508809,-30.414817999542905,45.62841429283807,-13.030713736046321,22.678394212545264,-13.069298674424413,20.41816822412716,-6.357409317520318,13.930916855721609,-6.174795555836788,9.442064958750086,-4.745730002053335,9.011716737502931,-1.0745896444724827,6.909245889065285,-4.377934982541923,7.281711371079647,-1.8997883953749912,-0.3225091363129424
rock.00067.wav,rock,0.31594115749760937,0.15595794350920947,2234.105240224459,2427.5911832913616,4728.533591897623,0.1039977865874251,124.97278777630326,0.8601536648218644,0.8161637370520693,-65.95810929943652,85.0721433073572,-27.532917182655357,48.27495023280343,-9.591225897698822,23.78231380423118,-15.19246802108238,10.004135424238184,-2.9950666413064555,13.435513422452578,-3.367229449874775,14.468943526874746,-8.955204831177866,6.924196354304576,-3.7082094888451005,9.226825699621045,-4.077920675302648,1.39587876945563,-5.631045952991322,7.448254228816061
rock.00068.wav,rock,0.3577240371859065,0.13895965031356378,2526.899630145581,2224.189826517718,4403.268052035525,0.07827448239412652,127.54554082627634,0.7597862744292176,0.7681835159060152,-68.7086718885728,80.16148742197709,-34.635910622904326,54.761807748882724,-10.30164718358996,26.306915675695553,-12.979174012203318,15.285981427808649,-8.0050319514008,15.94303834114957,-3.791651700664725,11.577741403863405,-4.5029648053525,10.377995200520253,-2.0930317577061803,7.132068198237041,-4.229252516558814,4.659284773695103,-5.238598111339867,3.879582982039136
rock.00069.wav,rock,0.382667340738947,0.10190963230787373,2353.9320921798994,2138.341563171173,5174.523763930843,0.11155739615326492,124.58928145867746,0.7639217669697532,0.7967631522867935,-70.6891475182353,89.60286092591097,-32.175224811019504,52.414097109759496,-14.675598287549617,21.470020940322097,-12.054645427413147,12.70183231681203,-5.646326397832391,7.191693065774171,-0.831174338693522,7.19239839476062,-1.4900398844621368,8.072677583181404,-2.1875541508512115,5.229869886167909,-0.941575999000603,5.404922865652592,-6.3737332045079835,1.112499991200226
rock.00070.wav,rock,0.36377263666970583,0.134900069637471,2650.56218907673,2351.2625530925498,4727.465028326042,0.0946384526399544,123.96429533162346,0.6969560422395947,0.7110996372576078,-72.44179333179196,87.29982073349264,-29.44397068989926,47.5429873603794,-13.9921315480547,23.863317730273767,-11.627393314194933,17.55131451612244,-6.670520042456222,7.284711080318354,-5.394686557727729,5.482541801977705,-2.0932683896328808,10.30299967055085,-4.832336692925089,6.6497231339958525,-8.334320891366737,7.918369442276079,0.12902122075420586,7.450255785212578
rock.00071.wav,rock,0.424596324210113,0.12551781414046448,2577.6088403276885,2616.2747999953226,4476.897745139768,0.09943183182231428,125.0927841341646,0.7884369491353198,0.6494008871859133,-64.55212691130342,84.66238880741622,-27.251716793948564,47.81928828692523,-12.523624847060978,17.03574522415155,-12.15464711840213,18.543283634031035,-7.133802959858916,7.089476721819727,-4.815725318370161,7.543773022415485,-6.716257753520313,3.4379171800498467,-1.1438921342786104,10.339043331806906,4.360429402488535,0.5778548247712152,0.302116483679427,6.499514111262725
rock.00072.wav,rock,0.36258485968345977,0.1316484322918134,2182.851535806614,2255.0764161771613,5070.917558549582,0.12240168015760218,136.84270670408094,0.5907666444585069,0.7737179877102778,-66.10107887707159,82.8067215022148,-30.170742490230527,42.88413319615774,-10.540899753461156,18.261755382445834,-15.928431742359857,19.15245118251011,-2.239814961300329,11.128166745825256,-5.140588435588475,12.724838679348965,-3.1316565559078526,6.880345461870007,-4.456360864157078,2.299606127545049,-1.3011746836393399,4.724249533791571,-3.3135385373380424,0.9945556133128344
rock.00073.wav,rock,0.3529840744011971,0.162367538410134,2576.3327296818093,2291.119091867689,4848.632149363767,0.08919527930078694,135.49456034859406,0.7224796615724726,0.826499650273591,-68.92458960971962,84.07689513839819,-33.49608029953026,45.01160053294224,-10.616343402057646,21.822947055448285,-12.23108695924505,12.59682839388637,-11.64819955677922,9.692505008913832,0.0652215527333766,11.974112173577288,-5.580366614270869,11.248630383655986,-3.4568966198893394,11.063020140975514,4.63519105118864,8.084485217798573,-1.7163471343322678,6.097929620549079
rock.00074.wav,rock,0.3804521365784664,0.11328003272049914,2269.0749171575912,2178.713512782421,4763.123135359195,0.12890507148959165,136.97719794283728,0.7552707841153318,0.8542816398082076,-75.67634045771757,87.18455113926859,-27.181127051393496,41.28075843693815,-11.704289738661803,19.727779071998746,-16.910016069338095,19.978954650578736,-11.021147142837027,9.852159781846868,-2.031186371727964,9.084285183242796,-4.540496121187247,7.393739280686212,-1.9572036870756433,6.320996750827971,-1.6576217769226984,3.489325623761882,-0.9445412303619141,4.941529095713702
rock.00075.wav,rock,0.4369365751305255,0.14237498100652596,2363.166896439004,2392.9883786686673,5337.552475510152,0.08562622270234198,128.82861217420054,0.5193739171155947,0.7695306998171322,-66.78181890970191,82.82157269095805,-29.469487154144065,46.41328327684919,-16.57820659320105,26.914457994804305,-14.135776069536961,16.87889588158928,-7.074945137701524,9.444601448884129,-4.532944229127114,7.195156487596068,-2.4346243752725254,4.055162856071319,-4.018816509575523,6.241685021026301,1.3388660146320097,5.420129215135677,0.8650404703361776,5.6640731454696365
rock.00076.wav,rock,0.3964490900268728,0.14336133619539865,2604.181176704977,2285.8893263256396,4394.561082024462,0.0987781924729966,131.62781123715254,0.5914699425029749,0.7493491742033027,-73.69176532053207,87.3601513141269,-24.981412088962514,47.37090253736035,-12.405408910795222,25.51655809769917,-6.338609160680115,14.042341288142179,-8.659636894274973,10.977694051727825,-4.773898279879211,17.512950406350427,-3.9075666544080603,5.43586804217882,-6.463491680679358,10.75793502193914,-4.577763511934237,6.990760877597286,-4.039073987775884,0.1999217902504844
rock.00077.wav,rock,0.39815598800905466,0.13738510266472936,2485.0851278477785,2439.870929352288,5191.192835754364,0.09797776974085219,133.48946845203767,0.6461962937241533,0.6778809941419346,-67.87932348063967,85.4967715145124,-31.830234732041912,43.58654171407486,-20.10973489650603,24.155230044626915,-6.053642102810143,15.584327750707061,-9.084006160074637,11.926896472512471,1.5376153357263096,12.2557126799594,-6.800725755101167,8.08431171170631,-2.002689266535177,3.8309834002634653,0.27740986702767945,2.5465736085669386,-6.532837302020212,4.228400661519335
rock.00078.wav,rock,0.37753532421528935,0.1499795619559461,2247.0710764674423,2237.4797287832125,5394.956331129189,0.10861628422501121,120.34603138738171,0.5639442484463913,0.7055767975970708,-69.52810278351943,83.10420484493667,-32.128950615530464,46.23251868320801,-14.218122688208863,26.353883738875048,-11.00125761183708,16.18581106455295,-8.674581091648461,10.501929503535782,-2.317277386040211,12.227206203532589,2.13583975299815,9.831692895167759,-4.495242965422389,4.28604607266943,0.8588357821348493,2.5550393470696697,0.42921005956621316,1.7202580183221583
rock.00079.wav,rock,0.39047475151361843,0.12880497570267274,2555.9770708664164,2127.9391020083353,5095.535065327345,0.09903240098659481,128.81445149781007,0.6883356932670692,0.7620911957482381,-69.53565638797069,81.99358486573044,-33.02406618500003,46.924351501084764,-15.192410419157023,20.98381060858688,-8.227355921256006,14.996579744705185,-8.679986608988335,8.01741502209136,1.2149075638363582,17.28120218666474,-6.341195735213044,11.678259143507294,-3.2754401512127713,11.811308778439319,-0.991300740798841,5.299286506302197,-9.497808618855746,1.3641820797199506
rock.00080.wav,rock,0.3806156200872483,0.15397332505407957,2157.033257212523,2218.82112483827,5193.706456037787,0.08125183905399963,129.06983778978832,0.8190362825191244,0.8032853731672972,-68.99353977050207,78.9395456524667,-32.46573832925369,54.16260550077312,-15.797485752637797,27.793428628641202,-12.832522668068847,15.16653849547161,-6.453239463939445,12.302079047982028,-3.8554626469967603,7.544829235819039,-7.4088105684062695,5.342385156828496,-4.5969544243871,6.3121558538277664,1.1118261419194617,5.262024368075144,-0.5462086924742451,4.424803037740396
rock.00081.wav,rock,0.3465369723941367,0.15034539052011298,2426.156422038307,2486.786179841435,4625.994175624787,0.07139383702277459,129.41011052136398,0.7483080001270704,0.7763186741392625,-69.91593729781962,87.63631713574841,-31.376416729582527,47.164077473524266,-13.762890666158505,20.340555962491973,-11.455691675143264,15.808770047997381,-3.088873357039178,11.105653027114618,-4.399966280166598,12.755852816169227,-6.512454175931285,12.127221160628498,2.2916106961718334,6.913311137053975,-3.6182781843781404,9.881358273171164,0.3868926183044441,4.245907613991508
rock.00082.wav,rock,0.4228053145884711,0.17641984377098638,2332.7486092083554,2394.771373593847,5201.877370774085,0.10243095044831776,116.87303527276576,0.6449392397041402,0.6703607429998603,-68.521227090928,81.44694304862877,-29.422745787547708,53.49571147882547,-9.716689445263562,18.487750059198063,-14.83610441231302,13.670450727460423,-11.507071067658103,7.038556868034799,-5.0325210191757215,12.115301648249691,-1.137897883831338,6.576571487768572,-3.815711100946775,8.067031735374266,-2.325456685517447,7.431820328287406,-0.7089054114964597,2.8710867294579128
rock.00083.wav,rock,0.3243009106503967,0.17998063210963985,2262.783542111136,2414.360556231447,4329.192915948316,0.10183025124921292,128.8020956868976,0.731888165803813,0.9336975229617658,-71.8933551213803,87.46199268087008,-28.430302643371867,45.96408302199724,-11.58299179045721,23.507037189207594,-8.374270347269844,21.882887870265144,-7.547603328097701,11.156624312794646,-1.8453314485687606,14.189959497803024,-6.649772618176148,6.641128731385774,-0.9737301844762141,6.603903968755842,-4.862996038960361,6.6220844836861845,0.014469147120317771,2.996842732309074
rock.00084.wav,rock,0.3818404629599371,0.1384685386210776,2180.9525148176053,2260.5283708069264,5025.876322561568,0.07987366167796055,124.60789654998273,0.7270264104474191,0.8270126075686786,-70.93777706440159,81.26229294967233,-30.628980038093186,46.30029208772973,-12.34346433482791,22.986284020913313,-19.13169986473781,27.074873503593416,-7.572910125227211,12.267574530925737,-9.624229915991096,5.606292202115164,-4.275846873019097,9.00851399693492,-0.8936575824697433,7.712312971954781,-5.557826609504403,-2.5133998272401463,-2.3006670481346156,2.398075988172616
rock.00085.wav,rock,0.3421228482766315,0.1665611644821125,2084.8846501640023,2461.054391102185,4506.451708743882,0.10401133028374995,135.47179457614897,0.6929653347518181,0.8925152213858997,-64.24634102321949,85.71152500005897,-28.37584388822918,51.18212659894956,-12.366720882543532,25.31172965279563,-12.572208208328263,10.937931474466863,-12.170286239748432,19.147102076284558,-4.032623126584998,9.262949555826005,-0.21001822264627235,5.7516260814145115,-1.2506751977604362,7.2315761006801145,-0.6199174966891925,3.9907703921184297,-4.894082921871141,1.531386780581074
rock.00086.wav,rock,0.3564834739321911,0.1499405937535569,2088.7729639052113,2125.4628492960233,5047.433504135221,0.10008487433379126,129.5218522740536,0.7163965172533513,0.9116544563721116,-69.61978469802737,83.86276105153817,-29.69660464391547,51.05986512753099,-14.148885168132395,26.054185075908737,-9.81186210679335,15.128753269472067,-7.667372603354144,16.796766342576227,-4.270765114886107,7.041936927486789,-4.958531281398626,1.6572582508015845,-2.58780387974136,10.936187031348442,-6.024217304401562,5.449198203524147,0.9562954176078597,7.273415899589453
rock.00087.wav,rock,0.41839403516827495,0.11263492337308992,2500.986190922362,2078.998266682971,4650.5837521996355,0.11431683389412758,129.26437697481293,0.7781068859391499,0.7382855834154636,-65.57919066951138,87.06500180152315,-27.332105642119622,44.759499671654595,-10.485796279362145,23.05151527007879,-12.833678810436172,17.876390620136984,-6.250364675636183,9.459543456727987,1.1689030305775603,15.443051729169325,-2.1848945775646915,9.291210268195066,-2.0106413212191114,2.3500101219439857,-1.6615778362356115,5.298624745687244,-3.7280350587151436,3.071952483995247
rock.00088.wav,rock,0.3085612281585358,0.12805454139750017,2584.365258301458,2661.615442295085,4669.81676014648,0.10474272982463907,136.78705863517854,0.6783827979284196,0.8467638787436503,-70.10136908674048,88.57120596527605,-33.84735221900587,44.68627011369704,-13.161382493171567,24.28861829970131,-11.16897168947999,17.72750248061345,-10.79194869367321,7.891693165135714,-6.5003243240861766,8.835164323905703,-4.8512415431737335,11.80713713406163,-0.6887482596023724,8.599719607466287,-1.3340012161120667,3.6974346328533345,-4.561835470350335,0.40852773792393693
rock.00089.wav,rock,0.35916479448587973,0.14914156023278022,2169.0031599634667,2380.5135563925896,4931.946655467525,0.09604052382685195,137.2922632096931,0.5231505102221814,0.7956595097721026,-77.05731233688843,85.71568801878833,-27.71345525040322,43.946681387358595,-17.66917275167417,18.905100504868635,-10.809074021860496,14.977635171387918,-8.83596419117478,10.896085081542356,-7.920797193103817,13.39562207168811,-3.1829779596051178,4.4460093896671875,-5.101640447497505,4.383793676597573,2.2177837104191847,7.133657818048596,-2.3794683707676585,9.121663554861577
rock.00090.wav,rock,0.4235613078559755,0.1453857821171646,2317.886935575238,2284.7744879384773,4666.538691410874,0.12800961672700745,119.94869997552898,0.7894643452341952,0.7843347814536752,-70.9145979346707,90.43013531099335,-34.677288963244585,47.760926097063326,-15.467120494821513,26.88177945081256,-9.939302406874496,10.818114464000523,-4.2815616687606415,13.456385168773703,-8.106475585888791,8.950962685640823,-7.899654744916246,7.48748592315056,-2.5496460979205313,5.996058524098155,-3.3513934996185624,0.1617788928464634,-0.9882756154903758,-1.7733637905888582
rock.00091.wav,rock,0.38093238554711784,0.11401688351935077,2410.100978097257,2348.898579174205,5141.17073868749,0.11493428575202388,136.38070737800751,0.5911965920499256,0.8085173500108741,-63.967177346319836,85.35730170549313,-32.49404442090394,47.76089662068199,-15.150997820942184,20.470625528603538,-8.392687435378976,17.75305767482609,-12.003527216336384,11.720176248549294,-6.699390947546368,5.195222456425099,-8.244458372427957,4.2021205285990035,-3.175289260328391,5.62614099938993,-4.87756388628774,3.8243509111371465,0.24260491553643204,5.070088291816167
rock.00092.wav,rock,0.4100560642286571,0.14543374270561502,2720.5114381363287,2412.654379065729,4828.878901830513,0.10339427714535553,118.01539237928147,0.6955051891001784,0.7640564329336359,-68.16499147570423,83.7695133315064,-21.798328717432096,47.483376770534136,-19.03518212642946,27.639801576025494,-9.17861808845097,16.69506646286575,-9.394762673275334,13.180039548079325,-0.1429512620071085,10.604898812020437,-8.410100760432778,-2.360062249563299,-1.8463213180848435,4.042259376219676,-2.299138152187412,2.5727671309598024,-4.642726952589794,1.7041776001411986
rock.00093.wav,rock,0.35975373920250303,0.16552471976965671,2514.728758627317,2132.5620118939887,4624.892845771547,0.10768682856704058,136.42001892348418,0.8029713087931301,0.761429628924054,-67.03206570429933,79.67119109704345,-30.608653251030116,49.461079327825956,-20.236415039124953,30.278570772256387,-7.019914451070153,17.941011917081767,-10.895084622694764,11.795689126268602,-2.6287394907109345,6.6320152990005585,-4.541422693714051,10.731151549432948,-7.483785005319151,7.9972741330613655,-7.264308888863541,2.1684597332640396,-3.513777817028283,5.540666838156335
rock.00094.wav,rock,0.3589763269248139,0.15251096782658302,2262.5543724383533,2254.4889810192726,5437.731527725152,0.08474657732636642,134.07323179157748,0.7199148891620014,0.773996934773016,-73.65256849723035,81.56129107870272,-32.21593507427384,47.54983677833658,-12.189471091530796,23.09928222023291,-11.699932555646656,15.748029330033086,-6.569666925683814,13.93440845758953,-9.160896426715544,9.153775870770065,-0.31778794795623533,4.051640138840137,-2.777061328653123,6.487467988609658,-3.7000267698098344,9.772347953130074,-1.8894925733963763,8.533435215832942
rock.00095.wav,rock,0.3801688161573323,0.15920511778635463,2284.555698214604,2248.1031384464045,5143.271635587101,0.10841546186450386,132.78389653273484,0.750134262956366,0.7311185656475513,-72.41910603013724,87.54982865844609,-35.87539609621001,48.87782172451681,-14.335640297207544,26.54874560241708,-9.750136441787735,14.008059160874614,-10.12805011490499,10.431649581009243,-3.259810857888117,3.093358961334266,-3.527861666928816,5.350896238317898,-2.427494106578229,8.033493359510107,-6.986979748786062,4.319400718998106,-1.5332889295992598,4.263850285825443
rock.00096.wav,rock,0.3763339714065211,0.12558224960371978,2186.2743938706917,2101.951481904307,5193.915949793914,0.10026643737290097,127.5859740856583,0.5835605244924085,0.7767672629581583,-68.09908878405196,79.47448127627716,-31.60621877623491,43.28895260536558,-15.260846224189661,21.29702430728723,-9.857273499075191,16.507718690279177,-4.125486783097867,11.837766452098519,-3.98453659368718,8.326877555054567,-7.309193953685737,10.50428730407026,0.729765160641239,9.11696709771476,-1.6063156306114024,2.0777193365441713,1.4248845202808385,5.738527946911036
rock.00097.wav,rock,0.4407463582798834,0.12691152099520187,2572.513300249476,2448.839170877464,4880.29047991318,0.12245752320304655,131.21876118739638,0.6450485577230677,0.786153403639016,-72.84657642130934,83.59445285384346,-27.8885215393808,50.96782213570265,-13.336362998631905,21.749775370231404,-9.855174738813929,18.17019891387291,-13.916335235719153,12.349436325092752,-5.570569395197993,12.861133766228717,-2.842932505415503,9.453055104418358,-4.445732899142887,7.004955151397308,0.8310549094116646,4.8053608010891695,-1.475991332805278,-0.6078718953261983
rock.00098.wav,rock,0.37794379891018354,0.1097600006378778,2296.7710261283487,2361.4328003908417,5268.4607780696,0.08701260084822035,130.9894731477608,0.8374794723489702,0.7591733310183219,-74.64115876516797,85.86951987117126,-33.57599101960888,45.54300427957944,-11.229989174892541,29.630697826130042,-14.002070349024455,13.78774077995376,-9.319606887226458,10.35657583942372,0.7998775414361043,8.40829651093664,-5.163255743578387,12.848532419524476,-1.2699710653820966,9.957697698847733,-4.718338619067174,3.409460950472792,-5.119155073036881,6.403784638107448
rock.00099.wav,rock,0.4167572962335033,0.13800451261636973,2327.1517354191446,2292.3117882930414,4458.471602352638,0.09189266883360518,134.18612971810882,0.6499665196443924,0.8078470795531574,-73.92405692339247,84.5679972666134,-31.689963463758023,44.334985548648696,-11.628841711534665,26.539882083603057,-13.908616136707925,15.351449607418818,-7.867043950782652,6.555714638616452,-9.191278179182095,13.858853309100343,-7.1953806895077115,11.774549324755087,-7.036241023149993,8.976483331421209,-2.933909322531006,4.4877011925369,3.567807740601893,0.23744009704395452
